step,val/test_score/rlla,val/test_format/rlla,val/test_correctness/rlla,val/test_length/rlla,global_seqlen/min,global_seqlen/max,global_seqlen/minmax_diff,global_seqlen/balanced_min,global_seqlen/balanced_max,global_seqlen/mean,critic/kl,critic/kl_coeff,dara/pi_correctness,dara/w_correctness,dara/active_groups_correctness,dara/pi_format,dara/w_format,dara/active_groups_format,actor/entropy_loss,actor/pg_loss,actor/pg_clipfrac,actor/ppo_kl,actor/grad_norm,mfu/actor,actor/lr,critic/score/mean,critic/score/max,critic/score/min,critic/format_score/mean,critic/format_score/max,critic/format_score/min,critic/correctness_score/mean,critic/correctness_score/max,critic/correctness_score/min,critic/length_score/mean,critic/length_score/max,critic/length_score/min,critic/rewards/mean,critic/rewards/max,critic/rewards/min,critic/advantages/mean,critic/advantages/var,critic/advantages/max,critic/advantages/min,critic/returns/mean,critic/returns/max,critic/returns/min,response_length/mean,response_length/max,response_length/min,response_length/clip_ratio,prompt_length/mean,prompt_length/max,prompt_length/min,prompt_length/clip_ratio,timing_s/gen,timing_s/ref,timing_s/adv,timing_s/update_actor,timing_s/step,timing_per_token_ms/adv,timing_per_token_ms/gen,timing_per_token_ms/ref,timing_per_token_ms/update_actor,timing_s/testing,timing_s/save_checkpoint
0,-2.51875,0.025,-2.54375,0.0,,,,,,,,,,,,,,,,,,,,,,,,,,,,,,,,,,,,,,,,,,,,,,,,,,,,,,,,,,,,,,
1,,,,,440914,484460,43546,455025,455026,455025.5,-0.00021626919624395669,0.001,0.16015625,1.0,82.0,0.0078125,4.527692569068709,4.0,0.5900691786120015,0.013801739355849644,0.0,0.0,32.084607005119324,0.3628153020381831,1e-06,-2.448647975921631,3.0,-3.0,0.001953125,1.0,0.0,-2.450601100921631,3.0,-3.0,0.0,0.0,0.0,-2.4487624168395996,3.0004899501800537,-3.8432912826538086,-4.948087495293407e-10,1.0,18.571537017822266,-6.164030075073242,-4.948087495293407e-10,18.571537017822266,-6.164030075073242,120.4599609375,1024.0,1.0,0.00537109375,768.26171875,2048.0,418.0,0.0078125,45.779971447002026,11.735909691997222,1.5477874259959208,45.394176519999746,104.56799889399554,0.0008503849927069587,0.18556789749171887,0.006447940660466953,0.02494045746886699,,
2,,,,,439534,472680,33146,458157,458158,458157.75,-0.0012602887582033873,0.001,0.162109375,1.0,83.0,0.03515625,2.1473497877875207,18.0,0.5407544662555058,-0.08703673404331008,0.0024724059117337068,0.00013297242476255632,94.62053406238556,0.3947526876172803,1e-06,-2.4732794761657715,4.0,-3.0,0.0107421875,1.0,0.0,-2.4840216636657715,3.0,-3.0,0.0,0.0,0.0,-2.471846580505371,4.000669479370117,-3.002415895462036,-8.309108956439104e-09,0.9999999403953552,9.172314643859863,-6.1875529289245605,-8.309108956439104e-09,9.172314643859863,-6.1875529289245605,125.53466796875,1024.0,1.0,0.0048828125,769.3046875,2048.0,399.0,0.0078125,50.717964128998574,12.188678760001494,1.2580415289994562,42.0515158010021,106.32288772700122,0.000686467449802746,0.19727324191057224,0.006650918139004248,0.022945980833567747,,
3,,,,,430275,471055,40780,452260,452261,452260.25,0.003639870323240757,0.001,0.23828125,1.0,122.0,0.041015625,2.410295378065479,21.0,0.5573446904459307,-0.024982706093484717,0.003846239993318675,0.0003574025805949444,30.778779089450836,0.38198410899259966,1e-06,-2.230330467224121,4.0,-3.0,0.01171875,1.0,0.0,-2.242049217224121,3.0,-3.0,0.0,0.0,0.0,-2.228964328765869,4.001002311706543,-3.0023765563964844,-1.5342269676921205e-08,1.0000001192092896,7.747126579284668,-5.429933547973633,-1.5342269676921205e-08,7.747126579284668,-5.429933547973633,115.57861328125,1024.0,1.0,0.00537109375,767.7421875,2048.0,421.0,0.00390625,42.05994588499743,12.008691681003256,1.4899216769990744,43.29830134999793,98.96337180599949,0.0008235975176898006,0.17768930054285897,0.006638153408907403,0.02393439471520984,,
4,,,,,446785,466861,20076,457217,457218,457217.25,0.01674395427107811,0.001,0.45703125,1.0,234.0,0.033203125,3.710081654405054,17.0,0.5859475126489997,-0.07368048753414769,0.005199664235988166,0.004273029645617044,30.642948031425476,0.37860264070480065,1e-06,-1.7095919847488403,4.0,-3.0,0.0087890625,1.0,0.0,-1.7183810472488403,3.0,-3.0,0.0,0.0,0.0,-1.7061312198638916,4.000275135040283,-3.004437208175659,-7.858519168735256e-09,0.9999998807907104,8.572617530822754,-4.916345596313477,-7.858519168735256e-09,8.572617530822754,-4.916345596313477,106.18603515625,1024.0,1.0,0.00439453125,786.81640625,2048.0,414.0,0.001953125,38.08684114700009,11.998153209999145,1.4879691719979746,43.71693571400101,95.3912708390053,0.000813600740128448,0.17513687535694783,0.0065604224304743235,0.02390380924713635,,
5,,,,,418463,469296,50833,439239,439239,439239.0,0.0358172245323658,0.001,0.66015625,1.0,338.0,0.099609375,2.5743836117393535,51.0,0.4881813073980397,-0.019387601360935588,0.005653134988749336,0.006616262733336169,4.5760016441345215,0.38045216648014313,1e-06,-1.078529953956604,4.0,-3.0,0.025390625,1.0,0.0,-1.103920578956604,3.0,-3.0,0.0,0.0,0.0,-1.0759860277175903,3.9989728927612305,-3.005751848220825,-3.5477993876043e-09,0.9999998807907104,4.838163375854492,-2.503106117248535,-3.5477993876043e-09,4.838163375854492,-2.503106117248535,100.802734375,1024.0,1.0,0.00439453125,757.0859375,2048.0,422.0,0.001953125,46.83889087600255,11.598356471993611,1.3037058909976622,41.74838629000442,101.58540081200044,0.0007420253500928094,0.22688424403713622,0.006601392676876149,0.02376177109159502,,
6,,,,,438395,449359,10964,442324,442325,442324.75,0.06926489621400833,0.001,0.69140625,1.0,354.0,0.197265625,1.8721513013240958,101.0,0.47649553258504185,0.021939106518402696,0.0036781213046716793,0.00022468141157462793,8.230791449546814,0.39415488369357377,1e-06,-0.2298482209444046,4.0,-3.0,0.06005859375,1.0,0.0,-0.289906769990921,3.0,-3.0,0.0,0.0,0.0,-0.22853267192840576,8.310018539428711,-3.0060842037200928,9.52172563017939e-09,1.0,3.7109508514404297,-3.7297632694244385,9.52172563017939e-09,3.7109508514404297,-3.7297632694244385,100.15771484375,1024.0,1.0,0.00244140625,763.7578125,2047.0,393.0,0.0,35.628833939998,11.838904415999423,1.3351980199950049,40.59321685000032,89.49201098100457,0.0007546480385706457,0.1736949729674293,0.006691296618603991,0.02294310732668719,,
7,,,,,424664,458363,33699,443823,443824,443823.25,0.06954613327980042,0.001,0.720703125,1.0,369.0,0.330078125,1.4776440547921958,169.0,0.4446332483522354,-0.040686781608289285,0.0038035684077429677,0.0003352463531735984,29.470298528671265,0.37641283850222845,1e-06,0.17880921065807343,4.0,-3.0,0.1220703125,1.0,0.0,0.05673890560865402,3.0,-3.0,0.0,0.0,0.0,0.18554037809371948,9.179654121398926,-3.0166773796081543,2.277378063908486e-09,0.9999997615814209,3.014400005340576,-2.9828104972839355,2.277378063908486e-09,3.014400005340576,-2.9828104972839355,104.68994140625,1024.0,1.0,0.00390625,762.15234375,2048.0,389.0,0.009765625,36.68032420000236,11.596966743993107,1.3989596320025157,42.67474848400161,92.45346975999564,0.0007880161933847065,0.1710796119493592,0.0065324240809788055,0.024038143835412865,,
8,,,,,427092,462977,35885,449937,449937,449937.0,0.08838808536529541,0.001,0.681640625,1.0,349.0,0.474609375,1.1984214583232176,243.0,0.3743582829352348,0.007421702146530151,0.0041131344886737005,0.0005635192905056981,5.315329194068909,0.37492628305523523,1e-06,0.7415139675140381,4.0,-3.0,0.21923828125,1.0,0.0,0.5222756862640381,3.0,-3.0,0.0,0.0,0.0,0.7382566928863525,4.000706672668457,-3.0138797760009766,-3.0870739298194394e-09,1.0,2.745161771774292,-2.864365816116333,-3.0870739298194394e-09,2.745161771774292,-2.864365816116333,96.5390625,1024.0,1.0,0.0029296875,782.244140625,2048.0,389.0,0.013671875,37.9694800340003,12.031637421001506,1.5547666269994806,43.470328527000675,95.125824292998,0.0008638801804471963,0.19204438796835951,0.006685178936718644,0.02415356401396233,,
9,,,,,422183,456516,34333,441155,441156,441155.25,0.06572182476520538,0.001,0.708984375,1.0,363.0,0.56640625,1.118804780974337,290.0,0.3380105115713612,0.01315665818871029,0.003810584747923478,0.00027358768590690283,4.205916583538055,0.38582223666737453,1e-06,1.0196114778518677,4.0,-3.0,0.4052734375,1.0,0.0,0.6143379807472229,3.0,-3.0,0.0,0.0,0.0,1.0156246423721313,3.9978137016296387,-3.0130841732025146,6.95606861000897e-09,0.9999998807907104,2.5734987258911133,-2.598160982131958,6.95606861000897e-09,2.5734987258911133,-2.598160982131958,102.82470703125,1024.0,1.0,0.001953125,758.806640625,2048.0,414.0,0.005859375,39.352964701996825,11.727896741998848,1.2875347189983586,41.3184411320035,93.79469587699714,0.0007296381030251587,0.18687449107009912,0.006646127832548093,0.023414909565285406,,
10,2.1909634644165634,0.8,1.3909634640440345,0.0,432681,456415,23734,448079,448080,448079.25,0.05196475237607956,0.001,0.64453125,1.0,330.0,0.5390625,1.0934588121703732,276.0,0.4405017653780599,-0.036753347263701504,0.0015197739234164118,2.81806452192306e-06,83.67846775054932,0.3631096917734347,1e-06,1.3478461503982544,4.0,-3.0,0.51904296875,1.0,0.0,0.8288030624389648,3.0,-3.0,0.0,0.0,0.0,1.3530242443084717,8.802532196044922,-3.0127594470977783,-5.0973780751917275e-09,0.9999999403953552,2.753422260284424,-2.773437023162842,-5.0973780751917275e-09,2.753422260284424,-2.773437023162842,105.23876953125,1024.0,1.0,0.00341796875,769.916015625,1849.0,419.0,0.0,37.1562380240066,11.9264226850064,1.391713709999749,44.63132858800236,119.52360846399824,0.0007764885954882697,0.17239553853080838,0.0066541926930372254,0.02490147032472624,10.556026488993666,13.754759556999488
11,,,,,431816,443404,11588,436377,436378,436377.25,0.05492857098579407,0.001,0.62890625,1.0,322.0,0.490234375,1.1326378617618318,251.0,0.45826716977974463,-0.0019454116579787485,0.023773220399844235,0.023121657296385444,17.889995515346527,0.3825201424683496,1e-06,1.5364680290222168,4.0,-3.0,0.62353515625,1.0,0.0,0.9129328727722168,3.0,-3.0,0.0,0.0,0.0,1.5415208339691162,12.294061660766602,-3.0144290924072266,-1.1304429614611422e-09,1.0,2.7347638607025146,-2.667750835418701,-1.1304429614611422e-09,2.7347638607025146,-2.667750835418701,105.45361328125,1024.0,1.0,0.00341796875,746.845703125,2048.0,402.0,0.00390625,38.95068336300028,11.686109962996852,1.4142151810010546,41.23189422200085,93.3864484309961,0.0008102021708287122,0.18035312180451954,0.006694958297549226,0.023621702450116754,,
12,,,,,434600,466462,31862,450264,450264,450264.0,0.05202234163880348,0.001,0.59765625,1.0,306.0,0.33984375,1.3261299671054765,174.0,0.3891247992714246,0.003700691368430853,0.0018541380180977286,4.988467480870896e-07,88.39405959844589,0.3802064142587667,1e-06,1.7984013557434082,4.0,-3.0,0.7705078125,1.0,0.0,1.0278935432434082,3.0,-3.0,0.0,0.0,0.0,1.8095221519470215,13.254232406616211,-3.01656436920166,-4.24297219581149e-09,1.0000001192092896,2.982511520385742,-2.928280830383301,-4.24297219581149e-09,2.982511520385742,-2.928280830383301,112.3828125,1024.0,1.0,0.00341796875,767.0390625,2048.0,393.0,0.005859375,48.05856549800228,11.746964573001605,1.4306522670012782,42.86746273600147,104.20823992700025,0.0007943408017303616,0.20880502910150453,0.0065222650339587475,0.023801293649948402,,
13,,,,,428026,456947,28921,444003,444003,444003.0,0.06151547282934189,0.001,0.5625,1.0,288.0,0.248046875,1.5058939323315805,127.0,0.37714100397866346,-0.04222258063161682,0.013793462060456133,0.022774468166156518,10.60998249053955,0.37068586259650327,1e-06,1.8310701847076416,4.0,-3.0,0.80322265625,1.0,0.0,1.027847409248352,3.0,-3.0,0.0,0.0,0.0,1.8409005403518677,12.640034675598145,-3.0212411880493164,-1.4407165238594644e-08,1.0,3.4232399463653564,-3.346520185470581,-1.4407165238594644e-08,3.4232399463653564,-3.346520185470581,111.703125,1024.0,1.0,0.0048828125,755.490234375,2048.0,416.0,0.00390625,53.54232087800483,11.898993940994842,1.5866567680059234,43.32707788699918,110.47388380100165,0.0008933817834597533,0.23404637395966582,0.006699838706604934,0.02439571235273139,,
14,,,,,438727,462921,24194,451347,451348,451347.75,0.057158757001161575,0.001,0.560546875,1.0,287.0,0.189453125,1.7201054870553545,97.0,0.29915638219925667,-0.08768770284950733,0.001035771351457844,-0.00014678616609613057,32.8512699007988,0.37033685401891314,1e-06,1.9566330909729004,4.0,-3.0,0.8232421875,1.0,0.0,1.1333909034729004,3.0,-3.0,0.0,0.0,0.0,1.9750715494155884,17.534019470214844,-3.0129804611206055,1.318782061332513e-08,0.9999999403953552,3.5881073474884033,-3.527395248413086,1.318782061332513e-08,3.5881073474884033,-3.527395248413086,108.47216796875,1024.0,1.0,0.0029296875,773.06640625,2034.0,399.0,0.0,39.45470055199985,11.314414252999995,1.3577021820019581,44.07549300699611,96.53787731000193,0.0007520266701240663,0.17760307426930264,0.006267015983241301,0.024413267268417818,,
15,,,,,423757,462389,38632,441907,441908,441907.75,0.08135921508073807,0.001,0.4609375,1.0,236.0,0.13671875,1.8361450300639575,70.0,0.295774154605404,-0.009314375298638497,0.011145484500429443,0.008113056791561605,123.29803138971329,0.3754110631986222,1e-06,2.1206464767456055,4.0,-3.0,0.82177734375,1.0,0.0,1.2988691329956055,3.0,-3.0,0.0,0.0,0.0,2.1269314289093018,16.7811279296875,-3.0100083351135254,-7.875315510830205e-09,0.9999999403953552,4.165890216827393,-4.153026580810547,-7.875315510830205e-09,4.165890216827393,-4.153026580810547,102.17529296875,1024.0,1.0,0.0009765625,760.92578125,2048.0,402.0,0.005859375,36.12783778599987,11.641745230001106,1.5678589509989251,42.58670960999734,92.02773701100523,0.0008869831718265436,0.17264981857542172,0.006586072110073373,0.02409253379805929,,
16,,,,,438061,460562,22501,445574,445575,445574.25,0.0755312442779541,0.001,0.50390625,1.0,258.0,0.1171875,2.073644135332772,60.0,0.2461985190709432,-0.010823390601823727,0.0011326494975946843,1.01802782107067e-05,12.160584211349487,0.3776712170012196,1e-06,2.125885009765625,4.0,-3.0,0.8798828125,1.0,0.0,1.2460020780563354,3.0,-3.0,0.0,0.0,0.0,2.1352033615112305,20.139869689941406,-3.0149543285369873,-1.0301823394343046e-08,1.0,4.3200225830078125,-4.264289379119873,-1.0301823394343046e-08,4.3200225830078125,-4.264289379119873,104.14501953125,1024.0,3.0,0.00146484375,766.1171875,2048.0,426.0,0.00390625,36.54904984699533,11.300174089003121,1.3720756590046221,42.647063879994676,91.99564314500458,0.0007698355880106526,0.17135928175853105,0.006340230662455876,0.023928146588360233,,
17,,,,,433502,460108,26606,446448,446449,446448.5,0.06233326345682144,0.001,0.45703125,1.0,234.0,0.09765625,2.1633307652783933,50.0,0.2577239856604607,-0.004848788252040263,0.013586215599770508,0.029419958021941466,12.203301072120667,0.3908403505734892,1e-06,2.24596905708313,4.0,-3.0,0.83837890625,1.0,0.0,1.4075902700424194,3.0,-3.0,0.0,0.0,0.0,2.2675940990448,23.864391326904297,-3.013835906982422,1.1462969462527894e-09,1.0000001192092896,3.7969071865081787,-4.239037990570068,1.1462969462527894e-09,3.7969071865081787,-4.239037990570068,103.9951171875,1024.0,5.0,0.00341796875,767.974609375,2048.0,399.0,0.00390625,42.99166980100563,12.020834312999796,1.3528367249964504,41.32251248599641,97.8073005220067,0.0007575547487540279,0.20185588360051848,0.0067313667270691895,0.023139574041572776,,
18,,,,,441175,474782,33607,458449,458450,458449.25,0.04564458876848221,0.001,0.4375,1.0,224.0,0.08203125,2.309401076758503,42.0,0.26883272682466813,0.06643056642684725,0.02149117048717134,0.028015950288517482,30.40653383731842,0.3963766942267749,1e-06,2.1805787086486816,4.0,-3.0,0.84423828125,1.0,0.0,1.3363405466079712,3.0,-3.0,0.0,0.0,0.0,2.222654342651367,30.170574188232422,-3.015688180923462,8.866677170260573e-09,0.9999998807907104,5.134884834289551,-5.055678367614746,8.866677170260573e-09,5.134884834289551,-5.055678367614746,107.55712890625,1024.0,9.0,0.00244140625,787.8515625,2048.0,418.0,0.00390625,37.34320088700042,12.02984717900108,1.3555828559983638,41.884428056000615,92.72261845799949,0.0007392218746122737,0.16952837058340373,0.006560075722122504,0.022840275153684194,,
19,,,,,436510,452538,16028,446332,446332,446332.0,0.06020999699831009,0.001,0.4140625,1.0,212.0,0.083984375,2.2204126999590716,43.0,0.2375897725423177,0.05597111393387119,0.0011660885657571876,-2.6211222514878803e-05,177.69604474306107,0.3822489317881539,1e-06,2.212407112121582,4.0,-3.0,0.8623046875,1.0,0.0,1.3501025438308716,3.0,-3.0,0.0,0.0,0.0,2.2440085411071777,34.036102294921875,-3.0141758918762207,-1.721174869295794e-09,1.0000001192092896,4.507927417755127,-4.380615711212158,-1.721174869295794e-09,4.507927417755127,-4.380615711212158,103.890625,1024.0,17.0,0.0029296875,767.8515625,2048.0,393.0,0.005859375,38.434501108000404,11.240506538997579,1.689301433005312,42.284453764994396,93.7574438629963,0.0009462134873845658,0.18064042105955974,0.006296045622427688,0.023684417521595134,,
20,2.4654947163537146,0.925,1.5404947137460112,0.0,432070,443032,10962,439197,439197,439197.0,0.06612567603588104,0.001,0.38671875,1.0,198.0,0.08984375,2.074692224424374,46.0,0.2202319849667878,-0.04115064111377659,0.0013184086520000007,0.0002096664093187428,14.833484470844269,0.3904309204689613,1e-06,2.395838975906372,4.0,-3.0,0.8798828125,1.0,0.0,1.515956163406372,3.0,-3.0,0.0,0.0,0.0,2.424527883529663,33.921661376953125,-3.019145965576172,7.837076765326856e-09,0.9999997615814209,4.639693737030029,-4.508070468902588,7.837076765326856e-09,4.639693737030029,-4.508070468902588,102.673828125,1024.0,22.0,0.001953125,755.1328125,2048.0,389.0,0.005859375,35.87220678000449,11.557378022000194,1.4657844510002178,40.678076245996635,115.15784252299636,0.0008343547718906424,0.17059582063575723,0.0065786981821370554,0.02315480083310942,9.603584461001446,15.878626988996984
21,,,,,423892,454827,30935,439233,439234,439233.5,0.05529280751943588,0.001,0.38671875,1.0,198.0,0.091796875,2.0525023647847056,47.0,0.17979753659716968,0.11489540364207892,0.000836660164199641,0.00019066495788765364,114.96429365873337,0.39134474470838787,1e-06,2.3474326133728027,4.0,-3.0,0.88232421875,1.0,0.0,1.4651081562042236,3.0,-3.0,0.0,0.0,0.0,2.391091823577881,37.82042694091797,-3.020244598388672,1.177114583583716e-08,1.0000001192092896,4.7700581550598145,-4.611817359924316,1.177114583583716e-08,4.7700581550598145,-4.611817359924316,101.2724609375,1024.0,18.0,0.00244140625,756.60546875,2048.0,416.0,0.00390625,37.04218098500132,11.669599562999792,1.5466137300027185,40.548747866996564,90.93734727000265,0.0008802913086107494,0.1785974416603248,0.006642025006630752,0.023079266419226085,,
22,,,,,423204,458297,35093,444773,444774,444773.25,0.06730008870363235,0.001,0.37890625,1.0,194.0,0.08203125,2.1491969707422394,42.0,0.18762507366723027,-0.06125681153659163,0.001134681019626943,-0.0001772108743321512,47.97787135839462,0.37762818236384865,1e-06,2.404467821121216,4.0,-3.0,0.90576171875,1.0,0.0,1.4987062215805054,3.0,-3.0,0.0,0.0,0.0,2.4371731281280518,46.21784973144531,-3.0144598484039307,-4.7636032896036795e-09,0.9999998807907104,3.308711528778076,-4.699585914611816,-4.7636032896036795e-09,3.308711528778076,-4.699585914611816,100.10009765625,1024.0,16.0,0.001953125,768.59765625,2048.0,419.0,0.005859375,43.29032205200201,11.671287231998576,1.5713265569938812,42.62445855500118,99.26343099400401,0.0008832177727605478,0.21116715227434457,0.006560245716215271,0.023958533114908094,,
23,,,,,441090,458851,17761,451939,451940,451939.5,0.07919833809137344,0.001,0.4140625,1.0,212.0,0.080078125,2.2739242967427638,41.0,0.16971988711626299,0.007243669651929409,0.009831370776444073,0.008832081877992623,75.29519653320312,0.39269655112992774,1e-06,2.4123408794403076,4.0,-3.0,0.8984375,1.0,0.0,1.5139034986495972,3.0,-3.0,0.0,0.0,0.0,2.4380688667297363,40.7962646484375,-3.01959490776062,2.715059821412069e-08,1.0,3.7262051105499268,-5.319145202636719,2.715059821412069e-08,3.7262051105499268,-5.319145202636719,97.6923828125,1024.0,19.0,0.0009765625,785.001953125,2048.0,422.0,0.001953125,29.034305351000512,12.036970524997741,1.3954311799971038,41.64460177000001,84.21652676699887,0.0007719126011319566,0.14511783315673457,0.006658507679123943,0.023036602117097536,,
24,,,,,429499,449754,20255,438471,438472,438471.25,-0.028674330562353134,0.001,0.396484375,1.0,203.0,0.09375,2.056493779875511,48.0,0.19874013374958718,-0.07933762044246707,0.0011645748620919352,1.864644790267838e-05,397.5699998140335,0.37603431276789234,1e-06,2.3666036128997803,4.0,-3.0,0.89892578125,1.0,0.0,1.4676777124404907,3.0,-3.0,0.0,0.0,0.0,2.5018868446350098,51.18019104003906,-3.01603102684021,8.460208533733748e-09,0.9999998807907104,3.0714311599731445,-4.333445072174072,8.460208533733748e-09,3.0714311599731445,-4.333445072174072,102.15673828125,1024.0,20.0,0.00439453125,754.232421875,2048.0,389.0,0.001953125,35.71371484299743,11.607280516000174,1.3589102969999658,42.13761277599406,90.9286556549996,0.0007748001134623797,0.17070178256545804,0.0066180396753493945,0.024025299706647844,,
25,,,,,428790,446567,17777,436487,436487,436487.0,0.04453830420970917,0.001,0.365234375,1.0,187.0,0.072265625,2.248122339654596,37.0,0.18855182954977298,0.03280405794944743,0.0013415835906173392,-9.310443445052631e-06,13628035.909359634,0.37968868805593053,1e-06,2.5135092735290527,4.0,-3.0,0.8876953125,1.0,0.0,1.6258140802383423,3.0,-3.0,0.0,0.0,0.0,2.5795788764953613,61.795413970947266,-3.019463300704956,6.095713378506673e-10,1.0,4.4301347732543945,-5.174267768859863,6.095713378506673e-10,4.4301347732543945,-5.174267768859863,97.78125,1024.0,21.0,0.00146484375,754.732421875,2048.0,393.0,0.0078125,30.43058817099518,11.742259209000622,1.3718863989997772,41.603015012005926,85.25550582999858,0.0007857544434311774,0.1519584340593799,0.0067254346687304675,0.023828324218135893,,
26,,,,,418838,461508,42670,444284,444285,444284.25,0.009765878319740295,0.001,0.33984375,1.0,174.0,0.078125,2.085665361461421,40.0,0.1534728152056535,7.874564082462651,0.003406068936844046,-0.023838080823043128,159892.8332232237,0.38538209505669824,1e-06,2.5532357692718506,4.0,-3.0,0.908203125,1.0,0.0,1.645032525062561,3.0,-3.0,0.0,0.0,0.0,2.6549301147460938,59.210872650146484,-3.0191941261291504,7.517496847242455e-09,1.0,3.466505765914917,-5.0700554847717285,7.517496847242455e-09,3.466505765914917,-5.0700554847717285,99.10986328125,1024.0,20.0,0.001953125,768.6328125,2048.0,402.0,0.00390625,31.95729719600058,11.674548323004274,1.3200417780026328,41.6475078020012,86.70475699600502,0.0007427912299404226,0.15744294770343725,0.006569301254210719,0.023435170052731557,,
27,,,,,423345,450157,26812,436860,436860,436860.0,-0.050204500555992126,0.001,0.33203125,1.0,170.0,0.099609375,1.8257418583505538,51.0,0.21000963655011406,-0.1397816626804656,0.0011132120953647997,0.0003901202262254785,472.7647731900215,0.38434025582841513,1e-06,2.407121419906616,4.0,-3.0,0.888671875,1.0,0.0,1.5184496641159058,3.0,-3.0,0.0,0.0,0.0,2.5767228603363037,58.69263458251953,-3.0134356021881104,0.0,0.9999999403953552,3.398937702178955,-4.476472854614258,0.0,3.398937702178955,-4.476472854614258,97.98828125,1024.0,19.0,0.00390625,755.25390625,2048.0,399.0,0.00390625,36.591820239998924,11.539248139997653,1.41066786400188,41.07303913799842,90.73429672200291,0.0008072768529974591,0.18233914809646665,0.006603516080665232,0.023504692085564265,,
28,,,,,419816,476463,56647,447135,447135,447135.0,0.011214626021683216,0.001,0.37109375,1.0,190.0,0.0625,2.436698586202241,32.0,0.19417827504296456,-0.07467424674823339,0.014028350193609273,0.042302873522129955,176.32750910520554,0.3803060755597099,1e-06,2.316831111907959,4.0,-3.0,0.9072265625,1.0,0.0,1.4096043109893799,3.0,-3.0,0.0,0.0,0.0,2.4198713302612305,66.760009765625,-3.029999256134033,5.797742730351274e-09,0.9999999403953552,3.612243413925171,-4.819472312927246,5.797742730351274e-09,3.612243413925171,-4.819472312927246,102.806640625,1024.0,19.0,0.0029296875,770.50390625,2048.0,407.0,0.005859375,36.11917476900271,11.805735064001055,1.7107935849999194,42.565547934995266,92.30753297499905,0.0009565307932726802,0.17154841066646423,0.006600766582799968,0.023799047231258606,,
29,,,,,418468,470370,51902,443453,443454,443453.25,0.03636845946311951,0.001,0.3203125,1.0,164.0,0.060546875,2.3000701251581788,31.0,0.16412661944826443,-0.09440365067372719,0.0010321120518104485,-0.00020071680413214684,221.0599089860916,0.3864149372581399,1e-06,2.5836048126220703,4.0,-3.0,0.92333984375,1.0,0.0,1.6602650880813599,3.0,-3.0,0.0,0.0,0.0,2.665513038635254,66.64114379882812,-3.0307412147521973,-2.482049898944183e-09,0.9999999403953552,3.647303581237793,-5.047499179840088,-2.482049898944183e-09,3.647303581237793,-5.047499179840088,96.05712890625,1024.0,20.0,0.00244140625,770.0625,2048.0,407.0,0.00390625,37.73394147599902,11.973842797000543,1.4001811140042264,41.48530866499641,92.70621272300195,0.0007893623025675347,0.1918106060541315,0.00675034109965399,0.023387644957499135,,
30,2.5884857857599854,0.9625,1.625985784828663,0.0,433306,470257,36951,451454,451455,451454.5,0.032320767641067505,0.001,0.3203125,1.0,164.0,0.0625,2.2638462845343543,32.0,0.18050034393866857,-0.08242660515097669,0.012615437607746572,0.012314789739684784,65.19867378473282,0.3747957506129937,1e-06,2.492861032485962,4.0,-3.0,0.9248046875,1.0,0.0,1.5680561065673828,3.0,-3.0,0.0,0.0,0.0,2.576199769973755,67.78424072265625,-3.01556396484375,2.4377253549090483e-09,1.0,5.597729206085205,-5.44638729095459,2.4377253549090483e-09,5.597729206085205,-5.44638729095459,97.8037109375,1024.0,24.0,0.00146484375,783.943359375,2048.0,413.0,0.013671875,31.840701401000842,11.76544786500017,1.7862500330011244,43.64239239800372,119.40163468800165,0.0009891639318032738,0.15896347216203954,0.006515301024245062,0.024167658312190775,16.550226031999046,13.704786101996433
31,,,,,416857,444225,27368,427745,427745,427745.0,0.12893779575824738,0.001,0.3125,1.0,160.0,0.064453125,2.2019275302527213,33.0,0.15057322542582238,-0.03819148811245603,0.0015442684078672236,-7.861601436941003e-05,3.06968492269516,0.372244960348501,1e-06,2.5504088401794434,4.0,-3.0,0.919921875,1.0,0.0,1.6304868459701538,3.0,-3.0,0.0,0.0,0.0,2.5404489040374756,3.9976253509521484,-3.0228564739227295,-1.7816024211469994e-08,0.9999999403953552,4.177267074584961,-6.042839527130127,-1.7816024211469994e-08,4.177267074584961,-6.042839527130127,93.67578125,1024.0,30.0,0.00048828125,741.763671875,2048.0,414.0,0.005859375,37.37366553100583,11.243238694994943,1.3254778400005307,41.515279975006706,91.56484762599575,0.0007746892658011962,0.1948087315531349,0.006571227422293039,0.024264035801123747,,
32,,,,,432491,455966,23475,443466,443467,443466.5,0.06065118685364723,0.001,0.2734375,1.0,140.0,0.060546875,2.1251185925162073,31.0,0.1582216782302692,0.11737426418554166,0.012154078197360424,0.008931769411368617,37.5077143907547,0.3637258402541767,1e-06,2.5690035820007324,4.0,-3.0,0.9375,1.0,0.0,1.6315035820007324,3.0,-3.0,0.0,0.0,0.0,2.6289074420928955,76.5963134765625,-3.027672052383423,-7.046534022947526e-09,1.0,6.086145877838135,-6.012218475341797,-7.046534022947526e-09,6.086145877838135,-6.012218475341797,93.0458984375,1024.0,20.0,0.0009765625,773.099609375,2048.0,399.0,0.001953125,27.178964349004673,11.252804660005495,1.6878643719974207,44.084639900000184,84.546980015999,0.0009515174043571615,0.14262830397571696,0.006343661054445767,0.024852294310844326,,
33,,,,,423954,448568,24614,441634,441634,441634.0,0.06611979007720947,0.001,0.31640625,1.0,162.0,0.05078125,2.4961508830135313,26.0,0.16473103314638138,0.0212486133878601,0.0019277144938000831,0.00021843067914797474,11.562663316726685,0.3817726960063253,1e-06,2.596635580062866,4.0,-3.0,0.94091796875,1.0,0.0,1.6557176113128662,3.0,-3.0,0.0,0.0,0.0,2.6604666709899902,82.20214080810547,-3.024322271347046,1.006163863337406e-08,1.0000001192092896,4.448206901550293,-6.139501094818115,1.006163863337406e-08,4.448206901550293,-6.139501094818115,94.783203125,1024.0,32.0,0.0009765625,767.783203125,1821.0,389.0,0.0,32.49981292099983,11.306744706002064,1.339600874001917,41.79327365900099,87.045985251003,0.0007583207327798115,0.16742469925714434,0.006400517569979929,0.023658319818560723,,
34,,,,,430079,459525,29446,441784,441785,441784.5,0.06462860107421875,0.001,0.287109375,1.0,147.0,0.05078125,2.3777817717036513,26.0,0.15694737484057744,-0.04563816164930661,0.0012741721118800342,3.157621601227826e-08,85.22102564573288,0.3665575198021937,1e-06,2.542590618133545,4.0,-3.0,0.92626953125,1.0,0.0,1.616321086883545,3.0,-3.0,0.0,0.0,0.0,2.6040139198303223,78.42245483398438,-3.018211841583252,-2.1451464604638204e-08,0.9999998807907104,4.395530700683594,-6.163479804992676,-2.1451464604638204e-08,4.395530700683594,-6.163479804992676,98.6396484375,1024.0,22.0,0.0009765625,764.220703125,2048.0,416.0,0.00390625,31.642600674997084,11.22786153099878,1.342752032003773,43.55439347599895,87.88792116800323,0.0007598455989310246,0.15663568205667472,0.006353698200705762,0.024646854674620175,,
35,,,,,423179,461627,38448,437238,437239,437238.5,0.09455128014087677,0.001,0.291015625,1.0,149.0,0.056640625,2.2667004730406615,29.0,0.14131564646959305,-0.06743347898511023,0.0014565963546970281,4.401782549895619e-05,631.4649309515953,0.37808994201912643,1e-06,2.5796027183532715,4.0,-3.0,0.92431640625,1.0,0.0,1.6552865505218506,3.0,-3.0,0.0,0.0,0.0,2.6072447299957275,77.84932708740234,-3.032970666885376,-5.448324458257048e-09,0.9999998807907104,4.1711015701293945,-5.97976016998291,-5.448324458257048e-09,4.1711015701293945,-5.97976016998291,98.4599609375,1024.0,23.0,0.001953125,755.521484375,2048.0,393.0,0.001953125,36.45638113700261,11.28867888500099,1.3098664270000882,41.79867580499558,90.98749261299963,0.0007489427549267094,0.18079397130120414,0.006454531614325472,0.023899242521527485,,
36,,,,,428719,455728,27009,436239,436239,436239.0,-0.0056517962366342545,0.001,0.255859375,1.0,131.0,0.0625,2.023301757029831,32.0,0.15980078768113565,-0.0350659047092857,0.001680971627075482,-0.0002493754252006103,153.75927942991257,0.365247236534493,1e-06,2.6395585536956787,4.0,-3.0,0.92041015625,1.0,0.0,1.7191485166549683,3.0,-3.0,0.0,0.0,0.0,2.7856690883636475,85.97396850585938,-3.0115678310394287,-2.420210343245799e-08,0.9999999403953552,3.804060459136963,-5.525510787963867,-2.420210343245799e-08,3.804060459136963,-5.525510787963867,93.5859375,1024.0,29.0,0.00244140625,758.443359375,2048.0,393.0,0.00390625,34.70889497100143,11.630316313996445,1.3093293700003414,43.108280120002746,90.87085042699618,0.0007503509372158045,0.181092406351748,0.00666510577573099,0.02470450837729017,,
37,,,,,421834,445463,23629,436248,436249,436248.5,0.0539640337228775,0.001,0.232421875,1.0,119.0,0.0390625,2.4392621835300936,20.0,0.16027396082364279,-0.022525391188161128,0.0010988925631832459,6.0496484867802916e-05,684.1769161224365,0.3737451677506673,1e-06,2.507840394973755,4.0,-3.0,0.9228515625,1.0,0.0,1.5849885940551758,3.0,-3.0,0.0,0.0,0.0,2.584439277648926,90.01586151123047,-3.017408847808838,6.189361911879132e-09,0.9999997615814209,7.097573280334473,-7.077202320098877,6.189361911879132e-09,7.097573280334473,-7.077202320098877,96.3017578125,1024.0,23.0,0.0009765625,755.74609375,2048.0,389.0,0.005859375,35.86311062399909,11.521842184993147,1.3039554380011396,42.18472443300561,90.98850145300094,0.0007472549693587139,0.18183764120348783,0.006602797594142528,0.024174710304451254,,
38,,,,,434294,468172,33878,450131,450132,450131.5,0.009669343009591103,0.001,0.27734375,1.0,142.0,0.0390625,2.6645825188948455,20.0,0.12871582721990923,0.012318428034984296,0.013332761640119697,0.012093475171270492,43.70936703681946,0.37132413834865596,1e-06,2.743067502975464,4.0,-3.0,0.939453125,1.0,0.0,1.8036147356033325,3.0,-3.0,0.0,0.0,0.0,2.862778425216675,93.0642318725586,-3.034611701965332,-1.6462617935530943e-08,1.0,4.777730941772461,-6.395164489746094,-1.6462617935530943e-08,4.777730941772461,-6.395164489746094,94.1357421875,1024.0,20.0,0.00146484375,785.02734375,2048.0,413.0,0.009765625,27.16347562699957,11.258676020996063,1.5581549359994824,43.83938123899861,83.92712482599745,0.0008653887452885892,0.14089670432594828,0.006252992748228053,0.024348096744506113,,
39,,,,,431482,458029,26547,447562,447563,447562.25,0.05479952692985535,0.001,0.29296875,1.0,150.0,0.044921875,2.553769592276246,23.0,0.17734573781490326,-0.011034818411233925,0.001478539389227667,-8.382900376736577e-05,147.00405210256577,0.3735378853522348,1e-06,2.446042537689209,4.0,-3.0,0.923828125,1.0,0.0,1.5222142934799194,3.0,-3.0,0.0,0.0,0.0,2.5175814628601074,84.88458251953125,-3.0301530361175537,5.556255455729797e-09,1.0,6.887892723083496,-6.833487033843994,5.556255455729797e-09,6.887892723083496,-6.833487033843994,96.54736328125,1024.0,19.0,0.00146484375,777.59765625,2048.0,420.0,0.0078125,35.60336556499533,11.316340889003186,1.3478678920000675,43.33575293699687,91.72501139600354,0.0007528940901517429,0.18006142530936448,0.006321098846586807,0.024206550561959184,,
40,2.6996941644698382,0.975,1.7246941614896059,0.0,429740,436277,6537,432973,432974,432973.25,0.14588989317417145,0.001,0.263671875,1.0,135.0,0.0234375,3.3541019662496847,12.0,0.11866289204252618,0.049215007024551075,0.000900507640575857,-8.916839306039037e-06,3.757628083229065,0.37151398604735797,1e-06,2.674915075302124,4.0,-3.0,0.94140625,1.0,0.0,1.733508825302124,3.0,-3.0,0.0,0.0,0.0,2.6639530658721924,3.999596357345581,-3.0265259742736816,6.136166685877242e-09,1.0,6.780323505401611,-8.822386741638184,6.136166685877242e-09,6.780323505401611,-8.822386741638184,92.27978515625,1024.0,30.0,0.00048828125,753.37109375,2048.0,422.0,0.00390625,34.41801176700392,11.02122937799868,1.4761639400021522,42.07919912500074,112.03299031799543,0.0008523413051511567,0.18211648173705305,0.006363689545485015,0.024296650615829467,8.858205819997238,14.060777222999604
41,,,,,419461,440487,21026,430150,430151,430150.25,0.05999432131648064,0.001,0.251953125,1.0,129.0,0.0390625,2.539685019840059,20.0,0.14440499059855938,-0.040249230074031014,0.0013684271169560297,6.579871946347079e-06,132.4149290919304,0.3657566883928198,1e-06,2.7213134765625,4.0,-3.0,0.93359375,1.0,0.0,1.7877196073532104,3.0,-3.0,0.0,0.0,0.0,2.7989890575408936,92.98112487792969,-3.024106502532959,4.564570499354659e-09,1.0,4.355280876159668,-7.535354137420654,4.564570499354659e-09,4.355280876159668,-7.535354137420654,91.40673828125,1024.0,19.0,0.0009765625,748.73046875,2048.0,424.0,0.00390625,36.530654952002806,10.944204721999995,1.6589591569936601,42.5008212909961,91.74680848299613,0.0009641742373703491,0.19514134514240206,0.006360687179654083,0.02470114877940679,,
42,,,,,441342,446508,5166,444267,444268,444267.75,0.06034018099308014,0.001,0.2578125,1.0,132.0,0.029296875,2.9664793948382653,15.0,0.135146859784921,0.03164870552718639,0.009130990966999283,0.0049703756612871075,215.29125881195068,0.3811105820341031,1e-06,2.598986864089966,4.0,-3.0,0.939453125,1.0,0.0,1.6595337390899658,3.0,-3.0,0.0,0.0,0.0,2.6757006645202637,95.4617919921875,-3.0146167278289795,-3.1481706130875864e-09,1.0,3.1491453647613525,-6.7165422439575195,-3.1481706130875864e-09,3.1491453647613525,-6.7165422439575195,94.66552734375,1024.0,30.0,0.00146484375,773.044921875,2048.0,399.0,0.001953125,34.527249648999714,11.229370007997204,1.568169502003002,42.15206063500227,89.57928900499974,0.0008824461723830967,0.17809026253513716,0.006319032839991877,0.02371996427548605,,
43,,,,,435595,446806,11211,441207,441208,441207.25,0.09923575818538666,0.001,0.25390625,1.0,130.0,0.037109375,2.615741818902985,19.0,0.1504605258333272,-0.04589666085767335,0.0013124778894868132,-0.00023344425501598944,64.73426139354706,0.38084599429495586,1e-06,2.6283137798309326,4.0,-3.0,0.92724609375,1.0,0.0,1.701067566871643,3.0,-3.0,0.0,0.0,0.0,2.665679931640625,102.7734603881836,-3.0271689891815186,-2.1013253359569717e-08,1.000000238418579,5.102955341339111,-6.923623561859131,-2.1013253359569717e-08,5.102955341339111,-6.923623561859131,96.44189453125,1024.0,22.0,0.0009765625,765.291015625,2048.0,399.0,0.0078125,35.50996102600038,11.363903420002316,1.7048515729984501,41.93175367900403,90.63875737199851,0.0009660151623746267,0.1797854370395892,0.006439096037067793,0.023759669451830195,,
44,,,,,426331,458816,32485,441155,441156,441155.75,0.05495118722319603,0.001,0.20703125,1.0,106.0,0.03125,2.57390753524675,16.0,0.13810689862945985,0.13079243763510523,0.01077576636352801,0.009581090991810799,156.23411425948143,0.3808964567845735,1e-06,2.6118431091308594,4.0,-3.0,0.92041015625,1.0,0.0,1.691433072090149,3.0,-3.0,0.0,0.0,0.0,2.696795701980591,103.7024917602539,-3.0230329036712646,-6.307402600214118e-09,1.0,5.798333644866943,-7.932307720184326,-6.307402600214118e-09,5.798333644866943,-7.932307720184326,94.49951171875,1024.0,23.0,0.00244140625,767.1328125,2048.0,413.0,0.001953125,37.98081996899418,11.233678477001376,1.3119892489994527,41.87169018200075,92.51222168799723,0.0007434954939380551,0.19624781031334995,0.006366050129121844,0.023728405547247627,,
45,,,,,424523,447355,22832,436478,436479,436478.75,0.12149029970169067,0.001,0.2578125,1.0,132.0,0.044921875,2.395648228514071,23.0,0.11776836036608138,0.026803582489233594,0.0012172591663768579,-0.0001311856814999342,96.19711899757385,0.39424774105582866,1e-06,2.635138511657715,4.0,-3.0,0.9287109375,1.0,0.0,1.7064273357391357,3.0,-3.0,0.0,0.0,0.0,2.661530017852783,78.92738342285156,-3.029780626296997,-4.5818504545991345e-09,1.0000001192092896,4.965150833129883,-7.0765838623046875,-4.5818504545991345e-09,4.965150833129883,-7.0765838623046875,91.06201171875,1024.0,19.0,0.00048828125,761.435546875,1917.0,425.0,0.0,26.65925182000501,11.503483887005132,1.674735423999664,40.03309776000242,79.99965856600465,0.000959230789585784,0.14294888238293257,0.0065887995045607215,0.02292958005401318,,
46,,,,,432559,458455,25896,443248,443249,443248.25,0.05894342437386513,0.001,0.232421875,1.0,119.0,0.046875,2.226731535981231,24.0,0.14263373227982684,-0.08291660848170004,0.001283020457525834,-4.0361465302151466e-05,67.2969097495079,0.38146506870351454,1e-06,2.7049620151519775,4.0,-3.0,0.93310546875,1.0,0.0,1.7718567848205566,3.0,-3.0,0.0,0.0,0.0,2.7888965606689453,108.04460144042969,-3.0284669399261475,1.4466968956128312e-08,1.0,4.681258678436279,-6.548808574676514,1.4466968956128312e-08,4.681258678436279,-6.548808574676514,90.64111328125,1024.0,22.0,0.0009765625,775.078125,2048.0,399.0,0.005859375,28.4561536120018,11.218008270996506,1.5934295050028595,42.00722995900287,83.37847163600236,0.0008987229532225223,0.15329253749064983,0.006327158804911529,0.023692834635558557,,
47,,,,,420180,451078,30898,435231,435232,435231.75,0.10668431222438812,0.001,0.259765625,1.0,133.0,0.0234375,3.3291640592396967,12.0,0.11567064747214317,0.09515787963755429,0.009880462299666501,0.0070360216531558505,3.153024196624756,0.37798859724161066,1e-06,2.6404457092285156,4.0,-3.0,0.93408203125,1.0,0.0,1.706363558769226,3.0,-3.0,0.0,0.0,0.0,2.678746223449707,102.51364135742188,-3.030240774154663,-2.4485327543288804e-08,1.0000001192092896,7.187404155731201,-9.41060733795166,-2.4485327543288804e-08,7.187404155731201,-9.41060733795166,92.50341796875,1024.0,30.0,0.00048828125,757.55859375,2048.0,389.0,0.001953125,29.218925165005203,10.906870685998001,1.3517318930025795,41.60405581499799,83.2012280150011,0.0007764437526688824,0.1542327150337836,0.006264978764760384,0.02389764522866151,,
48,,,,,414747,446105,31358,437400,437401,437400.75,0.16331277787685394,0.001,0.212890625,1.0,109.0,0.02734375,2.7902892835178013,14.0,0.10580438561737537,-0.03918167945618431,0.0009362281998619437,0.00019906395730989363,3.7555407285690308,0.38747977163798225,1e-06,2.7032127380371094,4.0,-3.0,0.94580078125,1.0,0.0,1.7574121952056885,3.0,-3.0,0.0,0.0,0.0,2.691326141357422,3.998872756958008,-3.0137829780578613,1.9719140098573007e-08,0.9999999403953552,6.734767436981201,-9.16903305053711,1.9719140098573007e-08,6.734767436981201,-9.16903305053711,87.65771484375,1024.0,30.0,0.00048828125,766.640625,2048.0,416.0,0.00390625,40.591056037999806,11.665851097997802,1.3876561819997733,40.80230855300033,94.56505237900274,0.0007931263160841478,0.22610504524768307,0.006667713245803649,0.023320895399127878,,
49,,,,,439496,456525,17029,445568,445569,445568.5,0.1545138955116272,0.001,0.216796875,1.0,111.0,0.025390625,2.922064602034243,13.0,0.10988075670696074,-0.025524657414925676,0.0015357871344613453,0.00019865770038831538,2.9757849872112274,0.38090887797153766,1e-06,2.669039487838745,4.0,-3.0,0.9404296875,1.0,0.0,1.7286100387573242,3.0,-3.0,0.0,0.0,0.0,2.657118797302246,3.9957501888275146,-3.0240283012390137,4.772895856319792e-09,1.0,3.94559907913208,-9.181044578552246,4.772895856319792e-09,3.94559907913208,-9.181044578552246,93.6611328125,599.0,33.0,0.0,776.58984375,2048.0,402.0,0.009765625,29.966086878994247,11.193713865999598,1.3629715220013168,42.33611338699848,84.97278411700245,0.0007647373647381473,0.15622145408144308,0.0062805796785452735,0.023753986977871233,,
50,2.711341892555356,0.975,1.7363418884575368,0.0,440012,449494,9482,443201,443202,443201.5,0.06698732823133469,0.001,0.2109375,1.0,108.0,0.025390625,2.8823067684915684,13.0,0.11207623599932112,-0.029710848783624583,0.0013361371459503625,0.0001920031407217752,152.4927724301815,0.37625522472810635,1e-06,2.718315601348877,4.0,-3.0,0.93505859375,1.0,0.0,1.7832568883895874,3.0,-3.0,0.0,0.0,0.0,2.7951762676239014,101.62674713134766,-3.015064001083374,-4.3824157636151995e-09,1.0,4.86462926864624,-6.389058589935303,-4.3824157636151995e-09,4.86462926864624,-6.389058589935303,95.2060546875,1024.0,25.0,0.00244140625,770.421875,2048.0,407.0,0.0078125,45.73701539600006,11.266458621998027,1.629437320996658,42.645209685004374,122.64722645099391,0.0009191289520661922,0.23457044955944684,0.006355155962918687,0.024055203832232277,7.474232294000103,13.75794086100359
51,,,,,418044,449253,31209,435868,435869,435868.75,0.10883932560682297,0.001,0.185546875,1.0,95.0,0.03515625,2.2973414586817036,18.0,0.10825426491170094,-0.008517478339791554,0.001423485215817546,0.00019590090693688173,45.029995799064636,0.39455299050083237,1e-06,2.7553720474243164,4.0,-3.0,0.9384765625,1.0,0.0,1.8168954849243164,3.0,-3.0,0.0,0.0,0.0,2.7947945594787598,105.12284088134766,-3.0268261432647705,1.3059350045807605e-08,1.0,7.922161102294922,-7.862219333648682,1.3059350045807605e-08,7.922161102294922,-7.862219333648682,91.28271484375,1024.0,23.0,0.00048828125,760.0234375,2048.0,389.0,0.001953125,34.08286358299665,11.760347290000936,1.3178316019984777,39.91108251600235,87.18803900599596,0.0007558649260806594,0.18231297417448075,0.006745348966862695,0.022891686153229816,,
52,,,,,422830,453240,30410,438371,438371,438371.0,0.02063046768307686,0.001,0.220703125,1.0,113.0,0.017578125,3.5433819375782165,9.0,0.10636933546127944,-0.14617315880642653,0.000989982735863405,4.67068318890785e-05,214.48518726229668,0.3784379196888014,1e-06,2.7182817459106445,4.0,-3.0,0.94287109375,1.0,0.0,1.7754106521606445,3.0,-3.0,0.0,0.0,0.0,2.845839738845825,101.05583953857422,-3.025667667388916,0.0,1.0000001192092896,2.680947780609131,-6.01298189163208,0.0,2.680947780609131,-6.01298189163208,94.654296875,1024.0,24.0,0.0029296875,761.5390625,2048.0,399.0,0.001953125,39.831971379004244,11.663811563004856,1.325805336004123,41.860716830000456,94.78840020800271,0.0007560977665060663,0.20547619513342263,0.006651792410426817,0.023872882119255413,,
53,,,,,423584,447038,23454,433358,433359,433358.5,0.05648548901081085,0.001,0.1953125,1.0,100.0,0.021484375,3.0151134457776365,11.0,0.1077279482036829,-0.06370304439527293,0.0014071777967425683,-5.73467948470352e-05,129.38722586631775,0.37302468001015504,1e-06,2.657752752304077,4.0,-3.0,0.93701171875,1.0,0.0,1.7207411527633667,3.0,-3.0,0.0,0.0,0.0,2.752397060394287,113.82752990722656,-3.0196948051452637,-3.1932405164525335e-08,0.9999999403953552,4.669122695922852,-7.941115379333496,-3.1932405164525335e-08,4.669122695922852,-7.941115379333496,94.2626953125,1024.0,25.0,0.0009765625,752.140625,2048.0,413.0,0.00390625,33.76847270500002,11.478643684000417,1.3318933180053136,41.94440882300114,88.92994308599737,0.0007683553674413411,0.17492086353276365,0.0066219098529280125,0.02419729209361368,,
54,,,,,429460,458199,28739,446454,446455,446454.25,0.10250125825405121,0.001,0.212890625,1.0,109.0,0.033203125,2.5321462647095156,17.0,0.15131387474636238,0.08019667711729804,0.001023529718319575,-2.4479539585324044e-05,3.0337929725646973,0.3761125886208523,1e-06,2.60732102394104,4.0,-3.0,0.9306640625,1.0,0.0,1.6766571998596191,3.0,-3.0,0.0,0.0,0.0,2.6487832069396973,109.99918365478516,-3.033447504043579,0.0,1.000000238418579,6.962824821472168,-6.898006916046143,0.0,6.962824821472168,-6.898006916046143,96.50439453125,1024.0,19.0,0.00048828125,775.4765625,2047.0,418.0,0.0,40.83764817099291,11.303884110995568,1.3266829529966344,42.941479764995165,96.52761155599728,0.0007428997220861009,0.20662538729814617,0.006329811011428141,0.02404584555136118,,
55,,,,,424965,459749,34784,441669,441670,441669.5,0.15852105617523193,0.001,0.169921875,1.0,87.0,0.03515625,2.1984843263788196,18.0,0.1102842499812444,0.03682295215160896,0.0008116433416338017,7.63421401643427e-05,3.609833300113678,0.38081739299476336,1e-06,2.6983094215393066,4.0,-3.0,0.9384765625,1.0,0.0,1.7598328590393066,3.0,-3.0,0.0,0.0,0.0,2.6860544681549072,3.999755859375,-3.027472734451294,8.99342378346546e-09,1.0000001192092896,8.469204902648926,-8.473288536071777,8.99342378346546e-09,8.469204902648926,-8.473288536071777,92.7861328125,494.0,33.0,0.0,769.849609375,2048.0,402.0,0.009765625,28.82536600199819,11.74196272300469,1.326247646000411,41.926046168999164,83.92249228099536,0.0007507013988969189,0.1516916948312241,0.006646351357182627,0.023731572006330054,,
56,,,,,430211,455280,25069,440514,440514,440514.0,0.056666839867830276,0.001,0.21484375,1.0,110.0,0.025390625,2.908872369413698,13.0,0.09896011522104001,-0.09588386189064076,0.0011984825953198918,0.00018554540054475214,166.31022188067436,0.37657349168496684,1e-06,2.7610063552856445,4.0,-3.0,0.9423828125,1.0,0.0,1.8186235427856445,3.0,-3.0,0.0,0.0,0.0,2.852332592010498,111.25889587402344,-3.016355276107788,1.4690452410093258e-08,1.0,8.046260833740234,-7.924202919006348,1.4690452410093258e-08,8.046260833740234,-7.924202919006348,97.376953125,1024.0,27.0,0.001953125,763.001953125,2048.0,399.0,0.009765625,34.87763274099416,12.15243858499889,1.3790478489972884,42.32232815200405,90.83811578500172,0.0007826356534623691,0.1748883443698686,0.00689673800662345,0.024018719128111734,,
57,,,,,433303,461843,28540,445563,445564,445563.75,0.055745385587215424,0.001,0.1796875,1.0,92.0,0.025390625,2.660248687044705,13.0,0.11471853243807952,0.07681850638861458,0.011475099920062348,0.010967029611128965,97.18003231287003,0.3720854381012059,1e-06,2.635484457015991,4.0,-3.0,0.93408203125,1.0,0.0,1.7014024257659912,3.0,-3.0,0.0,0.0,0.0,2.7300915718078613,113.85501861572266,-3.0305593013763428,1.6036646455219739e-09,1.0000001192092896,5.778936386108398,-7.858615875244141,1.6036646455219739e-09,5.778936386108398,-7.858615875244141,92.91943359375,1024.0,7.0,0.00146484375,777.322265625,2048.0,416.0,0.005859375,34.33991423199768,11.419723734004947,1.3026449660028447,43.322248631004186,90.48973179599852,0.0007308970747748469,0.18045241557757888,0.006407457818328436,0.024307547814989543,,
58,,,,,432429,458803,26374,448444,448444,448444.0,0.04754534363746643,0.001,0.185546875,1.0,95.0,0.021484375,2.9387690682262932,11.0,0.09809202986458937,-0.07425342911155894,0.0006813934674331297,-0.00010736798164240705,72.34413611888885,0.35906365542497476,1e-06,2.8040647506713867,4.0,-3.0,0.94677734375,1.0,0.0,1.8572876453399658,3.0,-3.0,0.0,0.0,0.0,2.901319742202759,113.16986846923828,-3.0356082916259766,1.4100126399796409e-08,1.0,8.14023494720459,-8.0223388671875,1.4100126399796409e-08,8.14023494720459,-8.0223388671875,97.2265625,1024.0,24.0,0.0009765625,778.640625,2048.0,389.0,0.005859375,32.56413768499624,11.331528971997614,1.3312038119984209,45.16323386300064,90.48995319200185,0.0007421237724210943,0.163540265593593,0.0063171371297183225,0.025177744524957767,,
59,,,,,430520,450789,20269,437671,437672,437671.25,0.11338581144809723,0.001,0.19140625,1.0,98.0,0.015625,3.5,8.0,0.10942627309725203,-0.004422849654380618,0.001019775004383048,0.00022991293390705009,123.2044607102871,0.3698736816574519,1e-06,2.764833688735962,4.0,-3.0,0.9345703125,1.0,0.0,1.8302634954452515,3.0,-3.0,0.0,0.0,0.0,2.7991743087768555,92.30741119384766,-3.0421550273895264,1.9312375698632422e-08,1.0,6.1984124183654785,-9.1536226272583,1.9312375698632422e-08,6.1984124183654785,-9.1536226272583,92.59033203125,1024.0,32.0,0.00048828125,762.236328125,2048.0,407.0,0.0078125,29.842408447002526,11.132232180003484,1.5912587569982861,42.74702946199977,85.41980945500109,0.0009089349351815353,0.15737591798023745,0.006358786520706743,0.024417316343031313,,
60,2.6901487071067094,0.975,1.7151487059891224,0.0,431739,471031,39292,446003,446004,446003.75,0.1542360931634903,0.001,0.1953125,1.0,100.0,0.0234375,2.886751345948129,12.0,0.10473751785854499,-0.01466494652753075,0.0014143871803147098,0.00011923385231777199,3.074733257293701,0.3798120371617617,1e-06,2.8086047172546387,4.0,-3.0,0.94140625,1.0,0.0,1.8671988248825073,3.0,-3.0,0.0,0.0,0.0,2.7963476181030273,3.997199773788452,-3.0206096172332764,7.3813875012263e-09,1.0000001192092896,9.29518985748291,-9.281576156616211,7.3813875012263e-09,9.29518985748291,-9.281576156616211,96.89990234375,1024.0,23.0,0.00048828125,774.201171875,2048.0,414.0,0.005859375,34.99040547000186,11.249410463999084,1.737422994003282,42.50781165900116,111.63196062999486,0.0009738836242987205,0.17631760721791204,0.006305670335730968,0.023827048348248846,7.389585899996746,13.66393479800172
61,,,,,437574,452616,15042,446020,446020,446020.0,0.15696559846401215,0.001,0.185546875,1.0,95.0,0.0234375,2.8136571693556887,12.0,0.10712866559624672,-0.03664154006789128,0.0015438337383481364,0.00016373680506755287,2.8584503829479218,0.37299840300501075,1e-06,2.736511707305908,4.0,-3.0,0.94775390625,1.0,0.0,1.7887578010559082,3.0,-3.0,0.0,0.0,0.0,2.724308490753174,3.9966495037078857,-3.0235042572021484,1.2511562452743874e-08,0.9999998807907104,8.258410453796387,-8.179234504699707,1.2511562452743874e-08,8.258410453796387,-8.179234504699707,95.279296875,1024.0,15.0,0.0009765625,775.853515625,2048.0,399.0,0.005859375,41.021374001997174,11.241220837000583,1.4065012040009606,43.25153545400099,97.04467499499879,0.0007883621833107039,0.2102237152389007,0.006300850206829617,0.02424304709093818,,
62,,,,,423110,445633,22523,435545,435546,435545.25,0.0010207034647464752,0.001,0.177734375,1.0,91.0,0.021484375,2.8762349126466136,11.0,0.08664206142226855,-0.11604038793593645,0.0011897023097844795,9.285113210353302e-05,172.5886211693287,0.36709163166036163,1e-06,2.6943466663360596,4.0,-3.0,0.92431640625,1.0,0.0,1.7700306177139282,3.0,-3.0,0.0,0.0,0.0,2.8406717777252197,110.8322982788086,-3.034134864807129,4.741400161378806e-09,0.9999998807907104,2.9580183029174805,-7.221189022064209,4.741400161378806e-09,2.9580183029174805,-7.221189022064209,100.56884765625,1024.0,27.0,0.00146484375,750.10546875,2048.0,402.0,0.00390625,31.956082055003208,11.085898520002957,1.2939370649983175,42.84910441700049,87.28745333600091,0.0007427110415039066,0.15515297285948199,0.006363230066223289,0.024595093401317367,,
63,,,,,424865,452840,27975,438204,438205,438204.75,0.10985518991947174,0.001,0.1953125,1.0,100.0,0.0078125,5.0,4.0,0.12179078893928692,-0.02143530711403181,0.0014750690988248921,-0.00014365100030082776,187.5668985247612,0.3754993474483351,1e-06,2.579331874847412,4.0,-3.0,0.93603515625,1.0,0.0,1.6432965993881226,3.0,-3.0,0.0,0.0,0.0,2.618791103363037,109.841064453125,-3.0236589908599854,-6.167316435323755e-09,0.9999999403953552,9.897241592407227,-9.789908409118652,-6.167316435323755e-09,9.897241592407227,-9.789908409118652,96.64599609375,1024.0,26.0,0.00048828125,759.22265625,2048.0,418.0,0.001953125,34.31025929399766,11.275276421001763,1.309427064996271,42.131177470000694,89.14175141799933,0.0007470406613553772,0.17334454579625053,0.006432653012662324,0.02403623960602931,,
64,,,,,435645,456722,21077,445601,445622,445606.5,0.16124092042446136,0.001,0.154296875,1.0,79.0,0.015625,3.142451272494134,8.0,0.14257720708847046,-0.06055990097423394,0.0012284894997719674,2.093627263093367e-05,2.3420641124248505,0.3808439014285058,1e-06,2.6796302795410156,4.0,-3.0,0.92529296875,1.0,0.0,1.754337191581726,3.0,-3.0,0.0,0.0,0.0,2.666937828063965,3.9971067905426025,-3.0568363666534424,2.4904431850103492e-09,0.9999999403953552,4.647658348083496,-7.881699085235596,2.4904431850103492e-09,4.647658348083496,-7.881699085235596,95.7333984375,1024.0,33.0,0.0009765625,774.591796875,2048.0,422.0,0.005859375,36.9341845730014,11.679835355003888,1.547762882997631,42.332199398995726,92.60786623699823,0.0008683462219456129,0.1883801275769981,0.006552774339582058,0.023749765431493777,,
65,,,,,440702,475268,34566,452480,452480,452480.0,0.1067393496632576,0.001,0.177734375,1.0,91.0,0.01953125,3.0166206257996713,10.0,0.13026443170383573,0.06091475224820897,0.0013960846972622676,0.00017737690921260096,221.14297226071358,0.37618277230175046,1e-06,2.613201141357422,4.0,-3.0,0.9443359375,1.0,0.0,1.6688649654388428,3.0,-3.0,0.0,0.0,0.0,2.6572999954223633,118.26438903808594,-3.0505359172821045,-2.407888466393615e-08,1.000000238418579,5.959998607635498,-7.7838134765625,-2.407888466393615e-08,5.959998607635498,-7.7838134765625,99.015625,1024.0,30.0,0.0009765625,784.734375,2048.0,418.0,0.0078125,35.84857845100487,12.066300778002187,1.342909334001888,43.52007335399685,92.88035016500362,0.0007419716528917786,0.1767820856231501,0.006666759181622495,0.02404530219788546,,
66,,,,,416983,443686,26703,433419,433419,433419.0,0.11518189311027527,0.001,0.154296875,1.0,79.0,0.017578125,2.96273147243853,9.0,0.08530081622302532,-0.07790302172569293,0.001072691847054687,-7.201322205219185e-05,111.46909707784653,0.38564598838374603,1e-06,2.821204662322998,4.0,-3.0,0.9326171875,1.0,0.0,1.888587474822998,3.0,-3.0,0.0,0.0,0.0,2.8602805137634277,109.47113037109375,-3.0168251991271973,1.273369742982311e-09,0.9999998807907104,9.31020736694336,-9.227285385131836,1.273369742982311e-09,9.31020736694336,-9.227285385131836,93.6171875,1024.0,33.0,0.00048828125,752.904296875,2048.0,393.0,0.001953125,29.13443746199482,11.425170187998447,1.2851039450033568,40.58087445300043,82.53056701400055,0.0007412595808001938,0.15195713438827307,0.006590141518944974,0.023407415487669225,,
67,,,,,425069,443939,18870,431931,431932,431931.75,0.16518330574035645,0.001,0.173828125,1.0,89.0,0.029296875,2.4358434541926814,15.0,0.08122609196496862,0.07013906154315919,0.0010877831830709641,4.275194805813953e-05,761.8018415570259,0.3719307385527502,1e-06,2.816075086593628,4.0,-3.0,0.95703125,1.0,0.0,1.8590443134307861,3.0,-3.0,0.0,0.0,0.0,2.8029322624206543,3.9953830242156982,-3.041163921356201,1.2492164636057623e-08,0.9999998807907104,8.661444664001465,-8.656818389892578,1.2492164636057623e-08,8.661444664001465,-8.656818389892578,95.42724609375,740.0,32.0,0.0,748.189453125,2048.0,418.0,0.001953125,30.429219924997597,10.966853026002354,1.2859544129969436,41.9277706119974,84.7113654010027,0.0007443041713169636,0.15569995100671627,0.006347561290645082,0.024267590083385512,,
68,,,,,424813,452651,27838,439475,439475,439475.0,0.16354987025260925,0.001,0.1484375,1.0,76.0,0.0078125,4.358898943540674,4.0,0.10995909205541529,0.08604220201357685,0.0009700238006189466,0.00010249721601902475,2.4297118186950684,0.3679170368319831,1e-06,2.8416457176208496,4.0,-3.0,0.953125,1.0,0.0,1.8885209560394287,3.0,-3.0,0.0,0.0,0.0,2.8288724422454834,3.9972453117370605,-3.0115714073181152,1.3947125232505186e-08,1.0000001192092896,5.310338973999023,-16.0164737701416,1.3947125232505186e-08,5.310338973999023,-16.0164737701416,94.01953125,405.0,22.0,0.0,764.330078125,2048.0,414.0,0.001953125,27.852592073999404,11.169805846002419,1.7737416699965252,43.2581475390034,84.16636306700093,0.0010090117014599949,0.14464971578586253,0.006354062145743454,0.024607854564539167,,
69,,,,,429438,481842,52404,455198,455199,455198.75,0.12475128471851349,0.001,0.18359375,1.0,94.0,0.0078125,4.847679857416329,4.0,0.10222419363356405,-0.04086553384249489,0.0011132837502255796,-5.991534987603494e-05,848875.1151069105,0.3723588822269056,1e-06,2.6633386611938477,4.0,-3.0,0.94140625,1.0,0.0,1.7219321727752686,3.0,-3.0,0.0,0.0,0.0,2.694383144378662,94.21322631835938,-3.0211143493652344,8.94458374034457e-09,0.9999999403953552,4.005026340484619,-11.841689109802246,8.94458374034457e-09,4.005026340484619,-11.841689109802246,99.95654296875,1024.0,28.0,0.00048828125,789.103515625,2048.0,399.0,0.009765625,36.511734259998775,11.540285007999046,1.3421032870028284,44.247458865000226,93.74517740699957,0.0007370974145924327,0.17835746129909372,0.006338047395779891,0.024301175511246585,,
70,2.7781276065856217,0.975,1.8031276021152736,0.0,427942,447671,19729,436938,436939,436938.75,0.113453209400177,0.001,0.142578125,1.0,73.0,0.01953125,2.701851217221259,10.0,0.09171779428062768,-0.11972445307363724,0.0012827629588769171,8.756717742753921e-05,467.0372871160507,0.37547557846579893,1e-06,2.7877936363220215,4.0,-3.0,0.93212890625,1.0,0.0,1.855664610862732,3.0,-3.0,0.0,0.0,0.0,2.8251709938049316,105.89614868164062,-3.0221965312957764,1.2497792800658658e-09,0.9999998211860657,4.537613868713379,-7.695926666259766,1.2497792800658658e-09,4.537613868713379,-7.695926666259766,95.38427734375,1024.0,24.0,0.0009765625,758.01171875,2048.0,389.0,0.005859375,33.426697315997444,11.318092055000307,1.5327393469997332,42.08071647800534,109.35803895200661,0.0008769760904701936,0.17111446459888016,0.006475788686057432,0.02407701106734373,7.354230894998182,13.542677810997702
71,,,,,432199,445553,13354,438040,438041,438040.5,0.06053595617413521,0.001,0.18359375,1.0,94.0,0.01171875,3.958114029012639,6.0,0.08752880751022271,0.08563119711886559,0.004293369459836478,-0.0001752689793517805,345.6485652923584,0.3858567050638725,1e-06,2.771162748336792,4.0,-3.0,0.92822265625,1.0,0.0,1.8429402112960815,3.0,-3.0,0.0,0.0,0.0,2.8699893951416016,117.98418426513672,-3.0324301719665527,-2.396032883211774e-08,1.0,7.697328090667725,-9.514482498168945,-2.396032883211774e-08,7.697328090667725,-9.514482498168945,94.5302734375,1024.0,32.0,0.0009765625,761.017578125,2048.0,389.0,0.00390625,29.27382421999937,11.151978264999343,1.7023332559983828,41.04849686200032,83.28466604500136,0.0009715615656533944,0.15120933181127577,0.00636469588143068,0.023427341114577487,,
72,,,,,422328,450879,28551,433013,433014,433013.75,0.17035938799381256,0.001,0.126953125,1.0,65.0,0.01171875,3.2914029430219167,6.0,0.0833321974195283,0.03379863206746763,0.0014514832482432369,0.00023588450921093243,2.5235612094402313,0.38443732360759836,1e-06,2.899707317352295,4.0,-3.0,0.9521484375,1.0,0.0,1.9475586414337158,3.0,-3.0,0.0,0.0,0.0,2.886387825012207,3.9972317218780518,-3.0192272663116455,-1.756241907457934e-08,0.9999998807907104,12.659194946289062,-12.676467895507812,-1.756241907457934e-08,12.659194946289062,-12.676467895507812,93.33154296875,372.0,26.0,0.0,752.3984375,2048.0,399.0,0.005859375,27.19533866400161,10.920218027000374,1.4058881649980322,40.672170354002446,80.30341015099839,0.0008116879458204458,0.14227745020221305,0.006304775556781034,0.023482031664122934,,
73,,,,,421800,451419,29619,441589,441590,441589.25,0.11223180592060089,0.001,0.150390625,1.0,77.0,0.017578125,2.9249881291307074,9.0,0.08871278399601579,-0.09161905944347382,0.0015012827394197562,0.0001319892183216455,2.240224876822528e+16,0.3828204923715434,1e-06,2.7710585594177246,4.0,-3.0,0.931640625,1.0,0.0,1.839417815208435,3.0,-3.0,0.0,0.0,0.0,2.816159963607788,120.26995086669922,-3.0411393642425537,1.4534487391415496e-08,1.0,9.422719955444336,-9.331676483154297,1.4534487391415496e-08,9.422719955444336,-9.331676483154297,95.34619140625,1024.0,34.0,0.00048828125,767.1328125,2048.0,423.0,0.00390625,28.4906767059947,11.179984313996101,1.3608097239994095,41.68892752999818,82.84399924600439,0.0007704046939545117,0.14590476064298327,0.006329402444690457,0.023601643116311244,,
74,,,,,434734,475243,40509,449006,449007,449006.75,0.1198120266199112,0.001,0.1796875,1.0,92.0,0.01953125,3.03315017762062,10.0,0.10244980250154773,-0.08244449137559821,0.001561832373901721,-3.4521343378958504e-05,269.5887883901596,0.3737904408467837,1e-06,2.7401604652404785,4.0,-3.0,0.9404296875,1.0,0.0,1.7997307777404785,3.0,-3.0,0.0,0.0,0.0,2.780970335006714,115.15985107421875,-3.028066635131836,1.350722467208243e-08,1.0,9.462003707885742,-9.390447616577148,1.350722467208243e-08,9.462003707885742,-9.390447616577148,97.08154296875,1024.0,36.0,0.00048828125,779.884765625,2048.0,426.0,0.0078125,29.40044998400117,11.28237578500557,1.3227527309936704,43.461180699996476,85.58330027200282,0.0007364882214987138,0.1478724794616376,0.006281851990535538,0.024198511882057717,,
75,,,,,415195,447569,32374,429877,429878,429877.25,0.12402305006980896,0.001,0.13671875,1.0,70.0,0.005859375,4.83045891539648,3.0,0.07387355515926049,0.05773767654719795,0.001283847058496984,7.619764174109903e-06,3.523541510105133,0.3796526511792939,1e-06,2.7179980278015137,4.0,-3.0,0.94482421875,1.0,0.0,1.7731738090515137,3.0,-3.0,0.0,0.0,0.0,2.7574687004089355,109.42911529541016,-3.0213465690612793,1.1907403063560196e-08,1.0,9.890983581542969,-15.299410820007324,1.1907403063560196e-08,9.890983581542969,-15.299410820007324,95.10791015625,1024.0,26.0,0.00048828125,744.49609375,2048.0,399.0,0.0078125,26.911562549001246,11.40850139700342,1.7198975080027594,40.913761906005675,81.25822198700189,0.0010002259412441338,0.1381631809519473,0.006634743637284492,0.023793863193507958,,
76,,,,,422460,462939,40479,436623,436624,436623.75,0.11333329975605011,0.001,0.138671875,1.0,71.0,0.01953125,2.6645825188948455,10.0,0.08228548012416938,0.08902952110330606,0.01113355035716989,0.003700193293203985,34.26555219292641,0.38721792535561295,1e-06,2.7942042350769043,4.0,-3.0,0.94384765625,1.0,0.0,1.8503566980361938,3.0,-3.0,0.0,0.0,0.0,2.838242769241333,115.31391906738281,-3.0351953506469727,-3.6309018014435424e-09,0.9999999403953552,4.979259967803955,-8.52427864074707,-3.6309018014435424e-09,4.979259967803955,-8.52427864074707,98.49560546875,1024.0,32.0,0.00048828125,754.28515625,2048.0,421.0,0.00390625,30.05639571500069,11.668050427004346,1.3771487530029844,40.72130134200415,83.93262831399625,0.0007885214403722796,0.14900131229582086,0.006680838151271172,0.023316013697150095,,
77,,,,,431637,467548,35911,443132,443133,443132.25,0.11330777406692505,0.001,0.107421875,1.0,55.0,0.017578125,2.4720661623652207,9.0,0.09616980419076722,-0.035673729264466415,0.0013306437437583145,-1.0732966231820494e-05,62.55349212884903,0.3921542780220935,1e-06,2.833487033843994,4.0,-3.0,0.93896484375,1.0,0.0,1.8945221900939941,3.0,-3.0,0.0,0.0,0.0,2.882202386856079,127.91813659667969,-3.0306057929992676,-2.4926425368221317e-09,0.9999999403953552,7.070954322814941,-9.834054946899414,-2.4926425368221317e-09,7.070954322814941,-9.834054946899414,95.64892578125,1024.0,30.0,0.0009765625,769.84375,2048.0,393.0,0.001953125,37.97287395699823,11.91702732200065,1.339766883997072,40.889053451006475,92.22312784899987,0.0007558504735307981,0.19384893463644323,0.006723177630380462,0.023068199984884012,,
78,,,,,426472,449517,23045,438153,438154,438153.25,0.014932963997125626,0.001,0.1328125,1.0,68.0,0.017578125,2.748737083745107,9.0,0.08821149337394484,-0.03789568657119726,0.00128886126110266,-2.1796894073084894e-05,135.85087317228317,0.3746960445001649,1e-06,2.876971960067749,4.0,-3.0,0.9501953125,1.0,0.0,1.9267768859863281,3.0,-3.0,0.0,0.0,0.0,3.025745391845703,115.86811065673828,-3.016899585723877,0.0,0.9999999403953552,4.423305988311768,-7.444209575653076,0.0,4.423305988311768,-7.444209575653076,95.24853515625,1024.0,29.0,0.00146484375,760.51953125,2048.0,407.0,0.005859375,30.730904837000708,11.220622681998066,1.5081368750034017,42.30623781099712,85.86941341899364,0.0008605076391670047,0.15753863933787896,0.006402224953254407,0.02413895013388416,,
79,,,,,430328,458296,27968,447134,447134,447134.0,-0.0038516707718372345,0.001,0.12109375,1.0,62.0,0.01953125,2.4899799195977463,10.0,0.07726476774100334,-0.006919279499279876,0.005862072506363714,0.0008000209007208937,67.19069474935532,0.37260724069570955,1e-06,2.8068342208862305,4.0,-3.0,0.9384765625,1.0,0.0,1.8683576583862305,3.0,-3.0,0.0,0.0,0.0,2.971501111984253,124.96488952636719,-3.028550386428833,-1.2099107271623666e-09,0.9999999403953552,3.4581971168518066,-7.701452732086182,-1.2099107271623666e-09,3.4581971168518066,-7.701452732086182,98.52734375,1024.0,31.0,0.00146484375,774.78125,2048.0,414.0,0.00390625,30.65258143700339,11.643769638998492,1.7157537219973165,43.420278573998075,87.54492690099869,0.0009593062269908553,0.15190788881677136,0.006510223802595247,0.024276994465863743,,
80,2.7954760868102313,0.975,1.820476086437702,0.0,433995,452589,18594,443033,443034,443033.25,0.12661108374595642,0.001,0.126953125,1.0,65.0,0.013671875,3.0472470011002204,7.0,0.10549947035809358,0.02927747005596757,0.0010730727148863177,-1.1708540356873225e-05,149.7341070473194,0.37701669471967075,1e-06,2.694577932357788,4.0,-3.0,0.93603515625,1.0,0.0,1.7585426568984985,3.0,-3.0,0.0,0.0,0.0,2.741448163986206,123.584228515625,-3.02648663520813,0.0,0.9999999403953552,3.166159152984619,-9.23840618133545,0.0,3.166159152984619,-9.23840618133545,94.09423828125,1024.0,30.0,0.0009765625,771.205078125,2048.0,418.0,0.009765625,37.43878489900089,11.136801435997768,1.3420991230013897,42.506536939006764,115.11926177500573,0.0007573354387065698,0.19428029837835498,0.006284404971860333,0.02398608735292823,7.945185053999012,14.642990508997173
81,,,,,402874,464375,61501,436951,436952,436951.75,0.17647680640220642,0.001,0.14453125,1.0,74.0,0.009765625,3.847076812334269,5.0,0.07345880518356959,-0.04918187322715918,0.0014698814930549512,2.910790553869447e-05,3.013607919216156,0.3846615953866848,1e-06,2.878319263458252,4.0,-3.0,0.94970703125,1.0,0.0,1.928612232208252,3.0,-3.0,0.0,0.0,0.0,2.864563465118408,3.996565103530884,-3.0157859325408936,1.7828433840350044e-08,1.0000001192092896,13.107016563415527,-13.101801872253418,1.7828433840350044e-08,13.107016563415527,-13.101801872253418,91.93896484375,505.0,35.0,0.0,761.482421875,2048.0,399.0,0.001953125,32.0320510599995,11.197878460996435,1.6105087559990352,41.04116944099951,85.98698142100329,0.0009214454204606316,0.17011992639053117,0.006406816348141662,0.023481522525656155,,
82,,,,,413614,453622,40008,440411,440411,440411.0,0.05782129243016243,0.001,0.123046875,1.0,63.0,0.0234375,2.29128784747792,12.0,0.07269055303186178,0.1341294507185618,0.0018424256530124694,-0.009434178385117776,728.59760171175,0.3866410955139138,1e-06,2.783299446105957,4.0,-3.0,0.94775390625,1.0,0.0,1.835545301437378,3.0,-3.0,0.0,0.0,0.0,2.887523889541626,122.2672119140625,-3.034017324447632,-2.0159001579145297e-08,1.0000001192092896,4.699498176574707,-7.5630879402160645,-2.0159001579145297e-08,4.699498176574707,-7.5630879402160645,94.615234375,1024.0,30.0,0.0009765625,765.5625,2048.0,389.0,0.00390625,30.175172063994978,11.182923478001612,1.3259820550010772,41.1371239709988,83.92570349599555,0.0007526958085748751,0.15572514121748746,0.0063480041813224536,0.023351553418851256,,
83,,,,,430754,444967,14213,435911,435912,435911.25,0.11678851395845413,0.001,0.16015625,1.0,82.0,0.015625,3.2015621187164243,8.0,0.0752853172477977,-0.08216896306337981,0.0014787234500419862,0.0001013205463346696,2.51973232626915,0.3650717224706059,1e-06,2.736671209335327,4.0,-3.0,0.9345703125,1.0,0.0,1.8021011352539062,3.0,-3.0,0.0,0.0,0.0,2.782660961151123,123.52091217041016,-3.0174779891967773,1.2268804638893016e-08,0.9999999403953552,7.485385894775391,-9.742145538330078,1.2268804638893016e-08,7.485385894775391,-9.742145538330078,97.16455078125,1024.0,33.0,0.00048828125,754.224609375,2048.0,413.0,0.005859375,26.296724601001188,11.15359560300567,1.3364698540026438,43.11936807400343,82.0092270219975,0.000766480478539292,0.13214899318569592,0.0063967124059115645,0.024729442102035353,,
84,,,,,423927,462739,38812,439757,439758,439757.75,-0.0613807737827301,0.001,0.10546875,1.0,54.0,0.01171875,3.0,6.0,0.07991428063090505,-0.06706349448911075,0.01422983059531142,0.028303771180303715,140.64595273137093,0.3807409482303548,1e-06,2.831702470779419,4.0,-3.0,0.93408203125,1.0,0.0,1.897620677947998,3.0,-3.0,0.0,0.0,0.0,3.060296058654785,134.31167602539062,-3.0269949436187744,1.2283496442222486e-09,1.0,4.450185775756836,-8.31301212310791,1.2283496442222486e-09,4.450185775756836,-8.31301212310791,97.04833984375,1024.0,32.0,0.00244140625,761.853515625,2048.0,416.0,0.005859375,34.23494484200637,11.190960717998678,1.5745855490022223,41.80383654299658,88.919550736995,0.0008951437177640543,0.17224696154565355,0.006362003124446743,0.02376526425230515,,
85,,,,,425183,447951,22768,441021,441022,441021.75,0.12071504443883896,0.001,0.1328125,1.0,68.0,0.0234375,2.3804761428476167,12.0,0.08182130856760617,-0.012135107198665882,0.0014032952563740827,0.00015864864740408315,62.41862994432449,0.3738247352344991,1e-06,2.8075249195098877,4.0,-3.0,0.9365234375,1.0,0.0,1.8710012435913086,3.0,-3.0,0.0,0.0,0.0,2.8580381870269775,135.7178955078125,-3.0308637619018555,7.06444014397789e-09,1.0000001192092896,5.756939888000488,-8.0714693069458,7.06444014397789e-09,5.756939888000488,-8.0714693069458,92.81005859375,1024.0,18.0,0.00048828125,768.560546875,2048.0,393.0,0.005859375,29.22561005500029,11.262114870005462,1.3459792219946394,42.67751455299731,84.61446400500427,0.0007629891394214908,0.15375830622123,0.00638410399827529,0.02419240919126852,,
86,,,,,442404,459852,17448,448541,448541,448541.0,0.0496240109205246,0.001,0.15234375,1.0,78.0,0.021484375,2.6628760937957834,11.0,0.0650148339449398,-0.002941351804521776,0.0014515141355654886,8.653100818382001e-05,115.89886111021042,0.38998452851509846,1e-06,2.8248674869537354,4.0,-3.0,0.93408203125,1.0,0.0,1.8907854557037354,3.0,-3.0,0.0,0.0,0.0,2.9431347846984863,138.91297912597656,-3.035675287246704,0.0,0.9999999403953552,5.972256183624268,-8.090611457824707,0.0,5.972256183624268,-8.090611457824707,94.669921875,1024.0,27.0,0.0009765625,781.38671875,2048.0,414.0,0.005859375,27.70690651499899,11.74886350799352,1.5456137420042069,41.62478576799913,82.75000783899304,0.0008614673697634145,0.14290455383115158,0.006548377688992488,0.0232001008648034,,
87,,,,,425574,442491,16917,432173,432174,432173.25,0.18704411387443542,0.001,0.12109375,1.0,62.0,0.009765625,3.521363372331802,5.0,0.08057511810745512,0.061522115042212784,0.0016145851290535315,0.00030930510768355034,21.089109003543854,0.3790342471509886,1e-06,2.799055576324463,4.0,-3.0,0.94091796875,1.0,0.0,1.8581374883651733,3.0,-3.0,0.0,0.0,0.0,2.7847769260406494,3.9977986812591553,-3.020228624343872,9.578144499755581e-09,1.0,5.067906856536865,-14.081443786621094,9.578144499755581e-09,5.067906856536865,-14.081443786621094,92.56689453125,501.0,24.0,0.0,751.521484375,2048.0,389.0,0.005859375,28.637082468994777,10.993692160001956,1.361387876997469,41.19208955799695,82.29323280700191,0.0007875243765072624,0.15105778901973752,0.00635953992987879,0.023828458585762165,,
88,,,,,419345,471539,52194,439562,439563,439562.5,-0.0033547040075063705,0.001,0.115234375,1.0,59.0,0.017578125,2.560381915956203,9.0,0.08275921931811447,-0.03240855873144906,0.014374234681499416,0.02916349028186985,350.90804344415665,0.3887435609238376,1e-06,2.876699686050415,4.0,-3.0,0.9365234375,1.0,0.0,1.9401763677597046,3.0,-3.0,0.0,0.0,0.0,3.045938014984131,131.47744750976562,-3.022045373916626,1.2214971256696572e-08,1.0000001192092896,4.312997341156006,-8.029013633728027,1.2214971256696572e-08,4.312997341156006,-8.029013633728027,97.5927734375,1024.0,33.0,0.00146484375,760.927734375,2048.0,399.0,0.005859375,31.17996065400075,11.608181329997024,1.3154696170022362,40.85642617799749,85.07667023300019,0.000748169837623908,0.15600120405263798,0.00660212218398807,0.02323698346537608,,
89,,,,,445164,450426,5262,447363,447363,447363.0,0.1236777976155281,0.001,0.109375,1.0,56.0,0.013671875,2.8284271247461903,7.0,0.06365998341671882,0.06477425816739278,0.0011839641937835804,0.00011949357028037588,152.20360976457596,0.3730215119438559,1e-06,2.8387579917907715,4.0,-3.0,0.9453125,1.0,0.0,1.8934454917907715,3.0,-3.0,0.0,0.0,0.0,2.8875977993011475,132.96377563476562,-3.0092833042144775,-1.2552475725513546e-09,0.9999998211860657,4.4915313720703125,-10.405668258666992,-1.2552475725513546e-09,4.4915313720703125,-10.405668258666992,94.96875,1024.0,31.0,0.00048828125,778.787109375,2048.0,425.0,0.00390625,31.867759710999962,11.615275823001866,1.7269031320029171,43.35902563499985,88.67477855800098,0.0009650457972624676,0.1638478925582015,0.006490968085761376,0.024230337351881945,,
90,2.7005085576325656,0.975,1.7255085542798043,0.0,425049,451567,26518,438726,438727,438726.75,0.11869347095489502,0.001,0.130859375,1.0,67.0,0.01953125,2.588435821108957,10.0,0.06267174789360885,0.2497411809925889,0.002059657959636815,-0.012865229551921245,669.2923811078072,0.38079423878325686,1e-06,2.7301368713378906,4.0,-3.0,0.95361328125,1.0,0.0,1.7765235900878906,3.0,-3.0,0.0,0.0,0.0,2.782986879348755,141.22225952148438,-3.0412580966949463,-8.184230182450847e-09,0.9999998807907104,4.089909076690674,-9.704998016357422,-8.184230182450847e-09,4.089909076690674,-9.704998016357422,94.67724609375,1024.0,17.0,0.00048828125,762.2109375,2048.0,418.0,0.00390625,30.45828812599939,11.149483920999046,1.5902843639996718,41.65211960400484,109.29953534800006,0.0009061929572334441,0.15708326564860772,0.006353318962770703,0.02373465921784165,10.145570544998918,14.202338978997432
91,,,,,412145,454842,42697,436147,436148,436147.75,0.057958848774433136,0.001,0.103515625,1.0,53.0,0.0078125,3.640054944640259,4.0,0.09304138818948433,0.027958721564761525,0.012768944922096,0.01631049424006427,97.68454629182816,0.3766139313192315,1e-06,2.838318347930908,4.0,-3.0,0.95068359375,1.0,0.0,1.8876347541809082,3.0,-3.0,0.0,0.0,0.0,2.9544880390167236,140.86981201171875,-3.034193754196167,-4.084518678837412e-08,1.0000001192092896,5.923947334289551,-10.038949012756348,-4.084518678837412e-08,5.923947334289551,-10.038949012756348,93.39404296875,1024.0,33.0,0.0009765625,758.45703125,1981.0,407.0,0.0,30.161237320004147,11.590088680000918,1.3481485700031044,41.83382863999577,85.03638764600328,0.0007727590994124722,0.15768850123648723,0.006643441746518764,0.023979161098501466,,
92,,,,,420400,448080,27680,437289,437289,437289.0,-0.015358952805399895,0.001,0.095703125,1.0,49.0,0.017578125,2.3333333333333335,9.0,0.07769833473039084,0.06332206807966376,0.025861004285177153,0.014693799605522835,283.2789686024189,0.3708520022534573,1e-06,2.8849923610687256,4.0,-3.0,0.94140625,1.0,0.0,1.9435861110687256,3.0,-3.0,0.0,0.0,0.0,3.0751469135284424,141.62158203125,-3.0259642601013184,-2.5877704423749037e-09,1.0,7.570024013519287,-7.373847484588623,-2.5877704423749037e-09,7.570024013519287,-7.373847484588623,92.1328125,1024.0,33.0,0.00146484375,761.947265625,2048.0,399.0,0.001953125,28.72126633299922,11.141650246994686,1.473556033000932,42.57484966699849,84.0202961909963,0.0008424383148220811,0.15221564875879345,0.006369729313448707,0.024340224466541858,,
93,,,,,423226,459522,36296,441329,441329,441329.0,-0.0702032744884491,0.001,0.111328125,1.0,57.0,0.01171875,3.082207001484488,6.0,0.08842289658884207,0.0317312257985274,0.015366077914950437,0.013370212695008377,99.8956378698349,0.3740699596655892,1e-06,2.741725206375122,4.0,-3.0,0.94091796875,1.0,0.0,1.8008073568344116,3.0,-3.0,0.0,0.0,0.0,2.9891481399536133,141.912109375,-3.013845920562744,1.554078998822206e-08,1.0000001192092896,4.351194858551025,-7.081323623657227,1.554078998822206e-08,4.351194858551025,-7.081323623657227,92.048828125,1024.0,22.0,0.001953125,769.921875,2048.0,420.0,0.0078125,26.723229547998926,21.334805933998723,1.7626173450044007,42.680987239997194,92.81397510800161,0.0009984712906949242,0.14175576369113987,0.012085544986845824,0.024177533789982754,,
94,,,,,419797,450152,30355,435475,435476,435475.5,0.1887955218553543,0.001,0.12109375,1.0,62.0,0.017578125,2.6246692913372702,9.0,0.05224671812149985,-0.00045454386493255355,0.0016545367884802922,0.0003555824516987396,2.9381417632102966,0.3773760441985882,1e-06,2.816998243331909,4.0,-3.0,0.9462890625,1.0,0.0,1.8707094192504883,3.0,-3.0,0.0,0.0,0.0,2.8024866580963135,3.997321367263794,-3.017163038253784,-5.126043145509129e-09,0.9999998807907104,4.917627811431885,-11.741355895996094,-5.126043145509129e-09,4.917627811431885,-11.741355895996094,93.0224609375,655.0,14.0,0.0,757.515625,2048.0,416.0,0.00390625,31.784086883999407,11.229328795001493,1.3233455529989442,41.65748879400053,86.09517149900057,0.0007597129763895696,0.16683684260143514,0.006446590448257992,0.023914944006035086,,
95,,,,,429662,442794,13132,435364,435365,435364.5,0.12384796142578125,0.001,0.095703125,1.0,49.0,0.01953125,2.2135943621178655,10.0,0.06699572543480567,-0.025472015674625124,0.001383144104953057,0.00024182215812678414,125.34204977750778,0.3823767801707513,1e-06,2.7919890880584717,4.0,-3.0,0.92919921875,1.0,0.0,1.8627898693084717,3.0,-3.0,0.0,0.0,0.0,2.8474574089050293,146.20387268066406,-3.037731170654297,9.243849241613589e-09,1.0000001192092896,6.436540603637695,-9.274296760559082,9.243849241613589e-09,6.436540603637695,-9.274296760559082,90.2724609375,1024.0,22.0,0.00048828125,760.048828125,2048.0,399.0,0.001953125,28.262276266999834,11.341573955993226,1.3402343839989044,41.15485230500053,82.20584578900161,0.0007696047702550991,0.1528698723861132,0.006512688767683876,0.023632411637260577,,
96,,,,,438595,455695,17100,449455,449456,449455.25,0.06011570617556572,0.001,0.09375,1.0,48.0,0.015625,2.449489742783178,8.0,0.06591913424199447,-0.06076128992026497,0.0014082146153668873,0.0001007401453989587,455.4736295938492,0.37362206114044405,1e-06,2.7711246013641357,4.0,-3.0,0.94140625,1.0,0.0,1.8297183513641357,3.0,-3.0,0.0,0.0,0.0,2.8873395919799805,145.4005889892578,-3.036907434463501,-1.3585530034276871e-08,1.0000001192092896,5.935327529907227,-8.180708885192871,-1.3585530034276871e-08,5.935327529907227,-8.180708885192871,96.52197265625,1024.0,34.0,0.0009765625,781.3203125,2048.0,407.0,0.0078125,31.820859204002772,11.41153122799733,1.3734545280021848,43.51315540500218,88.25075071700121,0.0007639551034291983,0.16097400913613003,0.006347423479866644,0.02420327463357152,,
97,,,,,412620,445376,32756,436337,436338,436337.5,0.18846938014030457,0.001,0.119140625,1.0,61.0,0.0078125,3.905124837953327,4.0,0.06564677847099715,0.03185389654967805,0.0015102841616367344,4.975667503333233e-06,4.250116944313049,0.3713918050773175,1e-06,2.82993221282959,4.0,-3.0,0.9462890625,1.0,0.0,1.8836431503295898,3.0,-3.0,0.0,0.0,0.0,2.8153140544891357,3.995840072631836,-2.9951157569885254,1.584455233683002e-08,0.9999998807907104,12.875921249389648,-16.192951202392578,1.584455233683002e-08,12.875921249389648,-16.192951202392578,92.1650390625,419.0,34.0,0.0,760.056640625,2048.0,393.0,0.00390625,26.58587857299426,11.16063229500287,1.4030049380016862,42.458593250994454,81.72932095900615,0.0008038530598456964,0.14084935192363743,0.006394495255967496,0.02432669278425213,,
98,,,,,442479,457940,15461,447917,447918,447917.5,0.12947918474674225,0.001,0.11328125,1.0,58.0,0.013671875,2.878491668515698,7.0,0.07842000077168147,0.03774334955960512,0.003403743860932688,-0.0014120271607832061,99.84936898946762,0.36829137933174666,1e-06,2.806717872619629,4.0,-3.0,0.9453125,1.0,0.0,1.861405372619629,3.0,-3.0,0.0,0.0,0.0,2.8532767295837402,126.29074096679688,-3.0280816555023193,8.946344109972415e-09,1.0000001192092896,5.973496437072754,-10.277608871459961,8.946344109972415e-09,5.973496437072754,-10.277608871459961,93.2744140625,1024.0,19.0,0.00048828125,781.564453125,2048.0,389.0,0.0078125,34.32451061699976,11.251880257004814,1.336207406995527,43.99371388900181,91.01380068000435,0.0007457887931346325,0.17968501992922303,0.006280107529291004,0.024554585324865524,,
99,,,,,431384,455102,23718,441392,441392,441392.0,0.11810849606990814,0.001,0.125,1.0,64.0,0.01171875,3.265986323710904,6.0,0.08272618273722715,0.16658512310221277,0.0020320759263242885,-0.007367121381729044,377.4223837852478,0.3863253693289418,1e-06,2.768815040588379,4.0,-3.0,0.9228515625,1.0,0.0,1.845963478088379,3.0,-3.0,0.0,0.0,0.0,2.823307752609253,144.00234985351562,-3.0444021224975586,-1.2420919404121378e-08,0.9999999403953552,3.6841676235198975,-10.883183479309082,-1.2420919404121378e-08,3.6841676235198975,-10.883183479309082,95.974609375,1024.0,20.0,0.00048828125,766.119140625,2048.0,399.0,0.005859375,38.444830596999964,11.312884278995625,1.3145549889959511,41.46757911800523,92.6406971999968,0.0007445507559017558,0.19559225155680807,0.006407504145405685,0.023486820738711413,,
100,2.7947942722588777,0.975,1.8197942689061164,0.0,432577,444439,11862,440276,440276,440276.0,0.18743754923343658,0.001,0.091796875,1.0,47.0,0.00390625,4.847679857416329,2.0,0.11101160238363914,-0.03239105372215688,0.0018657157259959994,0.0002848114082943149,3.1857694387435913,0.3682664858118697,1e-06,2.917780876159668,4.0,-2.0,0.9462890625,1.0,0.0,1.9714916944503784,3.0,-3.0,0.0,0.0,0.0,2.9033870697021484,3.9960787296295166,-2.043046236038208,1.3036842716473984e-08,0.9999997615814209,7.317935466766357,-18.1748046875,1.3036842716473984e-08,7.317935466766357,-18.1748046875,89.154296875,484.0,34.0,0.0,770.759765625,2048.0,418.0,0.00390625,28.937742620997597,11.627699244003452,1.3260339569969801,43.19509745800315,135.25600186899828,0.0007529560758461625,0.1584865523528249,0.00660250572595568,0.02452728371408114,7.897135465995234,42.168002074999094
