step,val/test_score/rlla,val/test_format/rlla,val/test_correctness/rlla,val/test_length/rlla,global_seqlen/min,global_seqlen/max,global_seqlen/minmax_diff,global_seqlen/balanced_min,global_seqlen/balanced_max,global_seqlen/mean,critic/kl,critic/kl_coeff,gd2po_hard/conflict_ratio,gd2po_hard/keep_ratio,actor/entropy_loss,actor/pg_loss,actor/pg_clipfrac,actor/ppo_kl,actor/grad_norm,mfu/actor,actor/lr,critic/score/mean,critic/score/max,critic/score/min,critic/format_score/mean,critic/format_score/max,critic/format_score/min,critic/correctness_score/mean,critic/correctness_score/max,critic/correctness_score/min,critic/length_score/mean,critic/length_score/max,critic/length_score/min,critic/rewards/mean,critic/rewards/max,critic/rewards/min,critic/advantages/mean,critic/advantages/var,critic/advantages/max,critic/advantages/min,critic/returns/mean,critic/returns/max,critic/returns/min,response_length/mean,response_length/max,response_length/min,response_length/clip_ratio,prompt_length/mean,prompt_length/max,prompt_length/min,prompt_length/clip_ratio,timing_s/gen,timing_s/ref,timing_s/adv,timing_s/update_actor,timing_s/step,timing_per_token_ms/ref,timing_per_token_ms/adv,timing_per_token_ms/gen,timing_per_token_ms/update_actor,timing_s/testing,timing_s/save_checkpoint
0,-2.51875,0.025,-2.54375,0.0,,,,,,,,,,,,,,,,,,,,,,,,,,,,,,,,,,,,,,,,,,,,,,,,,,,,,,,,,,
1,,,,,444328,459850,15522,452100,452101,452100.25,2.1220272174105048e-05,0.001,0.0,1.0,0.6839602710679173,-0.03390693356777774,0.0,0.0,5.019152045249939,0.35086356557755644,1e-06,-2.462324619293213,4.0,-3.0,0.0068359375,1.0,0.0,-2.469160556793213,3.0,-3.0,0.0,0.0,0.0,-2.4620368480682373,3.9999961853027344,-3.0016226768493652,-6.066283919636817e-09,0.9999997615814209,8.405543327331543,-3.8786089420318604,-6.066283919636817e-09,8.405543327331543,-3.8786089420318604,117.90673828125,1024.0,1.0,0.00341796875,765.1015625,2048.0,420.0,0.00390625,50.474292889000935,11.570248448000712,1.8676918599994679,46.595930064999266,110.61607747800008,0.006398054661549464,0.0010327863455060397,0.20902665262369266,0.02576637043719798,,
2,,,,,442079,465187,23108,449130,449131,449130.5,-0.0006095208809711039,0.001,0.0,1.0,0.5509830971558889,-0.05852080669719726,0.0030988680548034607,0.0002994600120208209,120.39654409885406,0.383734921455259,1e-06,-2.4093832969665527,4.0,-3.0,0.0048828125,1.0,0.0,-2.4142661094665527,3.0,-3.0,0.0,0.0,0.0,-2.408524751663208,4.00032901763916,-3.002441644668579,3.5187166513850343e-09,0.9999998807907104,9.189756393432617,-4.576875686645508,3.5187166513850343e-09,9.189756393432617,-4.576875686645508,118.5751953125,1024.0,1.0,0.00439453125,758.6328125,2048.0,389.0,0.001953125,52.828776008000204,11.638060068000414,1.2476644170001236,42.319838897999944,108.14601265599958,0.00647810606716779,0.0006944888050355763,0.2175438186475165,0.023556538076349717,,
3,,,,,450075,470332,20257,458928,458928,458928.0,0.011991944164037704,0.001,0.0009765625,0.9990234375,0.5912019129722349,-0.004030029980405685,0.005518985506627829,0.0016799768552206637,83.01328593492508,0.3807366345435287,1e-06,-2.1508734226226807,4.0,-3.0,0.00830078125,1.0,0.0,-2.1591742038726807,3.0,-3.0,0.0,0.0,0.0,-2.150991916656494,4.00074577331543,-3.002551794052124,3.19769384304891e-08,0.999435305595398,6.69575309753418,-3.3151750564575195,3.19769384304891e-08,6.69575309753418,-3.3151750564575195,108.111328125,1024.0,1.0,0.0029296875,788.232421875,2048.0,407.0,0.00390625,43.91199787499863,12.00422363600046,1.2819972739998775,43.63624909600003,100.93228295100016,0.006539273936216825,0.0006983651433339639,0.19832709101132112,0.023770748949726334,,
4,,,,,444352,461739,17387,454424,454424,454424.0,0.07250525057315826,0.001,0.00390625,0.99609375,0.5247515334237006,0.05327793766229015,0.004871098245794494,-0.006710653688294828,214.82953917980194,0.37462745558828126,1e-06,-1.3219116926193237,4.0,-3.0,0.0078125,1.0,0.0,-1.3297241926193237,3.0,-3.0,0.0,0.0,0.0,-1.3255585432052612,4.000824928283691,-5.092154502868652,2.5854733465280333e-08,0.9976516962051392,4.555428504943848,-2.743199110031128,2.5854733465280333e-08,4.555428504943848,-2.743199110031128,106.046875,1024.0,1.0,0.00439453125,781.5,2048.0,399.0,0.009765625,44.777027652999095,11.59192809399974,1.2765986719987268,43.90576737699848,101.66687531199932,0.006377264456762705,0.0007023169286826437,0.2061709318043645,0.024154626173462715,,
5,,,,,440894,455002,14108,449127,449128,449127.25,0.08174802362918854,0.001,0.0068359375,0.9931640625,0.5708916283422901,0.11323043343520933,0.004593483611731039,0.0008362171626480807,80.29559564590454,0.38992868022145516,1e-06,-0.5393895506858826,4.0,-3.0,0.01220703125,1.0,0.0,-0.5515965819358826,3.0,-3.0,0.0,0.0,0.0,-0.5437011122703552,3.9989750385284424,-5.394516944885254,1.322558151883868e-08,0.9937750697135925,3.9195799827575684,-2.7868781089782715,1.322558151883868e-08,3.9195799827575684,-2.7868781089782715,99.14892578125,1024.0,1.0,0.00341796875,778.052734375,2048.0,393.0,0.005859375,36.95984044299985,11.606710579999344,1.3280417759997363,41.65669128300033,91.65636689200073,0.006460702718438563,0.000739234691281667,0.18201707128047714,0.02318757728628152,,
6,,,,,426537,430372,3835,427660,427661,427660.5,0.11622526496648788,0.001,0.005859375,0.994140625,0.37064430425907,0.05159475680055289,0.002286665286098061,0.0003023401418902032,22.405774354934692,0.37547126120585267,1e-06,0.28426748514175415,4.0,-3.0,0.005859375,1.0,0.0,0.27840811014175415,3.0,-3.0,0.0,0.0,0.0,0.28032830357551575,3.997673273086548,-3.0242462158203125,1.0139046047186184e-08,0.9897109866142273,3.9672467708587646,-2.5984203815460205,1.0139046047186184e-08,3.9672467708587646,-2.5984203815460205,94.0595703125,1024.0,1.0,0.00244140625,741.21484375,2048.0,418.0,0.001953125,46.56821465699977,11.234875095999087,1.3039244880001206,41.13239629899908,100.34152786100094,0.006567636651034574,0.0007622427649970717,0.24174452410789254,0.02404500550027363,,
7,,,,,424811,472963,48152,438928,438929,438928.75,0.11378288269042969,0.001,0.00048828125,0.99951171875,0.48393751978874205,0.04831683752806081,0.002405822672881186,0.00019828458656168853,4.362609267234802,0.37469696983171474,1e-06,0.6261270046234131,3.142857074737549,-3.0,0.00537109375,1.0,0.0,0.6207559108734131,3.0,-3.0,0.0,0.0,0.0,0.6201775074005127,3.1400060653686523,-5.045413970947266,4.137685749583397e-09,0.9992819428443909,3.9138834476470947,-2.024261713027954,4.137685749583397e-09,3.9138834476470947,-2.024261713027954,97.23583984375,1024.0,1.0,0.00390625,760.046875,2048.0,413.0,0.0078125,42.78137010700084,11.152050210999732,1.3128173390014126,42.37843806899946,97.73047531700104,0.0063518567711728455,0.000747739433223167,0.21483170100784296,0.02413742439348041,,
8,,,,,419470,438857,19387,430551,430552,430551.5,0.11197219043970108,0.001,0.0009765625,0.9990234375,0.3729890286922455,-0.05112489695394678,0.0028437237654413495,0.00011213227168939608,30.8423171043396,0.3748118626810442,1e-06,1.0322856903076172,4.0,-3.0,0.001953125,1.0,0.0,1.0303325653076172,3.0,-3.0,0.0,0.0,0.0,1.0262824296951294,3.9960508346557617,-3.295065402984619,5.683616688401116e-09,0.9996953010559082,2.75561261177063,-2.7125611305236816,5.683616688401116e-09,2.75561261177063,-2.7125611305236816,86.5185546875,1024.0,1.0,0.001953125,754.40234375,2048.0,389.0,0.001953125,35.07096950399864,11.22609975299929,1.2841289059997507,41.466669999999795,89.14466267199896,0.006518441901258786,0.0007456302590977796,0.19792860490997596,0.02407764808623347,,
9,,,,,414206,466591,52385,438699,438700,438699.75,0.10652052611112595,0.001,0.0,1.0,0.33238858605424565,0.021096443788458905,0.0019087485251172134,-1.0176315693873524e-05,10.414791882038116,0.36519276394071465,1e-06,1.2374926805496216,3.0,-3.0,0.00390625,1.0,0.0,1.2335864305496216,3.0,-3.0,0.0,0.0,0.0,1.2323505878448486,2.9997951984405518,-3.017439603805542,1.29241266577651e-08,0.9999999403953552,2.1843760013580322,-2.1820504665374756,1.29241266577651e-08,2.1843760013580322,-2.1820504665374756,92.23779296875,1024.0,1.0,0.00341796875,764.59765625,2048.0,413.0,0.00390625,39.54335235799954,11.614242558000115,1.389615981001043,43.44658709199939,96.09502656400036,0.006618560050467384,0.0007918946734076343,0.20933152124635152,0.024758725695649127,,
10,1.6029703633859753,0.025,1.5779703633859754,0.0,417638,441950,24312,433063,433064,433063.25,0.11244435608386993,0.001,0.00048828125,0.99951171875,0.3318284259274088,-0.002532354588138646,0.0016110455868203707,-6.0109771107692784e-05,3.313417911529541,0.3726841718645045,1e-06,1.2041263580322266,3.0,-3.0,0.00634765625,1.0,0.0,1.1977787017822266,3.0,-3.0,0.0,0.0,0.0,1.197678804397583,2.9997520446777344,-3.244317054748535,4.371180306605993e-09,0.9998030662536621,3.0269551277160645,-2.3063552379608154,4.371180306605993e-09,3.0269551277160645,-2.3063552379608154,81.81494140625,1024.0,1.0,0.001953125,764.01171875,2048.0,402.0,0.00390625,33.585579390999555,10.955349101001048,1.311185803000626,41.978957032000835,110.72037117999935,0.006324335475823132,0.0007569251160197882,0.20044271138179579,0.024233733197172026,8.225096026000756,14.56570328899943
11,,,,,412578,446138,33560,428919,428920,428919.75,0.12311133742332458,0.001,0.0,1.0,0.32320478345666614,-0.07873808619167123,0.0010312999241120582,-1.0145374419932653e-06,3.0928595066070557,0.37264030563943057,1e-06,1.355623722076416,3.0,-3.0,0.0107421875,1.0,0.0,1.344881534576416,3.0,-3.0,0.0,0.0,0.0,1.3488733768463135,3.0001420974731445,-3.0171217918395996,4.443471812720645e-09,1.0000001192092896,2.362234115600586,-2.3284661769866943,4.443471812720645e-09,2.362234115600586,-2.3284661769866943,80.48388671875,1024.0,1.0,0.0029296875,757.25,2048.0,419.0,0.0078125,34.77062591200047,10.748857074000625,1.281692282000222,41.595221269999456,88.49777214200003,0.006265074687048466,0.0007470466689865773,0.210947127130215,0.024244174621242936,,
12,,,,,437919,458840,20921,447098,447099,447098.5,0.11796684563159943,0.001,0.0,1.0,0.2689009999235471,-0.006952912748480837,0.0009392879612278194,-1.9415310816839337e-06,50.74871212244034,0.3729468703885096,1e-06,1.2832435369491577,3.0,-3.0,0.009765625,1.0,0.0,1.2734779119491577,3.0,-3.0,0.0,0.0,0.0,1.2673497200012207,3.0012989044189453,-6.660262107849121,2.6181448120610185e-08,1.0000001192092896,2.444164991378784,-2.3935978412628174,2.6181448120610185e-08,2.444164991378784,-2.3935978412628174,86.5107421875,1024.0,1.0,0.00439453125,786.728515625,2048.0,393.0,0.0078125,40.66592202299944,11.303525723000348,1.4114496729998791,43.39349259899973,96.88387859300019,0.006320489625328841,0.0007892274705684984,0.2295253368044941,0.024263944409900574,,
13,,,,,421091,442075,20984,434382,434382,434382.0,0.12550076842308044,0.001,0.0,1.0,0.32906648024384466,0.03740982072693961,0.00411709766610459,0.0008864766847247145,26.890964448451996,0.38175699932455276,1e-06,1.3309752941131592,3.0,-3.0,0.0068359375,1.0,0.0,1.3241393566131592,3.0,-3.0,0.0,0.0,0.0,1.3147785663604736,2.998760461807251,-6.406935691833496,-4.334267611483256e-09,1.0000001192092896,2.530940532684326,-2.488953113555908,-4.334267611483256e-09,2.530940532684326,-2.488953113555908,82.51171875,1024.0,1.0,0.00341796875,765.890625,2048.0,399.0,0.001953125,34.08504023400019,10.892016588999468,1.2959297409997816,41.13399368099999,87.5178248659995,0.006268685505499461,0.0007458468243388203,0.20170572500355174,0.023673859460682067,,
14,,,,,423965,459377,35412,445579,445579,445579.0,0.1270228624343872,0.001,0.0,1.0,0.41990727769831815,-0.03666171431541443,0.018510501032384732,-0.01252598355980202,30.257493436336517,0.381265539706033,1e-06,1.416671633720398,3.0,-3.0,0.0087890625,1.0,0.0,1.407882571220398,3.0,-3.0,0.0,0.0,0.0,1.3920472860336304,3.0017409324645996,-10.044829368591309,0.0,1.0,2.3177473545074463,-2.3063204288482666,0.0,2.3177473545074463,-2.3063204288482666,98.029296875,1024.0,1.0,0.00830078125,772.2421875,2048.0,407.0,0.005859375,36.552689739000925,11.210377901001266,1.3139490300000034,42.33974090599986,91.53032092499961,0.006289781330022995,0.0007372144053018676,0.18206794912933058,0.0237554625027211,,
15,,,,,423172,450880,27708,435757,435758,435757.5,0.1277838498353958,0.001,0.0,1.0,0.2701600469648838,-0.01836225960869342,0.0008968596307871242,-3.27821622704505e-05,3.3144949674606323,0.38577429814640574,1e-06,1.4543564319610596,3.0,-3.0,0.01220703125,1.0,0.0,1.4421494007110596,3.0,-3.0,0.0,0.0,0.0,1.4430828094482422,2.999593734741211,-8.109420776367188,-7.217855202412693e-09,1.0000001192092896,2.5043089389801025,-2.508415460586548,-7.217855202412693e-09,2.5043089389801025,-2.508415460586548,84.2568359375,1024.0,1.0,0.0029296875,766.83203125,2048.0,424.0,0.009765625,35.89695246500014,11.16689568899892,1.392892469999424,40.88919177099888,89.73566572600066,0.006406599822721881,0.0007991213404241029,0.20802832940228874,0.023458685031811775,,
16,,,,,416263,444744,28481,430393,430394,430393.5,0.13275942206382751,0.001,0.0,1.0,0.3158692671307202,0.08644713416438678,0.008646577175160677,-0.012730500448610812,949.2558984160423,0.382664693974378,1e-06,1.527180790901184,3.0,-3.0,0.0048828125,1.0,0.0,1.522297978401184,3.0,-3.0,0.0,0.0,0.0,1.5026376247406006,3.0004422664642334,-6.874812602996826,2.0705675396470724e-08,1.0000001192092896,2.702012538909912,-2.651771306991577,2.0705675396470724e-08,2.702012538909912,-2.651771306991577,80.6025390625,1024.0,1.0,0.00439453125,760.009765625,2048.0,399.0,0.005859375,33.96509867799978,10.951029095000195,1.317764346000331,40.68184960600047,87.04614441900048,0.006361056274665042,0.0007654415935651509,0.20575680408786226,0.0236306133840314,,
17,,,,,427287,444212,16925,437318,437319,437318.75,0.15026509761810303,0.001,0.00146484375,0.99853515625,0.29913773507841174,0.06584401224409381,0.0035769503841537142,0.003849986268160559,20.92443495988846,0.3817713062392602,1e-06,1.5264739990234375,3.0,-3.0,0.01318359375,1.0,0.0,1.5132904052734375,3.0,-3.0,0.0,0.0,0.0,1.5108457803726196,3.0007848739624023,-6.028738021850586,0.0,0.9974892735481262,2.5267460346221924,-2.585162878036499,0.0,2.5267460346221924,-2.585162878036499,85.37646484375,1024.0,1.0,0.00634765625,768.76171875,2048.0,389.0,0.00390625,37.25581113000044,11.350353165998968,1.3821996860006038,41.48027015600019,91.57868215499911,0.006488604230895066,0.0007901557422364144,0.21307176470252065,0.023712835406668586,,
18,,,,,411737,457413,45676,437406,437406,437406.0,0.152062326669693,0.001,0.0,1.0,0.3128054941008831,0.04132516881258323,0.01105248632214578,-0.016708294203234456,95.24278497695923,0.3835819531093859,1e-06,1.5209119319915771,3.0,-3.0,0.0087890625,1.0,0.0,1.5121228694915771,3.0,-3.0,0.0,0.0,0.0,1.4864435195922852,2.9987571239471436,-8.755802154541016,9.412119972296296e-09,0.9999999403953552,2.4948134422302246,-2.4639673233032227,9.412119972296296e-09,2.4948134422302246,-2.4639673233032227,85.4921875,1024.0,1.0,0.00634765625,768.81640625,2047.0,399.0,0.0,34.546728618001,11.21193107399995,1.3557295680002426,41.70802906100107,88.92549064100058,0.006408194602954663,0.0007748690964460036,0.19731065874303777,0.023838281288437443,,
19,,,,,420708,432828,12120,427277,427277,427277.0,0.13805051147937775,0.001,0.0,1.0,0.32279736921191216,0.03032662883509017,0.001985542702771324,0.001239929299767287,63.04932779073715,0.3800143599918135,1e-06,1.6286052465438843,3.0,-3.0,0.00830078125,1.0,0.0,1.6203044652938843,3.0,-3.0,0.0,0.0,0.0,1.5941193103790283,2.999647378921509,-12.74295425415039,2.369186802297918e-08,1.0000001192092896,2.587489604949951,-2.5609054565429688,2.369186802297918e-08,2.587489604949951,-2.5609054565429688,85.06640625,1024.0,1.0,0.0048828125,749.458984375,1981.0,407.0,0.0,36.66252358899874,11.236198373000661,1.3404034200011665,40.596783945000425,89.96744389099877,0.00657430564540138,0.0007842707541016522,0.2104429190717198,0.023753199882629084,,
20,1.7151253977790475,0.0375,1.6776253977790474,0.0,436687,466866,30179,445444,445444,445444.0,0.12871062755584717,0.001,0.0,1.0,0.34062024566034477,-0.018949309736490248,0.0008374203277829414,0.00014377796857540187,19.344458281993866,0.38080317465438906,1e-06,1.5347623825073242,3.0,-3.0,0.00732421875,1.0,0.0,1.5274381637573242,3.0,-3.0,0.0,0.0,0.0,1.515279769897461,2.999192476272583,-10.234785079956055,9.089761832115073e-09,1.0000001192092896,2.5440163612365723,-2.4759814739227295,9.089761832115073e-09,2.5440163612365723,-2.4759814739227295,91.802734375,1024.0,1.0,0.00341796875,778.205078125,2048.0,416.0,0.01171875,35.579079925999395,11.577700998001092,1.3397170360003656,42.3606415610011,112.85787711900048,0.006497843162104042,0.0007518998100773417,0.1892383460949269,0.023774392269848232,8.166208413000277,13.736219643000368
21,,,,,425984,445387,19403,435003,435004,435003.5,0.13804636895656586,0.001,0.0,1.0,0.2506987838385006,0.00419795389364784,0.005117694878329833,0.001579046869301237,37.586149752140045,0.37536536006505833,1e-06,1.6358277797698975,3.0,-3.0,0.01513671875,1.0,0.0,1.6206910610198975,3.0,-3.0,0.0,0.0,0.0,1.6117316484451294,2.9989025592803955,-11.092495918273926,-7.214642661068638e-09,1.0,2.8963112831115723,-2.850803852081299,-7.214642661068638e-09,2.8963112831115723,-2.850803852081299,82.6162109375,1024.0,1.0,0.00537109375,767.0,2034.0,402.0,0.0,36.42639235599927,11.38958705100049,1.3229930800007423,41.87855145899994,91.12423797099837,0.006545687018035769,0.000760334732939357,0.21528855161408095,0.024067939372326853,,
22,,,,,430768,451360,20592,443943,443944,443943.25,0.14776836335659027,0.001,0.0,1.0,0.37334964090380174,-0.031892388673691915,0.01694148878370219,0.05138710845181024,36.32344824075699,0.3792065089414252,1e-06,1.5475759506225586,3.0,-3.0,0.01220703125,1.0,0.0,1.5353689193725586,3.0,-3.0,0.0,0.0,0.0,1.5245953798294067,3.0000791549682617,-7.007626533508301,7.918371736082008e-09,1.0,2.497199535369873,-2.502828359603882,7.918371736082008e-09,2.497199535369873,-2.502828359603882,86.56494140625,1024.0,1.0,0.0048828125,780.51171875,2048.0,389.0,0.00390625,33.81985633699878,11.650326588998723,1.37239350299933,42.383276847998786,89.33146404200124,0.006560707133737659,0.0007728428706818551,0.19076546993258753,0.02386750831778543,,
23,,,,,416838,457046,40208,439114,439114,439114.0,0.13615770637989044,0.001,0.0,1.0,0.2552853078934653,0.1731183771044016,0.0019255286415814068,-0.020343734605532893,402.5075151324272,0.3663849896526055,1e-06,1.6155953407287598,3.0,-3.0,0.01708984375,1.0,0.0,1.5985054969787598,3.0,-3.0,0.0,0.0,0.0,1.598508358001709,2.999539613723755,-6.468783378601074,1.7916106376247853e-09,1.0,2.5797805786132812,-2.547959089279175,1.7916106376247853e-09,2.5797805786132812,-2.547959089279175,83.171875,1024.0,1.0,0.00439453125,774.47265625,2048.0,399.0,0.00390625,35.4532883819993,11.403378667999277,1.3845419900007983,43.35586020899973,91.71506583299924,0.006492265486866325,0.0007882588519159024,0.2081373777827312,0.024683715509525847,,
24,,,,,404662,438954,34292,425420,425421,425420.5,0.12591654062271118,0.001,0.0,1.0,0.2027757521076449,0.06684841094377997,0.0009448525479769912,-6.9763038231156255e-06,36.0387521982193,0.37030260164700285,1e-06,1.6819360256195068,3.0,-3.0,0.015625,1.0,0.0,1.6663110256195068,3.0,-3.0,0.0,0.0,0.0,1.6687488555908203,3.0003299713134766,-3.2105536460876465,-4.192729363694525e-08,1.0000001192092896,2.6903064250946045,-2.6729564666748047,-4.192729363694525e-08,2.6903064250946045,-2.6729564666748047,81.3876953125,1024.0,1.0,0.00439453125,749.51171875,2048.0,402.0,0.0078125,40.09555878100036,10.992368702998647,1.306499611999243,41.502041222000116,94.02904979099912,0.00645970792603944,0.0007677695433102324,0.24055122197358061,0.02438883482460302,,
25,,,,,409845,443421,33576,429236,429237,429236.25,0.14656507968902588,0.001,0.0,1.0,0.25440085320068256,-0.09196380199032969,0.018928487550251054,-0.014345214453831951,158.9090052843094,0.37671848519131346,1e-06,1.5166208744049072,3.0,-3.0,0.0107421875,1.0,0.0,1.5058789253234863,3.0,-3.0,0.0,0.0,0.0,1.4858901500701904,2.998396396636963,-4.939963340759277,-4.9432675730543e-09,1.0000001192092896,2.6227262020111084,-2.5792574882507324,-4.9432675730543e-09,2.6227262020111084,-2.5792574882507324,82.89697265625,1024.0,1.0,0.0068359375,755.455078125,2048.0,399.0,0.001953125,34.56546087300012,10.859192592999534,1.28505773300094,41.18050994499936,88.00981836499886,0.006324717794104956,0.0007484559685959307,0.20359810377975368,0.023984757779078162,,
26,,,,,414362,458655,44293,435905,435906,435905.25,0.15059879422187805,0.001,0.0,1.0,0.3297172710299492,-0.02584126845717297,0.003463537324153419,0.008934914111445582,47.64359110593796,0.390064433212517,1e-06,1.6033563613891602,3.0,-3.0,0.021484375,1.0,0.0,1.5818721055984497,3.0,-3.0,0.0,0.0,0.0,1.5702980756759644,2.9987246990203857,-8.640689849853516,9.998913697017997e-09,1.0000001192092896,2.750631332397461,-2.7039670944213867,9.998913697017997e-09,2.750631332397461,-2.7039670944213867,83.45556640625,1024.0,1.0,0.005859375,767.921875,2048.0,419.0,0.001953125,34.5096941060001,11.392162267000458,1.3904171240010328,40.66165244900003,88.0548587760004,0.006533622998920326,0.0007974308201157435,0.20190907929579913,0.023320235560939005,,
27,,,,,412949,455748,42799,425851,425852,425851.5,0.15235348045825958,0.001,0.0,1.0,0.30795705061534356,0.026870978723183787,0.0075324848394616156,0.011361837649458502,33.74732953310013,0.3826942109955042,1e-06,1.7736214399337769,3.0,-3.0,0.0107421875,1.0,0.0,1.7628792524337769,3.0,-3.0,0.0,0.0,0.0,1.7440050840377808,3.0007684230804443,-7.180196762084961,-3.158507766443108e-08,1.0,2.8903183937072754,-2.8492608070373535,-3.158507766443108e-08,2.8903183937072754,-2.8492608070373535,79.2587890625,1024.0,1.0,0.005859375,752.482421875,2048.0,393.0,0.0078125,34.5327039090007,11.39035333800166,1.317188740000347,40.21208068699889,87.57158395700026,0.00668681062412699,0.0007732676414198066,0.2127419814258123,0.02360686805553044,,
28,,,,,437110,445180,8070,442047,442048,442047.5,0.13908307254314423,0.001,0.0,1.0,0.19986295417465014,-0.1386175186469637,0.0068106560160983995,-0.00267594066902128,112.40455543994904,0.38844028536404573,1e-06,1.7878361940383911,3.0,-3.0,0.0126953125,1.0,0.0,1.7751408815383911,3.0,-3.0,0.0,0.0,0.0,1.768216609954834,2.9987173080444336,-9.660327911376953,-7.566873350128844e-09,1.0000001192092896,2.643777847290039,-2.663224220275879,-7.566873350128844e-09,2.643777847290039,-2.663224220275879,78.7705078125,1024.0,1.0,0.00244140625,784.603515625,2048.0,425.0,0.00390625,32.530115700999886,11.15779909199955,1.273686173999522,41.18294041700028,86.25601465200089,0.0063102941946281505,0.0007203333205139278,0.20164711385303855,0.02329101534167724,,
29,,,,,421998,442967,20969,433956,433957,433956.5,0.15991882979869843,0.001,0.0,1.0,0.31573673052092394,0.07065166287745038,0.010645307720794032,-0.004708113772358047,66.08440774679184,0.3809827725374342,1e-06,1.6641219854354858,3.0,-3.0,0.01806640625,1.0,0.0,1.6460555791854858,3.0,-3.0,0.0,0.0,0.0,1.6348357200622559,2.998751163482666,-12.444381713867188,0.0,1.0,2.783097505569458,-2.7395567893981934,0.0,2.783097505569458,-2.7395567893981934,82.3818359375,1024.0,1.0,0.0048828125,765.189453125,2048.0,399.0,0.0078125,33.848299084000246,11.32264476599994,1.3936064749996149,41.224440856,87.91252907699891,0.0065229146043439485,0.000802849176702973,0.20062055669223347,0.023749178118083265,,
30,1.7867287933826446,0.0375,1.7492287933826447,0.0,411262,465695,54433,435255,435256,435255.75,0.14749646186828613,0.001,0.0,1.0,0.16275094499190648,0.010132227512076496,0.0008562579731612156,7.432244122658933e-05,41.309188425540924,0.37323015552257605,1e-06,1.6464871168136597,3.0,-3.0,0.01806640625,1.0,0.0,1.6284207105636597,3.0,-3.0,0.0,0.0,0.0,1.6267815828323364,2.999741554260254,-7.585438251495361,-2.371233520648275e-08,1.0,2.670431137084961,-2.6550228595733643,-2.371233520648275e-08,2.670431137084961,-2.6550228595733643,75.40966796875,1024.0,1.0,0.00341796875,774.69921875,2048.0,420.0,0.0078125,33.64914839700032,11.300564584998938,1.4684169419997488,42.18900812599895,111.28541975200096,0.0064907612277373345,0.0008434219088431047,0.21787986452256436,0.02423230946747915,7.307687104001161,15.265439000999322
31,,,,,428044,438812,10768,431457,431458,431457.5,0.15944607555866241,0.001,0.0,1.0,0.2121266738644668,-0.026277070648835173,0.0016716937264261236,-0.003344021898686021,51.335142850875854,0.38262719179931703,1e-06,1.6969190835952759,3.0,-3.0,0.01611328125,1.0,0.0,1.6808058023452759,3.0,-3.0,0.0,0.0,0.0,1.6621874570846558,3.000493288040161,-9.994650840759277,1.5787063878391905e-09,1.0,2.953824520111084,-2.9162254333496094,1.5787063878391905e-09,2.953824520111084,-2.9162254333496094,75.5107421875,1024.0,1.0,0.0048828125,767.1796875,2048.0,413.0,0.0078125,35.26891994399921,11.517800358000386,1.3137490849985625,40.790605104999486,88.99434607100011,0.006673774565281856,0.0007612274007280917,0.22806228382240218,0.023635355223283572,,
32,,,,,434481,451554,17073,440249,440249,440249.0,0.1793336421251297,0.001,0.0,1.0,0.26182092790459766,-0.08611407638617775,0.0006172741313689742,-5.526067101966654e-05,106.35570424795151,0.37705411822647283,1e-06,1.696507453918457,3.0,-3.0,0.021484375,1.0,0.0,1.675023078918457,3.0,-3.0,0.0,0.0,0.0,1.6458240747451782,3.001213312149048,-9.194868087768555,-2.3541836924323434e-08,0.9999999403953552,2.7997453212738037,-2.7680320739746094,-2.3541836924323434e-08,2.7997453212738037,-2.7680320739746094,81.01953125,1024.0,1.0,0.0068359375,778.841796875,2048.0,393.0,0.005859375,34.824096682001255,11.652724829000363,1.6073365020001802,42.291401885000596,90.48229292599899,0.0066171216907933705,0.0009127428466618778,0.20987474496167768,0.024015614961647044,,
33,,,,,418812,457778,38966,436845,436846,436845.25,0.1636705994606018,0.001,0.0,1.0,0.28934440598020267,0.08323655449303574,0.001934835055024074,0.003958036465613484,25.030950248241425,0.37154863933444676,1e-06,1.7548762559890747,3.0,-3.0,0.0205078125,1.0,0.0,1.7343684434890747,3.0,-3.0,0.0,0.0,0.0,1.716931700706482,2.9987685680389404,-9.495403289794922,-2.828510226038361e-08,1.0,2.9114224910736084,-2.8474748134613037,-2.828510226038361e-08,2.9114224910736084,-2.8474748134613037,80.07666015625,1024.0,1.0,0.0048828125,773.13671875,2048.0,399.0,0.001953125,33.97304016199996,11.236996944000566,1.5524275670013594,42.55279115099984,89.42968462499994,0.006430765210335105,0.0008884310674096602,0.20715647336231738,0.024352325652505,,
34,,,,,418033,436882,18849,426214,426215,426214.75,0.1733667552471161,0.001,0.0,1.0,0.2680664822973054,-0.05719116339781161,0.015528532744642219,-0.01850039043943227,65.72716045379639,0.3732966358464812,1e-06,1.6952123641967773,3.0,-3.0,0.00927734375,1.0,0.0,1.6859350204467773,3.0,-3.0,0.0,0.0,0.0,1.6364511251449585,2.999627113342285,-9.561227798461914,-3.1939038080963655e-08,1.0,2.918729782104492,-2.9749464988708496,-3.1939038080963655e-08,2.918729782104492,-2.9749464988708496,85.84521484375,1024.0,1.0,0.0078125,746.60546875,2048.0,389.0,0.001953125,32.844597842999065,10.885717750999902,1.6349878080000053,41.24689584099906,86.7186868630015,0.006385113226958888,0.0009590164394826817,0.18681764987969504,0.024193728537667374,,
35,,,,,405092,434551,29459,426493,426494,426493.25,0.1844889372587204,0.001,0.0009765625,0.9990234375,0.28883578728086184,-0.0023765889927744865,0.0011547084660768242,0.024616735253281213,55.29570960998535,0.3802997382304508,1e-06,1.7646852731704712,3.0,-3.0,0.01220703125,1.0,0.0,1.7524782419204712,3.0,-3.0,0.0,0.0,0.0,1.7074997425079346,2.9983344078063965,-11.635250091552734,0.0,0.9989829063415527,3.8882250785827637,-3.8340823650360107,0.0,3.8882250785827637,-3.8340823650360107,77.78564453125,1024.0,1.0,0.0068359375,755.208984375,2048.0,407.0,0.00390625,33.23839420299919,11.025835787000688,1.6030112369990093,40.57004392700037,86.5457611640013,0.006463077544017805,0.0009396463115178313,0.20864627100843783,0.023781175860931193,,
36,,,,,416648,447562,30914,433388,433388,433388.0,0.15997575223445892,0.001,0.0,1.0,0.1884414477473391,0.013131550546469433,0.0007358270772134087,-9.073994689450566e-05,46.0014511346817,0.3750425617961765,1e-06,1.6795343160629272,3.0,-3.0,0.021484375,1.0,0.0,1.6580499410629272,3.0,-3.0,0.0,0.0,0.0,1.6608573198318481,3.0001871585845947,-9.744962692260742,-5.678594483526922e-09,1.0,2.809455156326294,-2.752864360809326,-5.678594483526922e-09,2.809455156326294,-2.752864360809326,73.474609375,1024.0,1.0,0.00244140625,772.986328125,2048.0,399.0,0.00390625,34.864716804000636,11.379496116000155,1.3432612440010416,41.78590542699931,89.48866847700083,0.006564265805698448,0.000774860658348317,0.2316961960977208,0.02410421229187201,,
37,,,,,390123,455245,65122,420289,420290,420289.5,0.1933647096157074,0.001,0.00146484375,0.99853515625,0.283448808087871,-0.05366951008809024,0.010406098264301646,-0.0010874354364769432,164.13669300079346,0.37774793417890895,1e-06,1.737369179725647,3.0,-3.0,0.01806640625,1.0,0.0,1.719302773475647,3.0,-3.0,0.0,0.0,0.0,1.6602574586868286,2.9991183280944824,-10.17795467376709,3.427747419237903e-09,0.9989387392997742,2.897183418273926,-2.7975144386291504,3.427747419237903e-09,2.897183418273926,-2.7975144386291504,86.9443359375,1024.0,1.0,0.0107421875,733.93359375,2048.0,414.0,0.001953125,35.953213521999714,10.816607224000109,1.4276088339993294,40.19059488399944,88.50254840900016,0.006434021801639172,0.0008491818341877024,0.20191401602812342,0.023906494739934878,,
38,,,,,422897,455793,32896,437779,437780,437779.75,0.15786784887313843,0.001,0.0,1.0,0.2783758078926596,0.14644846564223027,0.01203289397606819,0.017036848857593403,80.79844570159912,0.37597192170746724,1e-06,1.7076555490493774,3.0,-3.0,0.01904296875,1.0,0.0,1.6886125802993774,3.0,-3.0,0.0,0.0,0.0,1.6643786430358887,2.9987921714782715,-10.188624382019043,-1.48072603067817e-08,1.0,2.9309754371643066,-2.935861825942993,-1.48072603067817e-08,2.9309754371643066,-2.935861825942993,80.50732421875,1024.0,1.0,0.00634765625,774.53125,2048.0,399.0,0.01171875,35.602139937000175,11.22915445199942,1.3514041409998754,42.13006382899948,90.42231460900075,0.006412559313215961,0.0007717374667283465,0.21592889292754186,0.024058938215506476,,
39,,,,,401806,459378,57572,432026,432027,432026.25,0.15710526704788208,0.001,0.00048828125,0.99951171875,0.3972631976779165,0.08857732275822039,0.01987686722162019,-0.006539752857046049,106.22142100334167,0.37751292636140005,1e-06,1.8015918731689453,4.0,-3.0,0.01513671875,1.0,0.0,1.7864551544189453,3.0,-3.0,0.0,0.0,0.0,1.768165111541748,4.001186847686768,-7.3512163162231445,5.111393974743805e-09,0.9994460344314575,5.158190727233887,-3.172973394393921,5.111393974743805e-09,5.158190727233887,-3.172973394393921,75.79736328125,1024.0,1.0,0.0048828125,768.00390625,2048.0,422.0,0.005859375,33.27757734899933,11.044697544000883,1.3508882459991582,41.37223573099982,87.15285185299945,0.006391219019678134,0.0007817165311130737,0.21437179819367871,0.02394081131123388,,
40,1.7704787921160459,0.0375,1.732978792116046,0.0,414095,463574,49479,434501,434502,434501.25,0.15418049693107605,0.001,0.0,1.0,0.27402459746547814,0.06921229018540732,0.017219961606817127,0.0024081418217472925,61.75547152757645,0.3815225470768971,1e-06,1.6960293054580688,3.0,-3.0,0.0205078125,1.0,0.0,1.6755214929580688,3.0,-3.0,0.0,0.0,0.0,1.6565923690795898,2.9987223148345947,-9.063880920410156,-2.6819307663572545e-08,1.0000001192092896,2.9319088459014893,-2.839470624923706,-2.6819307663572545e-08,2.9319088459014893,-2.839470624923706,80.00830078125,1024.0,16.0,0.0078125,768.626953125,2048.0,413.0,0.00390625,33.78978127699884,10.900006672000018,1.4320193940002355,41.173414441000205,109.60931955300111,0.006271562321167095,0.0008239443465353871,0.20621506116308022,0.02369004372311944,8.589161472000342,13.617656479000289
41,,,,,433055,456118,23063,444796,444797,444796.25,0.17173202335834503,0.001,0.0009765625,0.9990234375,0.28014261089265347,0.06245234837794366,0.000803941385432457,0.0011453589214397652,60.12882459163666,0.3784848036434204,1e-06,1.7253241539001465,4.0,-3.0,0.02880859375,1.0,0.0,1.6965155601501465,3.0,-3.0,0.0,0.0,0.0,1.6761387586593628,3.997021198272705,-7.102745532989502,6.40374464566662e-09,0.9984553456306458,3.6496613025665283,-3.610623598098755,6.40374464566662e-09,3.6496613025665283,-3.610623598098755,83.77001953125,1024.0,1.0,0.00927734375,784.97265625,2048.0,393.0,0.00390625,37.3530335989999,11.239476677999846,1.4331531220013858,42.56313752400092,92.70252593300029,0.006317205168658597,0.0008055110188099528,0.21772450381496902,0.02392282844336082,,
42,,,,,416769,449069,32300,433421,433422,433421.25,0.15953820943832397,0.001,0.0,1.0,0.34005607112443875,0.09635017413113799,0.008980231376231782,-0.009571239544389496,194.72548127174377,0.38580952354403575,1e-06,1.758470892906189,3.0,-3.0,0.02685546875,1.0,0.0,1.731615424156189,3.0,-3.0,0.0,0.0,0.0,1.718241572380066,3.0007245540618896,-6.27455997467041,5.923981749589302e-09,0.9999999403953552,3.012827157974243,-2.9574344158172607,5.923981749589302e-09,3.012827157974243,-2.9574344158172607,80.49267578125,1024.0,1.0,0.00830078125,766.033203125,2048.0,407.0,0.001953125,33.09812684799908,10.9980861490003,1.3860022219996608,40.63971797299928,86.23110248099874,0.006343762649501092,0.0007994544695256986,0.2007784508732178,0.02344123527226646,,
43,,,,,406197,434216,28019,423016,423017,423016.75,0.1615860015153885,0.001,0.0,1.0,0.4559789043185966,0.0047238487750291824,0.0028357856915265855,0.0027872952753601305,31.36630266904831,0.38003294855017244,1e-06,1.7881051301956177,3.0,-3.0,0.02392578125,1.0,0.0,1.7641793489456177,3.0,-3.0,0.0,0.0,0.0,1.7571454048156738,2.9984142780303955,-6.843379974365234,1.9872483658645024e-09,1.0,3.4800643920898438,-3.409367561340332,1.9872483658645024e-09,3.4800643920898438,-3.409367561340332,74.98388671875,1024.0,1.0,0.00537109375,751.220703125,2048.0,389.0,0.00390625,34.274543427000026,11.470446109000477,1.3516905140004383,40.21522465800081,87.43075497599966,0.006778955034877743,0.0007988398296287548,0.2231895096407433,0.023766922147882327,,
44,,,,,413619,455734,42115,435296,435296,435296.0,0.17351125180721283,0.001,0.0,1.0,0.30884882358127624,-0.07776305066614315,0.0017179677258887939,0.00963735270080837,50.98072695732117,0.37814637795520595,1e-06,1.779171347618103,3.0,-3.0,0.021484375,1.0,0.0,1.757686972618103,3.0,-3.0,0.0,0.0,0.0,1.7466490268707275,2.99886155128479,-6.4272003173828125,-1.4971339723501842e-08,1.0000001192092896,2.812652111053467,-2.7373228073120117,-1.4971339723501842e-08,2.812652111053467,-2.7373228073120117,79.625,1024.0,1.0,0.0068359375,770.5625,2048.0,399.0,0.0078125,33.42731524200099,11.3411218250003,1.3416605309994338,41.63567961000081,87.84766524000042,0.006513453962935738,0.0007705449458526117,0.20498500810685455,0.023912280155343035,,
45,,,,,417179,441159,23980,431386,431386,431386.0,0.14729925990104675,0.001,0.0,1.0,0.318178295490465,-0.10560589150658675,0.002839220151404983,0.0007536659478708836,28.311848402023315,0.37402378553586824,1e-06,1.8061585426330566,3.0,-3.0,0.02734375,1.0,0.0,1.7788147926330566,3.0,-3.0,0.0,0.0,0.0,1.7753463983535767,2.998701810836792,-6.459468841552734,1.2653707415211102e-08,0.9999999403953552,3.1557717323303223,-3.2049741744995117,1.2653707415211102e-08,3.1557717323303223,-3.2049741744995117,75.3671875,1024.0,1.0,0.0048828125,767.18359375,2048.0,416.0,0.00390625,30.834535171001335,11.4014340979993,1.377323945000171,41.68607901799987,85.3941779050001,0.00660744327470021,0.0007981969425295276,0.19976764260263122,0.024158224315346276,,
46,,,,,412666,448738,36072,431491,431492,431491.5,0.18067379295825958,0.001,0.0,1.0,0.6405468484194115,0.001334162172058533,0.022584679709137256,0.03615317808503435,77.80459594726562,0.37426560468795683,1e-06,1.7243705987930298,3.0,-3.0,0.025390625,1.0,0.0,1.6989799737930298,3.0,-3.0,0.0,0.0,0.0,1.6712050437927246,2.998453378677368,-7.610786437988281,-8.152786001858203e-09,1.0,2.7356934547424316,-2.5855114459991455,-8.152786001858203e-09,2.7356934547424316,-2.5855114459991455,87.7314453125,1024.0,1.0,0.01220703125,755.025390625,2048.0,393.0,0.001953125,33.17795501200089,11.242323645001306,1.31894327199916,41.64861452700097,87.49534117000076,0.006513641430364971,0.0007641768563222915,0.1846564055567355,0.024130611221194954,,
47,,,,,420080,449739,29659,437313,437314,437313.5,0.19282664358615875,0.001,0.0,1.0,0.6024882431452473,0.0479107941656063,0.05130296969048989,0.05671364203696309,92.61832904815674,0.3711050460217014,1e-06,1.817307949066162,3.0,-3.0,0.0341796875,1.0,0.0,1.783128261566162,3.0,-3.0,0.0,0.0,0.0,1.7592942714691162,2.9993414878845215,-6.441934585571289,8.96335805578019e-09,1.0,2.870258331298828,-2.8800857067108154,8.96335805578019e-09,2.870258331298828,-2.8800857067108154,89.7724609375,1024.0,1.0,0.01611328125,764.35546875,2048.0,399.0,0.00390625,33.37238896300005,11.255654465001498,1.4194811629986361,42.63409477800087,88.79732535400035,0.006434545506256667,0.0008114780146271703,0.1815157079149763,0.024372729619598337,,
48,,,,,428555,472034,43479,446853,446854,446853.25,0.18074102699756622,0.001,0.0,1.0,0.7343147477755944,0.06712531633675098,0.0704188644575576,-0.05402510514686583,446.358678817749,0.37247069869514876,1e-06,1.641014575958252,3.0,-3.0,0.0244140625,1.0,0.0,1.616600513458252,3.0,-3.0,0.0,0.0,0.0,1.585243582725525,2.9985599517822266,-6.331891059875488,1.8257502176766138e-08,0.9999998807907104,2.867811679840088,-2.7806239128112793,1.8257502176766138e-08,2.867811679840088,-2.7806239128112793,91.41064453125,1024.0,1.0,0.017578125,781.349609375,2048.0,416.0,0.001953125,34.51500581399887,11.479664935999608,1.3859358790014085,43.46818758500012,90.9591137389998,0.006422502765728798,0.0007753864825876328,0.184366167299643,0.02431905082093513,,
49,,,,,418049,469524,51475,443987,443987,443987.0,0.16499489545822144,0.001,0.0,1.0,0.7002809193105467,-0.08154745341744274,0.004578954987077703,0.053372571401034234,60.06577128171921,0.38153657636705685,1e-06,1.8400324583053589,3.0,-3.0,0.03173828125,1.0,0.0,1.8082941770553589,3.0,-3.0,0.0,0.0,0.0,1.7930481433868408,2.998901605606079,-6.1045989990234375,5.060329044681566e-09,1.0000001192092896,3.061037540435791,-3.0503172874450684,5.060329044681566e-09,3.061037540435791,-3.0503172874450684,94.23046875,1024.0,1.0,0.0185546875,772.931640625,2048.0,425.0,0.0078125,38.015710198000306,11.415387322998868,1.745083223999245,42.157286382000166,93.43723740799942,0.006427771152645724,0.0009826206758301735,0.19698892238734977,0.023737905829450054,,
50,1.8165502220392227,0.0625,1.7540502220392227,0.0,419030,445572,26542,435341,435341,435341.0,0.16094067692756653,0.001,0.0,1.0,0.5983161863737873,0.12930697810536781,0.01270663011486509,0.03110018522865435,95.51726269721985,0.38869256255634294,1e-06,1.708975076675415,3.0,-3.0,0.02099609375,1.0,0.0,1.687978982925415,3.0,-3.0,0.0,0.0,0.0,1.6749858856201172,2.9996883869171143,-5.349466323852539,2.7772919519719608e-09,1.000000238418579,2.955866813659668,-2.90572190284729,2.7772919519719608e-09,2.955866813659668,-2.90572190284729,85.845703125,1024.0,1.0,0.01416015625,764.4296875,2048.0,402.0,0.005859375,34.26813392100121,10.975381231999563,1.4366220020001492,40.52660137699968,110.59842677799861,0.00630274958710503,0.0008249981060824441,0.19491350943622282,0.02327290639808775,9.01073806200111,14.271457894999912
51,,,,,428806,453820,25014,440711,440712,440711.75,0.17600804567337036,0.001,0.0,1.0,0.7165816249626298,-0.011756100151087008,0.03535602908889433,0.04255193632050049,179.93284606933594,0.38664719044082596,1e-06,1.7558923959732056,3.0,-3.0,0.02978515625,1.0,0.0,1.7261072397232056,3.0,-3.0,0.0,0.0,0.0,1.7097622156143188,3.60819673538208,-4.286309242248535,1.2056863285536679e-09,1.000000238418579,3.01874041557312,-2.9583539962768555,1.2056863285536679e-09,3.01874041557312,-2.9583539962768555,98.87255859375,1024.0,1.0,0.025390625,761.892578125,2048.0,393.0,0.00390625,35.80446225000014,11.39279394300138,1.4082412699990527,41.275085993000175,89.99369212400052,0.006462724185934105,0.0007988448628831956,0.17682001792672336,0.02341387879549398,,
52,,,,,422052,442353,20301,435505,435506,435505.5,0.14956232905387878,0.001,0.0,1.0,0.9840180459914023,0.05970964689963851,0.032386611965444775,0.11582309731815697,248.46527862548828,0.3748488226112621,1e-06,1.8565751314163208,3.0,-3.0,0.02685546875,1.0,0.0,1.8297196626663208,3.0,-3.0,0.0,0.0,0.0,1.8371409177780151,3.727013111114502,-5.077733993530273,-9.900369413173848e-09,1.0,2.9021618366241455,-2.872366428375244,-9.900369413173848e-09,2.9021618366241455,-2.872366428375244,96.3271484375,1024.0,4.0,0.02734375,754.26953125,2048.0,407.0,0.00390625,35.30515224199917,11.17040977400029,1.4068127479986288,42.060849767000036,90.05067300700102,0.0064123241692701305,0.000807574616163647,0.17896142622086175,0.024144844190831134,,
53,,,,,436607,473605,36998,459778,459779,459778.25,0.12216809391975403,0.001,0.0,1.0,1.3163289264926026,0.028302123349520467,0.05692232860770497,-0.05025373318529737,543.6146926879883,0.37418353956423106,1e-06,1.7799487113952637,3.0,-3.0,0.02978515625,1.0,0.0,1.7501635551452637,3.0,-3.0,0.0,0.0,0.0,1.7809510231018066,5.754499912261963,-3.156207799911499,0.0,1.0000001192092896,3.0469374656677246,-3.0638957023620605,0.0,3.0469374656677246,-3.0638957023620605,110.65869140625,1024.0,1.0,0.0390625,787.345703125,2048.0,399.0,0.0078125,41.399130002000675,11.633267850000266,1.3781723040010547,44.6007676370009,99.11229558299965,0.006325477472020624,0.0007493679311717413,0.18267357664729877,0.02425123830727144,,
54,,,,,430434,459071,28637,445510,445511,445510.75,0.11723261326551437,0.001,0.0,1.0,1.0579703208059072,-0.1595797037705779,0.01806512412149459,0.06719786016739514,209.52518558502197,0.3749133912696344,1e-06,1.7169854640960693,3.0,-3.0,0.03271484375,1.0,0.0,1.6842706203460693,3.0,-3.0,0.0,0.0,0.0,1.732513189315796,5.929562568664551,-4.642421722412109,-3.1245285470049566e-08,0.9999998211860657,3.150045394897461,-3.097653388977051,-3.1245285470049566e-08,3.150045394897461,-3.097653388977051,106.82763671875,1024.0,16.0,0.03125,763.310546875,2048.0,389.0,0.001953125,33.31855598999937,11.29589232699982,1.3415979540004628,43.037558439998975,89.11081123900112,0.0063387316282490485,0.0007528426384775579,0.15229042471306897,0.024150684601886137,,
55,,,,,422242,462033,39791,442637,442638,442637.25,0.12254194915294647,0.001,0.0,1.0,1.0478101670742035,0.06831590780154026,0.02618347574316431,0.042211908760267154,417.3328285217285,0.38401370641945487,1e-06,1.739205241203308,3.0,-3.0,0.02783203125,1.0,0.0,1.711373209953308,3.0,-3.0,0.0,0.0,0.0,1.7500743865966797,6.661081790924072,-3.138216495513916,4.6360582039994824e-09,1.0,2.892127275466919,-2.9301633834838867,4.6360582039994824e-09,2.892127275466919,-2.9301633834838867,102.85400390625,1024.0,1.0,0.03076171875,761.671875,2048.0,418.0,0.005859375,36.16519144199992,11.665594451000288,1.3925329779995081,41.7690162910003,91.10591528499936,0.006588687718329336,0.000786497847842397,0.1716878703126109,0.0235909970811315,,
56,,,,,434315,461709,27394,450107,450108,450107.25,0.07607324421405792,0.001,0.0,1.0,1.0944201395876947,0.09784010145813227,0.02866397432479707,-0.055549589972689585,412.5222930908203,0.3812622995700573,1e-06,1.869837999343872,3.0,-3.0,0.02880859375,1.0,0.0,1.841029405593872,3.0,-3.0,0.0,0.0,0.0,1.9109547138214111,5.692032337188721,-3.0240957736968994,3.01321811946309e-08,1.0,2.766822576522827,-2.88474702835083,3.01321811946309e-08,2.766822576522827,-2.88474702835083,110.77392578125,1024.0,1.0,0.03564453125,768.341796875,2048.0,413.0,0.001953125,37.365029258000504,11.814108178999959,1.3403743880007823,42.778083654999136,93.40122141900065,0.006561829530073088,0.0007444750045687902,0.16470160341172285,0.02375993924503501,,
57,,,,,419039,465640,46601,442074,442075,442074.75,0.11356435716152191,0.001,0.0,1.0,0.9158038648466269,0.05730604939162731,0.03563004152965732,0.0010776171329780482,310.5425910949707,0.3776577236611716,1e-06,1.7319855690002441,3.0,-3.0,0.02734375,1.0,0.0,1.7046418190002441,3.0,-3.0,0.0,0.0,0.0,1.7586973905563354,5.785244941711426,-4.748876571655273,9.273261269981958e-09,1.0000001192092896,2.9043688774108887,-2.8369035720825195,9.273261269981958e-09,2.9043688774108887,-2.8369035720825195,102.84130859375,1024.0,1.0,0.02734375,760.5859375,2048.0,407.0,0.005859375,34.53449680400081,11.215486281000267,1.3469070030005241,42.4102025659995,89.60961811200104,0.006342528204223531,0.0007616964116365638,0.16396667349099944,0.023983615082064456,,
58,,,,,426540,458393,31853,443051,443051,443051.0,0.0718749612569809,0.001,0.0,1.0,0.9558601006865501,-0.01508103449208041,0.06757920172531158,0.03944797510121134,302.3553237915039,0.3794465582370961,1e-06,1.813962697982788,3.0,-3.0,0.033203125,1.0,0.0,1.780759572982788,3.0,-3.0,0.0,0.0,0.0,1.8663442134857178,7.7832136154174805,-4.173076629638672,-1.1573301428313698e-08,0.9999998211860657,2.8958797454833984,-2.9304885864257812,-1.1573301428313698e-08,2.8958797454833984,-2.9304885864257812,97.853515625,1024.0,1.0,0.02978515625,767.48046875,2048.0,413.0,0.00390625,33.395061177998286,11.71995466699991,1.3186886870007584,42.26045246400099,88.80773108199901,0.006613208562332503,0.0007440953112625626,0.1666386957246277,0.023846268524391655,,
59,,,,,428008,471327,43319,447667,447668,447667.25,0.05158286169171333,0.001,0.0,1.0,1.1340907535205285,0.16608119768400986,0.08520526751914682,-0.029044813572303003,942.735221862793,0.3805745073810689,1e-06,1.7640913724899292,3.0,-3.0,0.03173828125,1.0,0.0,1.7323530912399292,3.0,-3.0,0.0,0.0,0.0,1.8358373641967773,7.756131172180176,-3.0430169105529785,0.0,1.0000001192092896,2.9785423278808594,-2.838393449783325,0.0,2.9785423278808594,-2.838393449783325,106.25439453125,1024.0,1.0,0.03369140625,768.095703125,2048.0,389.0,0.0078125,35.99102935399969,11.861127202000716,1.3894048550009757,42.65170769299948,91.99626417999934,0.006623852427221735,0.0007759138372312112,0.1653931103676764,0.023818867525488785,,
60,1.8098537921905518,0.0625,1.7473537921905518,0.0,434666,470199,35533,448264,448265,448264.5,0.03497284650802612,0.001,0.0,1.0,0.9442963350949616,0.06920028314122866,0.03251343131254042,0.2461850080335039,238.88466358184814,0.37640353312865177,1e-06,1.790122389793396,3.0,-3.0,0.02685546875,1.0,0.0,1.763266921043396,3.0,-3.0,0.0,0.0,0.0,1.8788894414901733,8.366947174072266,-3.0438387393951416,1.2170850993697968e-08,1.0,2.8565263748168945,-2.814763069152832,1.2170850993697968e-08,2.8565263748168945,-2.814763069152832,107.7412109375,1024.0,1.0,0.0341796875,767.775390625,2048.0,393.0,0.00390625,36.5003980700003,11.400211012,1.4693202190010197,43.178771884000525,115.37481185399884,0.006357971137576141,0.0008194493535630302,0.16541915428680332,0.024081079298048653,8.944286216001274,13.76380034199974
61,,,,,440079,469342,29263,454850,454851,454850.25,-0.046022895723581314,0.001,0.0,1.0,1.331800863327038,0.1751307700910876,0.10197561592494528,0.049743195292971755,401.4508819580078,0.3716244167318887,1e-06,1.7027275562286377,3.0,-3.0,0.03125,1.0,0.0,1.6714775562286377,3.0,-3.0,0.0,0.0,0.0,1.8804492950439453,9.904035568237305,-3.0297396183013916,-3.486712429889849e-08,1.0,2.8869903087615967,-3.0037407875061035,-3.486712429889849e-08,2.8869903087615967,-3.0037407875061035,116.24462890625,1024.0,3.0,0.04345703125,772.134765625,2048.0,420.0,0.00390625,37.73911955699805,11.7406786069987,1.3372584659991844,44.38666410300357,95.31975861200226,0.006453046143757588,0.0007349993025172485,0.1585217712385823,0.024396306313453475,,
62,,,,,441208,459041,17833,452332,452333,452332.5,-0.014726359397172928,0.001,0.0,1.0,1.0139102198299952,-0.11831482904381119,0.03750842316640046,-0.06283985561162808,714.3409729003906,0.36524717497539916,1e-06,1.7906625270843506,3.0,-3.0,0.04052734375,1.0,0.0,1.7501351833343506,3.0,-3.0,0.0,0.0,0.0,1.9306138753890991,9.73867416381836,-3.04081392288208,-4.289075761221284e-09,1.0,3.2243080139160156,-3.2267422676086426,-4.289075761221284e-09,3.2243080139160156,-3.2267422676086426,111.1748046875,1024.0,16.0,0.033203125,772.287109375,2048.0,399.0,0.00390625,39.8786842590016,11.759689520000393,1.4598551349990885,44.89882452299935,98.14968267299992,0.0064994719150184834,0.0008068484660062501,0.17514772212170096,0.024815166123923964,,
63,,,,,422720,462578,39858,438947,438948,438947.25,0.01368032768368721,0.001,0.0,1.0,0.8599702020486196,-0.02961135928829511,0.03705729052502041,0.02159527488868965,220.00966453552246,0.3722014280842249,1e-06,1.8416600227355957,3.0,-3.0,0.0224609375,1.0,0.0,1.8191990852355957,3.0,-3.0,0.0,0.0,0.0,1.9609131813049316,9.169755935668945,-3.0350866317749023,2.0616605311829517e-08,0.9999998211860657,3.0347115993499756,-3.1508851051330566,2.0616605311829517e-08,3.0347115993499756,-3.1508851051330566,98.29736328125,1024.0,1.0,0.02880859375,759.021484375,2048.0,416.0,0.005859375,34.60368897200169,11.174197954998817,1.3491962299995066,42.69097165399944,89.9484573760019,0.006364203190132082,0.0007684273167217169,0.17188998709473155,0.024314408880565627,,
64,,,,,428904,456027,27123,438501,438502,438501.75,0.028536731377243996,0.001,0.0,1.0,0.8455031480126339,-0.030450145713984966,0.131212435470059,-0.16769355134551758,903.63861733675,0.37822234056434284,1e-06,1.8744802474975586,3.0,-3.0,0.03076171875,1.0,0.0,1.8437185287475586,3.0,-3.0,0.0,0.0,0.0,1.9753830432891846,8.811441421508789,-3.037085771560669,2.738544324643044e-08,1.0000001192092896,3.248918056488037,-3.1552696228027344,2.738544324643044e-08,3.248918056488037,-3.1552696228027344,97.94287109375,1024.0,15.0,0.02490234375,758.505859375,2048.0,399.0,0.005859375,33.02228537400151,11.236511792001693,1.3339763209987723,41.95579456099949,87.65581177400236,0.0064061955237360475,0.0007605307852242165,0.16462824297687045,0.02391996985245754,,
65,,,,,433634,451162,17528,443065,443065,443065.0,0.04558638855814934,0.001,0.0,1.0,0.7567581395650732,0.14046361772664662,0.026460449665921322,-0.05782052344072546,300.64455795288086,0.3791951323717644,1e-06,1.6927707195281982,3.0,-3.0,0.0283203125,1.0,0.0,1.6644504070281982,3.0,-3.0,0.0,0.0,0.0,1.7752773761749268,9.339505195617676,-3.084272861480713,3.057225583802392e-08,0.9999999403953552,2.9586949348449707,-3.1323511600494385,3.057225583802392e-08,2.9586949348449707,-3.1323511600494385,101.380859375,1024.0,3.0,0.02734375,763.98046875,2048.0,414.0,0.00390625,39.08123890800198,11.263350576002267,1.4036005130001286,42.321548591000465,94.18241052699886,0.006355360148060819,0.0007919834070622418,0.18822720879651098,0.02387998859704584,,
66,,,,,440092,451572,11480,446707,446708,446707.75,0.06886296719312668,0.001,0.0,1.0,0.8432720810795824,-0.02666647907656928,0.03919888466286162,0.07243278511250537,145.2888560295105,0.3876648371464848,1e-06,1.6669749021530151,3.0,-3.0,0.0390625,1.0,0.0,1.6279124021530151,3.0,-3.0,0.0,0.0,0.0,1.7231475114822388,6.520634651184082,-3.0469613075256348,1.2722350284377626e-08,1.0,2.831946849822998,-2.611806631088257,1.2722350284377626e-08,2.831946849822998,-2.611806631088257,93.70068359375,1024.0,1.0,0.02001953125,778.775390625,2048.0,416.0,0.00390625,44.24366579600246,11.288576724997256,1.3111412669968558,41.72932447199855,98.67488634300025,0.006317652159044284,0.0007337802327119106,0.23055704196479637,0.02335381716121925,,
67,,,,,419113,448199,29086,431369,431370,431369.75,0.08267228305339813,0.001,0.0,1.0,0.5706387914584151,-0.024832399828093394,0.03286990474485459,-0.005758957467475868,256.34017181396484,0.3794102940352045,1e-06,1.7712464332580566,3.0,-3.0,0.03271484375,1.0,0.0,1.7385315895080566,3.0,-3.0,0.0,0.0,0.0,1.8187650442123413,10.306112289428711,-3.0261588096618652,-3.404858617273021e-09,0.9999998807907104,3.100280523300171,-3.126338243484497,-3.404858617273021e-09,3.100280523300171,-3.126338243484497,87.52880859375,1024.0,1.0,0.01416015625,754.990234375,2048.0,399.0,0.001953125,39.52240637300201,10.916272647998994,1.6958249710005475,41.16253648900238,93.4120466159984,0.006326517244196536,0.0009828140307709034,0.22047655277002556,0.023855715710827185,,
68,,,,,427961,439543,11582,432672,432673,432672.25,0.05326886847615242,0.001,0.0,1.0,0.6735278878617903,-0.08345226737959631,0.02412278738659646,0.032379964776894136,124.24541854858398,0.3914733631743936,1e-06,1.7800878286361694,3.0,-3.0,0.0244140625,1.0,0.0,1.7556737661361694,3.0,-3.0,0.0,0.0,0.0,1.855118751525879,10.134005546569824,-3.029332399368286,-1.360653145709989e-09,1.0,3.013690233230591,-2.988966464996338,-1.360653145709989e-09,3.013690233230591,-2.988966464996338,87.61181640625,1024.0,1.0,0.0185546875,757.451171875,2048.0,393.0,0.00390625,34.18834371000048,11.511711224000464,1.6937559750003857,40.06650487200022,87.57699204199889,0.0066515192642932755,0.0009786599296582954,0.1905396770310289,0.0231506093076227,,
69,,,,,443628,489922,46294,464137,464138,464137.5,0.07049374282360077,0.001,0.0,1.0,0.6485001711595443,0.020823257434512337,0.0072616281066720766,-0.05428937610650469,283.8533058166504,0.3884970542377349,1e-06,1.7402797937393188,3.0,-3.0,0.03369140625,1.0,0.0,1.7065883874893188,3.0,-3.0,0.0,0.0,0.0,1.7995420694351196,9.478286743164062,-3.0308070182800293,-1.288001150179241e-09,0.9999998807907104,3.2346181869506836,-3.2666444778442383,-1.288001150179241e-09,3.2346181869506836,-3.2666444778442383,92.5537109375,1024.0,1.0,0.01611328125,813.96484375,2048.0,413.0,0.01171875,34.875519966000866,12.031257719001587,1.900697927998408,43.406208771997626,92.32213602699994,0.006480438296303136,0.0010237795523947149,0.18399113672382414,0.023380037581534365,,
70,1.8152109351009131,0.0625,1.7527109351009131,0.0,427748,440836,13088,434411,434412,434411.5,0.06193452328443527,0.001,0.0,1.0,0.7467932479520296,0.05146983087640898,0.05624171654725897,0.03935138657546084,145.62121772766113,0.3812585475473442,1e-06,1.8463258743286133,3.0,-3.0,0.029296875,1.0,0.0,1.8170289993286133,3.0,-3.0,0.0,0.0,0.0,1.9159952402114868,8.766817092895508,-3.055414915084839,2.6962860832924207e-09,0.9999998807907104,3.1399874687194824,-3.1889400482177734,2.6962860832924207e-09,3.1399874687194824,-3.1889400482177734,88.4248046875,1024.0,1.0,0.02001953125,760.03515625,2048.0,389.0,0.00390625,32.86025199899814,11.026922411001578,1.3217393390004872,41.215252161000535,107.46227273399927,0.006345896926647648,0.0007606493721969189,0.18145411774546996,0.023719015358134244,7.288892893000593,13.629960766000295
71,,,,,421728,446695,24967,440204,440204,440204.0,0.07491371780633926,0.001,0.0,1.0,0.7876385620174309,0.06568457533915838,0.08964829508719656,-0.09574000880117334,742.7122592926025,0.36765858074883656,1e-06,1.775268316268921,3.0,-3.0,0.0185546875,1.0,0.0,1.756713628768921,3.0,-3.0,0.0,0.0,0.0,1.8354741334915161,7.572792053222656,-3.191988706588745,3.353225608293542e-08,0.9999999403953552,2.897970199584961,-2.7131950855255127,3.353225608293542e-08,2.897970199584961,-2.7131950855255127,92.431640625,1024.0,1.0,0.01904296875,767.341796875,2048.0,399.0,0.005859375,34.4781488899971,11.24135655000282,1.3903898620010295,43.31387624799754,90.55160974799946,0.0063841744679755405,0.0007896281394541108,0.1821349650818653,0.0245987520831237,,
72,,,,,423645,458755,35110,438141,438142,438141.25,0.09558985382318497,0.001,0.0,1.0,0.4280794809476055,0.04381506735908574,0.0170507885130315,0.004647599483021246,128.39036560058594,0.37189109662784703,1e-06,1.8356513977050781,3.0,-3.0,0.0244140625,1.0,0.0,1.8112373352050781,3.0,-3.0,0.0,0.0,0.0,1.8700013160705566,7.871275901794434,-3.034914493560791,9.450412896683247e-09,1.0,3.3733835220336914,-3.2253756523132324,9.450412896683247e-09,3.3733835220336914,-3.2253756523132324,88.29931640625,1024.0,1.0,0.013671875,767.4453125,2048.0,393.0,0.00390625,36.28819892899992,11.674997370999336,1.3726960900021368,42.63087756499954,92.06561432200033,0.0066616629745540595,0.0007832497453744294,0.20066799896591914,0.024324848188226705,,
73,,,,,425931,443078,17147,435311,435312,435311.25,0.03867572546005249,0.001,0.0,1.0,0.8216849794611335,0.042452676904698214,0.036025561200222,0.031320156393000315,115.30839544534683,0.37463424914748694,1e-06,1.7114158868789673,3.0,-3.0,0.03466796875,1.0,0.0,1.6767479181289673,3.0,-3.0,0.0,0.0,0.0,1.7950137853622437,9.286012649536133,-3.035573720932007,1.9527638173144624e-08,0.9999998211860657,3.0458436012268066,-3.0087974071502686,1.9527638173144624e-08,3.0458436012268066,-3.0087974071502686,97.67431640625,1024.0,1.0,0.02294921875,752.54296875,2048.0,418.0,0.001953125,39.42854990300111,11.565025683001295,1.6115121570001065,42.02730895499917,94.73875815700012,0.00664181415194375,0.0009254942050085465,0.19710628485230788,0.02413635585744635,,
74,,,,,408366,450715,42349,430616,430617,430616.5,0.08955255150794983,0.001,0.0,1.0,0.6455896475662788,0.1388839801462988,0.0017563650481558094,-0.05031145598883692,151.99762153625488,0.37230363156881363,1e-06,1.7667622566223145,3.0,-3.0,0.01806640625,1.0,0.0,1.7486958503723145,3.0,-3.0,0.0,0.0,0.0,1.815166711807251,8.641926765441895,-3.06564998626709,1.7663584372940022e-08,0.9999998211860657,2.976649522781372,-3.0380699634552,1.7663584372940022e-08,2.976649522781372,-3.0380699634552,87.7353515625,1024.0,1.0,0.013671875,753.3125,2048.0,389.0,0.0078125,33.94028564100154,11.451757572998758,1.38876469099705,41.833240785999806,88.7312377829985,0.006648466543315664,0.0008062653724352468,0.18889084961766642,0.024286831081716448,,
75,,,,,424549,457660,33111,440364,440365,440364.25,0.06195592135190964,0.001,0.0,1.0,0.6674608321346599,0.03339507912510428,0.02894376164727748,0.04471539763948511,103.29802989959717,0.3751543284288322,1e-06,1.8541996479034424,3.0,-3.0,0.02734375,1.0,0.0,1.8268558979034424,3.0,-3.0,0.0,0.0,0.0,1.9146106243133545,8.93317699432373,-3.0290982723236084,0.0,1.0,2.9254825115203857,-2.8438310623168945,0.0,2.9254825115203857,-2.8438310623168945,86.64892578125,1024.0,13.0,0.0166015625,773.4375,2048.0,418.0,0.005859375,34.41996035100237,11.295245738998346,1.3167591490018822,42.47862711799826,89.616756454001,0.0064124447766810925,0.0007475397633901266,0.19396225762298683,0.024115619693241594,,
76,,,,,420176,474354,54178,450014,450014,450014.0,0.03614138439297676,0.001,0.0,1.0,0.9748885751731934,-0.13389116292068315,0.008241355973070548,0.06235151725606204,97.59658908843994,0.3879028448902701,1e-06,1.809187650680542,3.0,-3.0,0.041015625,1.0,0.0,1.768172025680542,3.0,-3.0,0.0,0.0,0.0,1.893110752105713,8.381196975708008,-3.0230181217193604,-9.32801924591331e-09,0.9999999403953552,3.0712320804595947,-3.0112013816833496,-9.32801924591331e-09,3.0712320804595947,-3.0112013816833496,96.646484375,1024.0,2.0,0.02294921875,782.287109375,2048.0,407.0,0.001953125,34.671276066001155,11.357019630999275,1.3732569109997712,42.088847699000326,89.61090093099847,0.006309259062495431,0.0007628967715447582,0.17516761345311094,0.02338196572717756,,
77,,,,,419271,454040,34769,438227,438228,438227.25,0.05357803776860237,0.001,0.0,1.0,0.4052631606037418,0.0364179914817214,0.019410030559326212,0.0002682140705777177,132.18985176086426,0.38388928427411273,1e-06,1.7741748094558716,3.0,-3.0,0.04150390625,1.0,0.0,1.7326709032058716,3.0,-3.0,0.0,0.0,0.0,1.8449219465255737,11.312311172485352,-3.020859956741333,1.3517034602728017e-08,0.9999998807907104,2.954206705093384,-2.901026487350464,1.3517034602728017e-08,2.954206705093384,-2.901026487350464,88.19189453125,1024.0,1.0,0.01318359375,767.720703125,2048.0,399.0,0.005859375,31.883650808998937,11.202399555000738,1.4253549169989128,41.30236529800095,85.9365392260006,0.006390747925306298,0.0008131368582162068,0.1765263004534398,0.023562184516139145,,
78,,,,,419171,453812,34641,442085,442086,442085.75,0.03498413413763046,0.001,0.0,1.0,0.9669669799506664,0.03906384800405552,0.03965243159909733,0.029080531020493558,113.66521072387695,0.38862610816540455,1e-06,1.7778570652008057,3.0,-3.0,0.0361328125,1.0,0.0,1.7417242527008057,3.0,-3.0,0.0,0.0,0.0,1.8723416328430176,9.773744583129883,-3.0290536880493164,-5.392066348974822e-09,0.9999999403953552,3.136402130126953,-3.123814344406128,-5.392066348974822e-09,3.136402130126953,-3.123814344406128,88.43310546875,1024.0,1.0,0.01708984375,775.015625,2048.0,416.0,0.005859375,28.930793899999117,11.309840223002539,1.4127142799989088,41.17228324499956,82.93568349699854,0.006395727651820116,0.0007988915498853496,0.1597406778163619,0.02328297352097391,,
79,,,,,427236,478959,51723,451139,451140,451139.25,0.05101269856095314,0.001,0.0,1.0,0.42982895023399786,-0.044692872407575766,0.023153984017910495,-0.010960674728384249,111.10717391967773,0.38030156788393993,1e-06,1.6592788696289062,3.0,-3.0,0.02587890625,1.0,0.0,1.6333999633789062,3.0,-3.0,0.0,0.0,0.0,1.7288528680801392,8.697728157043457,-3.025026798248291,3.0870583866970946e-10,1.000000238418579,3.176877498626709,-3.1217668056488037,3.0870583866970946e-10,3.176877498626709,-3.1217668056488037,96.53955078125,1024.0,10.0,0.01708984375,784.591796875,2048.0,389.0,0.001953125,40.45669938700303,11.718825314001151,1.6129599480009347,43.002192388001276,96.89782910599752,0.006494017819332474,0.0008938259905344828,0.20462336511510637,0.023829777828021658,,
80,1.824585935100913,0.0625,1.762085935100913,0.0,413760,445050,31290,429612,429613,429612.5,0.04538886621594429,0.001,0.0,1.0,0.8485627834064265,0.09271206955115001,0.02103041811787989,-0.04686374137672829,190.68847846984863,0.38216519047407316,1e-06,1.7742300033569336,3.0,-3.0,0.02587890625,1.0,0.0,1.7483510971069336,3.0,-3.0,0.0,0.0,0.0,1.8619295358657837,10.370475769042969,-3.021625518798828,0.0,0.9999998807907104,3.2500836849212646,-3.3125357627868652,0.0,3.2500836849212646,-3.3125357627868652,89.6962890625,1024.0,1.0,0.01806640625,749.390625,2048.0,393.0,0.001953125,35.059321831999114,11.314923095000267,1.376274251997529,40.66395510200164,109.63578634000078,0.0065843772556666,0.0008008811731487847,0.19085304049036525,0.023663158719777495,7.451019719999749,13.656824454999878
81,,,,,426283,472602,46319,450303,450304,450303.5,0.06857763975858688,0.001,0.0,1.0,0.6248837073724116,-0.026695959390171112,0.00106581628149856,0.04375429510189626,73.32904958724976,0.37241651819272553,1e-06,1.8676128387451172,3.0,-3.0,0.03125,1.0,0.0,1.8363628387451172,3.0,-3.0,0.0,0.0,0.0,1.9237735271453857,9.60240364074707,-3.026646375656128,-2.0430632741152976e-09,0.9999998807907104,3.2128350734710693,-3.118189573287964,-2.0430632741152976e-09,3.2128350734710693,-3.118189573287964,87.5224609375,1024.0,1.0,0.01416015625,791.9765625,2048.0,399.0,0.0078125,43.68963689899829,11.377975802999572,1.3566772310005035,43.78713864400197,100.32326324300084,0.00631683731250122,0.000753201580156774,0.24374120984009845,0.024309792531038495,,
82,,,,,419753,473343,53590,439897,439898,439897.75,0.0469307117164135,0.001,0.0,1.0,0.9056640871126076,0.05024303675725542,0.043155268039393783,-0.026267687687542438,184.07186031341553,0.37396604489409013,1e-06,1.8433328866958618,3.0,-3.0,0.04150390625,1.0,0.0,1.8018289804458618,3.0,-3.0,0.0,0.0,0.0,1.9295709133148193,9.750511169433594,-3.049697160720825,6.622630777108895e-10,0.9999999403953552,3.2787907123565674,-3.2633421421051025,6.622630777108895e-10,3.2787907123565674,-3.2633421421051025,90.00146484375,1024.0,1.0,0.01708984375,769.173828125,2048.0,407.0,0.005859375,41.99245535999944,11.27934753199952,1.3512776919997123,42.602417669000715,97.35904187599954,0.006410209833989557,0.0007679498769882958,0.2278199430347783,0.02421154556314548,,
83,,,,,417112,435461,18349,426746,426747,426746.5,0.05688288062810898,0.001,0.0,1.0,0.5220256227600787,0.060725632306587486,0.010938403030325259,0.04767583919536784,84.9706540107727,0.3725257538376771,1e-06,1.8916997909545898,3.0,-3.0,0.0341796875,1.0,0.0,1.8575201034545898,3.0,-3.0,0.0,0.0,0.0,1.9641624689102173,11.92286491394043,-3.040182590484619,2.495508910627109e-09,1.0,3.0186290740966797,-2.9691545963287354,2.495508910627109e-09,3.0186290740966797,-2.9691545963287354,83.5966796875,1024.0,9.0,0.01171875,749.892578125,2048.0,414.0,0.005859375,32.48207714399905,11.761510754000483,1.3582586320007977,41.39020044499921,87.09941030200207,0.006890220982480514,0.0007957057831761933,0.1897251097741846,0.024247533632378478,,
84,,,,,426158,444367,18209,434481,434482,434481.25,0.005743795540183783,0.001,0.0,1.0,0.6960237501189113,0.08975312925343003,0.03115091094098586,0.009093323339389567,214.839994430542,0.37222886540078487,1e-06,1.8602882623672485,3.0,-3.0,0.0341796875,1.0,0.0,1.8261085748672485,3.0,-3.0,0.0,0.0,0.0,1.9893020391464233,11.999373435974121,-3.027439832687378,-1.6091791010808265e-08,0.9999998211860657,3.0517539978027344,-3.1115055084228516,-1.6091791010808265e-08,3.0517539978027344,-3.1115055084228516,88.89697265625,1024.0,1.0,0.01904296875,759.69921875,2048.0,426.0,0.005859375,29.818582418000005,11.328432589998556,1.5011779910018959,42.26412115600033,85.01449153399881,0.006518366782225099,0.0008637760496004695,0.16378347047418176,0.024318725581368775,,
85,,,,,421303,442292,20989,430618,430619,430618.5,0.051501281559467316,0.001,0.0,1.0,0.3526276558238481,-0.044511215428688695,0.008595563848627665,0.037988196326588355,61.43333339691162,0.382956225868176,1e-06,1.8457006216049194,3.0,-3.0,0.02783203125,1.0,0.0,1.8178685903549194,3.0,-3.0,0.0,0.0,0.0,1.9387164115905762,12.693852424621582,-3.022714614868164,5.315354822954532e-09,1.0,3.1344218254089355,-2.9786057472229004,5.315354822954532e-09,3.1344218254089355,-2.9786057472229004,84.1025390625,1024.0,1.0,0.01416015625,756.94921875,2048.0,389.0,0.0078125,34.05861732400081,10.985255993000465,1.3630684790005034,40.68521341700034,87.20874978600114,0.006377603373403874,0.0007913434275353378,0.19773700563161603,0.023620219182989316,,
86,,,,,410225,463983,53758,443220,443221,443220.75,-0.03600890934467316,0.001,0.0009765625,0.9990234375,0.7486785991838382,0.05932271768969874,0.02319865434190198,3.904761674235605e-05,256.73187732696533,0.37184380781288673,1e-06,1.793371558189392,3.0,-3.0,0.02099609375,1.0,0.0,1.772375464439392,3.0,-3.0,0.0,0.0,0.0,1.9566363096237183,12.93457317352295,-3.0324034690856934,-1.0046370846339414e-08,0.9981020092964172,3.527158498764038,-3.598219871520996,-1.0046370846339414e-08,3.527158498764038,-3.598219871520996,94.92724609375,1024.0,1.0,0.01904296875,770.73828125,2048.0,416.0,0.001953125,34.29466873600177,11.195678183001291,1.5460534399971948,43.15388999900097,90.29224532199805,0.006314956025299634,0.0008720561029674236,0.17640292337368652,0.024341081729026093,,
87,,,,,433745,470555,36810,450765,450766,450765.75,-0.05511090159416199,0.001,0.0,1.0,0.6038518809382954,-0.035131754864367745,0.012477997752402218,0.02193584808869233,112.29321312904358,0.38463674723318203,1e-06,1.809547781944275,3.0,-3.0,0.02978515625,1.0,0.0,1.779762625694275,3.0,-3.0,0.0,0.0,0.0,1.9911484718322754,17.567262649536133,-3.0391969680786133,6.160344678818319e-09,1.0,3.338313341140747,-3.2451717853546143,6.160344678818319e-09,3.338313341140747,-3.2451717853546143,96.75537109375,1024.0,1.0,0.02197265625,783.646484375,2048.0,420.0,0.00390625,38.35013911100032,11.761347993000527,1.3846281639998779,42.478801376000774,94.08223980799812,0.006522982276825894,0.0007679311061232347,0.19353606576165283,0.023559244117371814,,
88,,,,,409517,462047,52530,444637,444638,444637.5,-0.10683630406856537,0.001,0.0,1.0,0.6850621617709597,-0.04911429602652788,0.01329388182493858,0.05271168314460131,98.64110732078552,0.37413448700554736,1e-06,1.8456785678863525,3.0,-3.0,0.0283203125,1.0,0.0,1.8173582553863525,3.0,-3.0,0.0,0.0,0.0,2.0870814323425293,14.078756332397461,-3.03708553314209,-1.864683163432801e-08,1.0000001192092896,2.9166126251220703,-2.7388112545013428,-1.864683163432801e-08,2.9166126251220703,-2.7388112545013428,102.2880859375,1024.0,1.0,0.029296875,766.14453125,2048.0,399.0,0.005859375,34.94151689299906,11.764863614000205,1.411680740002339,43.03779567699894,91.25974036499974,0.006614862451997529,0.0007937256416757128,0.16679642979960027,0.024198248953922544,,
89,,,,,422126,456681,34555,440412,440413,440412.5,-0.10162866860628128,0.001,0.0,1.0,0.8440403240101952,-0.018994102346515582,0.04986240242555317,0.01587458997903835,135.93283653259277,0.38478387316600604,1e-06,1.7925618886947632,3.0,-3.0,0.03125,1.0,0.0,1.7613118886947632,3.0,-3.0,0.0,0.0,0.0,2.0240650177001953,14.869519233703613,-3.027000904083252,1.0954232187998514e-08,0.9999999403953552,3.303326368331909,-3.3444550037384033,1.0954232187998514e-08,3.303326368331909,-3.3444550037384033,97.9423828125,1024.0,1.0,0.02685546875,762.23828125,2048.0,393.0,0.001953125,33.65883753600065,11.219270629000675,1.3363034860012704,41.44361274000039,87.76600811300159,0.0063686150080893905,0.0007585522016298756,0.16780252627800868,0.023525452127267272,,
90,1.8170859362930059,0.0625,1.7545859362930059,0.0,428726,444025,15299,438364,438364,438364.0,-0.0855068564414978,0.001,0.0,1.0,0.9766534375476426,0.13945790084785428,0.09552223821861092,-0.12536808069384717,574.9041843414307,0.3823673726175211,1e-06,1.7676280736923218,3.0,-3.0,0.04443359375,1.0,0.0,1.7231944799423218,3.0,-3.0,0.0,0.0,0.0,1.9997167587280273,14.901981353759766,-3.0194146633148193,2.4042210000629893e-08,0.9999998807907104,3.2486939430236816,-3.132516384124756,2.4042210000629893e-08,3.2486939430236816,-3.132516384124756,100.40625,1024.0,1.0,0.02783203125,755.7734375,2047.0,419.0,0.0,33.64172623900231,11.733164314999158,1.3570654639988788,41.52816896399963,110.23556815800112,0.006691450663717343,0.0007739375633029165,0.16360160986131686,0.023683610517743037,8.300486462001572,13.562393200998486
91,,,,,431652,456877,25225,442096,442096,442096.0,-0.10772982239723206,0.001,0.0,1.0,1.0071264478067556,-0.024574455386027694,0.015236525575164705,0.1579475287765187,139.7706699371338,0.3825828486436922,1e-06,1.7187812328338623,3.0,-3.0,0.0400390625,1.0,0.0,1.6787421703338623,3.0,-3.0,0.0,0.0,0.0,1.9592416286468506,14.463136672973633,-3.0277562141418457,2.108740737583048e-08,0.9999998807907104,3.1752114295959473,-3.0785844326019287,2.108740737583048e-08,3.1752114295959473,-3.0785844326019287,101.755859375,1024.0,12.0,0.02783203125,761.712890625,2048.0,399.0,0.009765625,38.30875995699898,11.920528546001151,1.676529678999941,41.90437391699743,93.9109285409977,0.0067409163089018845,0.0009480574801626463,0.18382675270638105,0.02369642222333918,,
92,,,,,432717,470379,37662,451974,451975,451974.5,-0.0929153636097908,0.001,0.0,1.0,1.0975908804684877,0.057283474778335904,0.10448624685147567,-0.10050714930501624,385.0910453796387,0.37176480118347843,1e-06,1.6889030933380127,3.0,-3.0,0.02880859375,1.0,0.0,1.6600944995880127,3.0,-3.0,0.0,0.0,0.0,1.910689115524292,16.770484924316406,-3.040304660797119,2.405065657740124e-08,1.0000001192092896,2.685391664505005,-2.6522278785705566,2.405065657740124e-08,2.685391664505005,-2.6522278785705566,99.1318359375,1024.0,1.0,0.02392578125,783.630859375,2048.0,416.0,0.001953125,37.51210469099897,11.493945377002092,1.6447270620010386,44.045314028000575,94.80929571600063,0.006357629344687638,0.0009097454955982243,0.1847686688683934,0.02436272069995131,,
93,,,,,437538,458621,21083,446822,446823,446822.5,-0.12540477514266968,0.001,0.0,1.0,0.8310683609296878,0.041509719705209135,0.028202247433364393,-0.009472768468488843,149.24425780773163,0.38200691911596174,1e-06,1.7916336059570312,3.0,-3.0,0.03662109375,1.0,0.0,1.7550125122070312,3.0,-3.0,0.0,0.0,0.0,2.0511443614959717,17.267122268676758,-3.0315465927124023,-1.3366914686230302e-08,0.9999999403953552,3.1019046306610107,-3.085693120956421,-1.3366914686230302e-08,3.1019046306610107,-3.085693120956421,98.1005859375,1024.0,1.0,0.02734375,774.599609375,2048.0,389.0,0.001953125,37.520273100999475,11.372087604999251,1.33954602599988,42.403932059998624,92.74268653300169,0.006362754564172155,0.0007494844294993426,0.18675164551789097,0.02372526677819415,,
94,,,,,436983,455646,18663,446058,446058,446058.0,-0.12788283824920654,0.001,0.0,1.0,1.0599919798473516,-0.043132917024195194,0.05962612538326842,0.034181131093525136,130.65088367462158,0.3851881176900536,1e-06,1.8343225717544556,3.0,-3.0,0.03857421875,1.0,0.0,1.7957483530044556,3.0,-3.0,0.0,0.0,0.0,2.095770835876465,13.218466758728027,-3.0398387908935547,-1.3521051833720321e-08,0.9999998807907104,3.3078196048736572,-3.372951030731201,-1.3521051833720321e-08,3.3078196048736572,-3.372951030731201,105.798828125,1024.0,1.0,0.0322265625,765.408203125,2048.0,425.0,0.00390625,32.80669681400104,11.655439717000263,1.3512053699996613,41.94489551099832,87.86221169400233,0.006532468713149558,0.0007573036297968321,0.15140900152301612,0.0235086555509588,,
95,,,,,435897,478700,42803,458248,458249,458248.75,-0.40808093547821045,0.001,0.0,1.0,1.565402374137193,0.01819510944187641,0.03136417147470638,-0.007706753995762483,145.61262893676758,0.37264780447573537,1e-06,1.8599153757095337,3.0,-3.0,0.03564453125,1.0,0.0,1.8242708444595337,3.0,-3.0,0.0,0.0,0.0,2.4168167114257812,15.784228324890137,-3.0492897033691406,-3.2075583078494674e-08,0.9999998211860657,3.269423484802246,-3.357700824737549,-3.2075583078494674e-08,3.269423484802246,-3.357700824737549,133.79443359375,1024.0,2.0,0.0654296875,761.22265625,2048.0,402.0,0.005859375,33.65071320900097,11.667684785999882,1.4207895090003149,44.61839857900122,91.46242407200043,0.006365366400890282,0.00077511914053247,0.12280789168683363,0.024341800484453707,,
96,,,,,472677,507512,34835,488726,488727,488726.5,-0.6626967191696167,0.001,0.0,1.0,2.104724609942147,-0.028328882248112648,0.038512146366746026,0.04732908922420448,179.39422225952148,0.3679242563704599,1e-06,1.8406459093093872,3.0,-3.0,0.03955078125,1.0,0.0,1.8010951280593872,3.0,-3.0,0.0,0.0,0.0,2.6495163440704346,14.1865234375,-3.052431583404541,-1.3323616876448341e-08,0.9999998807907104,2.8103151321411133,-2.80232310295105,-1.3323616876448341e-08,2.8103151321411133,-2.80232310295105,178.9443359375,1024.0,1.0,0.1005859375,775.599609375,2048.0,414.0,0.009765625,36.604676224000286,12.448984708000353,1.4613141160007217,48.39967708400218,99.02486689799844,0.006368073302757449,0.0007475111928659085,0.09988232915482044,0.02475805848670073,,
97,,,,,475118,513188,38070,491776,491777,491776.75,-0.8031581044197083,0.001,0.0,1.0,2.320303235993241,0.14692763723150798,0.19008569451839183,-0.08554274090706851,399.9987106323242,0.3724788113439658,1e-06,1.7986993789672852,3.0,-3.0,0.02734375,1.0,0.0,1.7713556289672852,3.0,-3.0,0.0,0.0,0.0,2.768038034439087,14.901716232299805,-3.036018133163452,-4.84013451540477e-09,0.9999998211860657,3.031464099884033,-2.987786054611206,-4.84013451540477e-09,3.031464099884033,-2.987786054611206,197.03466796875,1024.0,1.0,0.12060546875,763.466796875,2048.0,424.0,0.00390625,39.188429241999984,12.320420691001345,1.566578601999936,48.07197370200083,101.25235367999994,0.006263218366363063,0.0007963870811297687,0.09711476367628433,0.024437904853168043,,
98,,,,,491803,509690,17887,497915,497916,497915.5,-0.9110581874847412,0.001,0.0,1.0,2.2231040397549378,-0.03677988811122144,0.02994037009364761,0.07878812472507193,153.06172561645508,0.38373302941563064,1e-06,1.803081750869751,3.0,-3.0,0.0224609375,1.0,0.0,1.780620813369751,3.0,-3.0,0.0,0.0,0.0,2.8749771118164062,14.209771156311035,-3.0388946533203125,-4.57001769760268e-09,0.9999998807907104,2.8224453926086426,-2.808070421218872,-4.57001769760268e-09,2.8224453926086426,-2.808070421218872,208.6806640625,1024.0,1.0,0.13232421875,763.810546875,2048.0,407.0,0.005859375,41.538790883998445,12.45543752699814,1.4199732859997312,47.33305193400156,102.85764442999789,0.00625379081741688,0.0007129589689413822,0.09719449967943704,0.02376560477330067,,
99,,,,,453359,513157,59798,485963,485964,485963.75,-0.7727890014648438,0.001,0.0,1.0,2.480604514028087,0.05971456465142017,0.04807257138644204,-0.033978349883744326,191.36032485961914,0.371858632033143,1e-06,1.9117498397827148,3.0,-3.0,0.03271484375,1.0,0.0,1.8790349960327148,3.0,-3.0,0.0,0.0,0.0,2.8426361083984375,16.081409454345703,-3.0408236980438232,-5.8906186595208965e-09,1.0,3.137885808944702,-3.143808126449585,-5.8906186595208965e-09,3.137885808944702,-3.143808126449585,182.13427734375,1024.0,1.0,0.10986328125,767.013671875,2048.0,399.0,0.00390625,36.047418973001186,12.709955881000496,1.4800113370001782,47.570618219997414,97.9193593630007,0.006538530847722951,0.0007613794943553805,0.09663902397784833,0.024472307975645,,
100,1.8235442686825991,0.0625,1.7610442686825991,0.0,493764,529909,36145,513077,513077,513077.0,-1.1163289546966553,0.001,0.0,1.0,2.7410453592027935,0.11615941442682275,0.1516222422410335,-0.07305309081982289,548.9118366241455,0.3859709525248162,1e-06,1.7746952772140503,3.0,-3.0,0.02978515625,1.0,0.0,1.7449101209640503,3.0,-3.0,0.0,0.0,0.0,3.0645103454589844,15.922334671020508,-3.0286145210266113,-8.586598987392335e-09,1.0,2.938413381576538,-2.937671422958374,-8.586598987392335e-09,2.938413381576538,-2.937671422958374,222.130859375,1024.0,1.0,0.15283203125,779.97265625,2048.0,414.0,0.009765625,48.749122631998034,13.503792834002525,1.4509491079988948,48.541097969002294,167.90874071299913,0.00657980811554724,0.0007069840920558195,0.10715882791850515,0.023651955734228146,11.38828894800099,44.161872603999655
