step,val/test_score/rlla,val/test_format/rlla,val/test_correctness/rlla,val/test_length/rlla,global_seqlen/min,global_seqlen/max,global_seqlen/minmax_diff,global_seqlen/balanced_min,global_seqlen/balanced_max,global_seqlen/mean,critic/kl,critic/kl_coeff,grpo/pi_correctness,grpo/w_correctness,grpo/active_groups_correctness,grpo/pi_format,grpo/w_format,grpo/active_groups_format,actor/entropy_loss,actor/pg_loss,actor/pg_clipfrac,actor/ppo_kl,actor/grad_norm,mfu/actor,actor/lr,critic/score/mean,critic/score/max,critic/score/min,critic/format_score/mean,critic/format_score/max,critic/format_score/min,critic/correctness_score/mean,critic/correctness_score/max,critic/correctness_score/min,critic/length_score/mean,critic/length_score/max,critic/length_score/min,critic/rewards/mean,critic/rewards/max,critic/rewards/min,critic/advantages/mean,critic/advantages/var,critic/advantages/max,critic/advantages/min,critic/returns/mean,critic/returns/max,critic/returns/min,response_length/mean,response_length/max,response_length/min,response_length/clip_ratio,prompt_length/mean,prompt_length/max,prompt_length/min,prompt_length/clip_ratio,timing_s/gen,timing_s/ref,timing_s/adv,timing_s/update_actor,timing_s/step,timing_per_token_ms/gen,timing_per_token_ms/update_actor,timing_per_token_ms/ref,timing_per_token_ms/adv,timing_s/testing,timing_s/save_checkpoint
0,-2.51875,0.025,-2.54375,0.0,,,,,,,,,,,,,,,,,,,,,,,,,,,,,,,,,,,,,,,,,,,,,,,,,,,,,,,,,,,,,,
1,,,,,437818,453498,15680,444382,444383,444382.25,-0.0003512880939524621,0.001,0.15625,1.0,80.0,0.017578125,1.0,9.0,0.5626480807860692,-0.045979233272373674,0.0,0.0,103.80935245752335,0.3660284539413728,1e-06,-2.435487985610962,4.0,-3.0,0.0048828125,1.0,0.0,-2.440370798110962,3.0,-3.0,0.0,0.0,0.0,-2.435271739959717,4.00027322769165,-3.1151628494262695,0.02702641487121582,0.8028469681739807,1.4999996423721313,-1.4999995231628418,0.02702641487121582,1.4999996423721313,-1.4999995231628418,123.24072265625,1024.0,1.0,0.0048828125,744.693359375,2048.0,414.0,0.00390625,40.145247510001354,11.303221482998197,1.3518307720005396,43.866944024000986,96.7716445110018,0.1590559614813225,0.02467860947641416,0.006358951940023593,0.0007605112332910122,,
2,,,,,435945,466843,30898,446888,446888,446888.0,-0.0005795492324978113,0.001,0.162109375,1.0,83.0,0.01953125,1.0,10.0,0.6087293316578043,0.014750670770118976,0.00621897390850916,-0.0004236092643325186,70.74920225143433,0.3857202449998199,1e-06,-2.404801368713379,4.0,-3.0,0.00537109375,1.0,0.0,-2.410172462463379,3.0,-3.0,0.0,0.0,0.0,-2.404223680496216,4.00037956237793,-3.080012798309326,-0.004055137280374765,0.8287113904953003,1.4999996423721313,-1.4999994039535522,-0.004055137280374765,1.4999996423721313,-1.4999994039535522,115.240234375,1024.0,1.0,0.00390625,757.587890625,2048.0,418.0,0.001953125,45.736162319997675,12.016493925999384,1.335520461001579,42.3592014120004,101.54773287200078,0.19378744436722573,0.023696765974920115,0.006722318526118057,0.0007471225793720009,,
3,,,,,444485,483877,39392,465501,465502,465501.75,0.0030998948495835066,0.001,0.224609375,1.0,115.0,0.033203125,1.0,17.0,0.720854050690128,-0.0395168520570282,0.009890178653163715,-0.0103013948161876,148.11882710456848,0.3888503088377266,1e-06,-2.3496410846710205,4.0,-3.0,0.00830078125,1.0,0.0,-2.3579418659210205,3.0,-3.0,0.0,0.0,0.0,-2.3480641841888428,4.000229835510254,-3.200305461883545,0.03174719959497452,0.8145543336868286,1.4999996423721313,-1.4997141361236572,0.03174719959497452,1.4999996423721313,-1.4997141361236572,120.35302734375,1024.0,1.0,0.0048828125,788.830078125,2048.0,402.0,0.0078125,39.07021707400054,12.011532278000232,1.3409930929992697,43.37742896399868,95.90538656499848,0.15851079820515224,0.02329606116625699,0.006450852374883785,0.0007201869235718607,,
4,,,,,438923,463884,24961,448605,448605,448605.0,0.01201905868947506,0.001,0.345703125,1.0,177.0,0.0390625,1.0,20.0,0.6659884862601757,0.004715802700957283,0.009068124585610349,0.005589574741197367,96.96155440807343,0.3881370891608742,1e-06,-2.137155055999756,4.0,-3.0,0.01171875,1.0,0.0,-2.148873805999756,3.0,-3.0,0.0,0.0,0.0,-2.1376333236694336,4.000160217285156,-3.4325780868530273,0.01564512960612774,0.7700906991958618,1.4999996423721313,-1.4999995231628418,0.01564512960612774,1.4999996423721313,-1.4999995231628418,111.046875,1024.0,1.0,0.00439453125,765.134765625,2048.0,418.0,0.00390625,42.642915469998115,11.748188629000651,1.492690508999658,41.81648376300291,97.81225359600285,0.18750402538869299,0.023303621093725496,0.006547067369401061,0.0008318512438557629,,
5,,,,,440168,479302,39134,455966,455966,455966.0,0.018118180334568024,0.001,0.33984375,1.0,174.0,0.037109375,1.0,19.0,0.6239935121228618,-0.02489022096438754,0.006575636135699648,-0.005863771389422547,222.97266006469727,0.3767710644884867,1e-06,-2.028217315673828,4.0,-3.0,0.01123046875,1.0,0.0,-2.039447784423828,3.0,-3.0,0.0,0.0,0.0,-2.0269148349761963,3.999819278717041,-3.145289182662964,0.02660752460360527,0.7793120741844177,1.4999996423721313,-1.4999995231628418,0.02660752460360527,1.4999996423721313,-1.4999995231628418,114.60546875,1024.0,1.0,0.00341796875,775.953125,2048.0,424.0,0.00390625,37.58065603900104,11.554122043999087,1.3642074980016332,43.85275030300181,94.43787156599865,0.16011390997904257,0.024043870761746387,0.006334969078834325,0.0007479765475943564,,
6,,,,,436045,457368,21323,445983,445984,445983.75,0.022567886859178543,0.001,0.44140625,1.0,226.0,0.03125,1.0,16.0,0.545824771297389,-0.009214010571354422,0.004384957187696649,-0.001756349235463482,198.12687587738037,0.38918851945528754,1e-06,-1.8355343341827393,4.0,-3.0,0.00830078125,1.0,0.0,-1.8438351154327393,3.0,-3.0,0.0,0.0,0.0,-1.8353098630905151,4.000417232513428,-3.3794655799865723,-0.011471100151538849,0.7755277156829834,1.4999996423721313,-1.4999996423721313,-0.011471100151538849,1.4999996423721313,-1.4999996423721313,109.25927734375,1024.0,1.0,0.00439453125,761.802734375,2048.0,393.0,0.005859375,36.56269045299996,11.390911865000817,1.4039855080009147,41.47724174399991,90.93647391899867,0.16339917883206767,0.02325042209721762,0.006385272930348257,0.0007870160672899599,,
7,,,,,440314,458610,18296,446933,446934,446933.25,0.02216413989663124,0.001,0.533203125,1.0,273.0,0.025390625,1.0,13.0,0.5468742837508519,0.0549667217147847,0.0025721522979438305,9.29823141026039e-05,241.6118767261505,0.394730552061849,1e-06,-1.5862287282943726,4.0,-3.0,0.0068359375,1.0,0.0,-1.5930646657943726,3.0,-3.0,0.0,0.0,0.0,-1.586732029914856,3.9994308948516846,-3.911041736602783,-0.018949391320347786,0.7779383659362793,1.4999996423721313,-1.4999996423721313,-0.018949391320347786,1.4999996423721313,-1.4999996423721313,110.43212890625,1024.0,1.0,0.0048828125,762.484375,2048.0,389.0,0.00390625,37.66424060300051,11.733271964003507,1.87840766500085,40.94591798200054,92.35893015900001,0.16653434706077647,0.022903821757499884,0.006563212719127244,0.0010507204739191199,,
8,,,,,421017,466738,45721,445282,445283,445282.5,0.05039907991886139,0.001,0.591796875,1.0,303.0,0.0390625,1.0,20.0,0.5132635220885277,0.05565114672062919,0.002611045481171459,0.0001944656268581942,58.5885334610939,0.38324501746167783,1e-06,-1.1491272449493408,4.0,-3.0,0.0107421875,1.0,0.0,-1.1598694324493408,3.0,-3.0,0.0,0.0,0.0,-1.1502721309661865,3.9992616176605225,-3.351173162460327,-0.02091139741241932,0.7888361215591431,1.4999996423721313,-1.4999996423721313,-0.02091139741241932,1.4999996423721313,-1.4999996423721313,98.2060546875,1024.0,1.0,0.00146484375,771.486328125,2048.0,416.0,0.005859375,35.03876623399992,11.548990933999448,1.322204760999739,42.02201634599987,90.03142268599913,0.17421301191292982,0.023592896838523787,0.006484080855411704,0.0007423404024410003,,
9,,,,,435267,454386,19119,446582,446583,446582.25,0.05840572714805603,0.001,0.6171875,1.0,316.0,0.037109375,1.0,19.0,0.505281655057784,0.06475383884483768,0.0021757887143100943,0.0002654228079453817,101.56489032506943,0.3740610522569266,1e-06,-1.0671449899673462,4.0,-3.0,0.009765625,1.0,0.0,-1.0769106149673462,3.0,-3.0,0.0,0.0,0.0,-1.0688170194625854,3.9997951984405518,-3.693026542663574,-0.02284889668226242,0.7829881310462952,1.4999996423721313,-1.4999996423721313,-0.02284889668226242,1.4999996423721313,-1.4999996423721313,102.21142578125,1024.0,1.0,0.0048828125,770.01953125,2048.0,407.0,0.0078125,46.36906196699783,11.600131570998201,1.4361602360004326,43.20415912200042,102.72909074500058,0.22151284326107626,0.02418600331853786,0.006493838240882951,0.0008039729725041874,,
10,1.0852666120976209,0.05,1.035266612097621,0.0,436981,447212,10231,441595,441596,441595.75,0.07304602116346359,0.001,0.69921875,1.0,358.0,0.060546875,1.0,31.0,0.5590481527390019,0.020988304002751267,0.007434624836840216,0.00019377555755425185,43.17999863624573,0.38663269672013306,1e-06,-0.4263615608215332,4.0,-3.0,0.017578125,1.0,0.0,-0.4439396858215332,3.0,-3.0,0.0,0.0,0.0,-0.4259924292564392,4.079556465148926,-3.0072214603424072,0.00362733518704772,0.7474414706230164,1.4999995231628418,-1.4999996423721313,0.00362733518704772,1.4999995231628418,-1.4999996423721313,98.44091796875,1024.0,1.0,0.00390625,764.05078125,1973.0,413.0,0.0,42.70675701200162,11.596482919001573,1.488602228997479,41.279160482001316,120.76301775500178,0.211831717212208,0.02336931485527279,0.0065651010675496614,0.0008427403507605537,9.162301678999938,14.417096001001482
11,,,,,418332,457989,39657,443398,443398,443398.0,0.10226945579051971,0.001,0.666015625,1.0,341.0,0.03515625,1.0,18.0,0.5635364512282033,0.01322189916766459,0.0021809288225467164,-3.811610334988443e-05,148.2561558485031,0.3776113118532796,1e-06,-0.11793570965528488,4.0,-3.0,0.01025390625,1.0,0.0,-0.12818962335586548,3.0,-3.0,0.0,0.0,0.0,-0.1176706850528717,4.0000901222229,-3.0080137252807617,-0.043822936713695526,0.7606971859931946,1.4999996423721313,-1.4999996423721313,-0.043822936713695526,1.4999996423721313,-1.4999996423721313,95.455078125,1024.0,1.0,0.00439453125,770.556640625,2048.0,418.0,0.0078125,42.81720618400141,11.783407930000976,1.6663181479998457,42.53329992500221,98.91222512400054,0.219022804943432,0.02398144552129363,0.006643809810825137,0.0009395160487867816,,
12,,,,,422265,447942,25677,437250,437250,437250.0,0.09964744746685028,0.001,0.662109375,1.0,339.0,0.0390625,1.0,20.0,0.47540178497632346,0.03609134119275647,0.00854909237823449,-0.002990370163630966,116.05123525857925,0.3814247347403029,1e-06,0.2259213626384735,4.0,-3.0,0.015625,1.0,0.0,0.2102963626384735,3.0,-3.0,0.0,0.0,0.0,0.22444334626197815,3.997149705886841,-3.0473055839538574,-0.029693173244595528,0.7564052939414978,1.4999996423721313,-1.4999996423721313,-0.029693173244595528,1.4999996423721313,-1.4999996423721313,92.326171875,1024.0,1.0,0.00341796875,761.677734375,2048.0,399.0,0.00390625,39.37801093099915,11.781030728998303,1.4599928710013046,41.44387746900247,94.1756598380016,0.20825670564933654,0.023695756128646352,0.006735866626071071,0.0008347586455124669,,
13,,,,,412698,442019,29321,431628,431628,431628.0,0.11026741564273834,0.001,0.642578125,1.0,329.0,0.037109375,1.0,19.0,0.2879377099974402,0.024972386529733395,0.0024198977686143643,2.9981245712280786e-05,91.32600402832031,0.3830812292861629,1e-06,0.7835164070129395,4.0,-3.0,0.00927734375,1.0,0.0,0.7742390632629395,3.0,-3.0,0.0,0.0,0.0,0.7806592583656311,3.9988129138946533,-3.011077880859375,-0.015621170401573181,0.7449055314064026,1.4999996423721313,-1.4999996423721313,-0.015621170401573181,1.4999996423721313,-1.4999996423721313,81.771484375,1024.0,1.0,0.001953125,761.251953125,2048.0,389.0,0.005859375,40.495543326996994,11.476664678000816,1.7204121489994577,40.76979866900001,94.56355140399683,0.24181063443163467,0.02361396773900211,0.006647312429916975,0.000996466951286442,,
14,,,,,429019,448031,19012,438640,438641,438640.75,0.11631567031145096,0.001,0.576171875,1.0,295.0,0.037109375,1.0,19.0,0.3377772495150566,0.03417794195203377,0.0014627244568795764,8.088811416330697e-05,2.5710063576698303,0.37777427787258683,1e-06,0.915065348148346,4.0,-3.0,0.009765625,1.0,0.0,0.905299723148346,3.0,-3.0,0.0,0.0,0.0,0.9109559059143066,3.997328758239746,-3.0149765014648438,-0.014806171879172325,0.7092441320419312,1.4999994039535522,-1.4999996423721313,-0.014806171879172325,1.4999994039535522,-1.4999996423721313,90.71826171875,1024.0,1.0,0.00244140625,766.001953125,2048.0,418.0,0.00390625,39.22354852400167,11.594498270998884,1.6781125479974435,42.005222928000876,94.59568691000095,0.21111651546093013,0.02394056122692709,0.0066081971812918,0.0009564276392454665,,
15,,,,,431057,438351,7294,435478,435478,435478.0,0.12701743841171265,0.001,0.521484375,1.0,267.0,0.03515625,1.0,18.0,0.2879828528083604,0.009889927291279209,0.0016206226889686338,3.139095937952114e-05,37.60157251358032,0.37572586512433187,1e-06,1.1358493566513062,4.0,-3.0,0.00927734375,1.0,0.0,1.1265720129013062,3.0,-3.0,0.0,0.0,0.0,1.131364107131958,4.000936985015869,-3.297583818435669,-0.001253940281458199,0.6722819209098816,1.4999995231628418,-1.4999996423721313,-0.001253940281458199,1.4999995231628418,-1.4999996423721313,86.923828125,1024.0,1.0,0.00244140625,763.619140625,2048.0,407.0,0.005859375,46.023969474001206,11.06541036300041,1.3749897490015428,41.89161707700259,100.44694298699687,0.25853257765420296,0.024049215503999393,0.006352450848837605,0.0007893566087159068,,
16,,,,,413122,463435,50313,435627,435628,435627.5,0.10290084779262543,0.001,0.4921875,1.0,252.0,0.046875,1.0,24.0,0.3448160395026207,0.06544923012455305,0.0010965298919472844,0.00013418578297811715,125.20962029695511,0.3752741133593487,1e-06,1.1248807907104492,4.0,-3.0,0.015625,1.0,0.0,1.1092557907104492,3.0,-3.0,0.0,0.0,0.0,1.1202845573425293,4.002143859863281,-3.023876905441284,-0.016550561413168907,0.700639545917511,1.4999994039535522,-1.4999996423721313,-0.016550561413168907,1.4999994039535522,-1.4999996423721313,88.1865234375,1024.0,1.0,0.001953125,762.6484375,2048.0,389.0,0.00390625,35.38010561700139,11.077952782001375,1.4294333249999909,41.99358233399835,89.97828137299803,0.19589662368360625,0.02409947853039486,0.006357468698602232,0.0008203300554946547,,
17,,,,,425978,434188,8210,428751,428751,428751.0,0.09832514822483063,0.001,0.46484375,1.0,238.0,0.05078125,1.0,26.0,0.3971164625670229,0.03192591066804847,0.0014198751575479815,0.00012355795648285754,52.03110009431839,0.36826745730896565,1e-06,1.1957006454467773,4.0,-3.0,0.01416015625,1.0,0.0,1.1815404891967773,3.0,-3.0,0.0,0.0,0.0,1.1939500570297241,4.001439571380615,-3.0185799598693848,0.015913641080260277,0.6751927137374878,1.4999992847442627,-1.4999996423721313,0.015913641080260277,1.4999992847442627,-1.4999996423721313,81.068359375,1024.0,1.0,0.0029296875,756.3359375,2048.0,399.0,0.001953125,33.06655885099826,10.860677142998611,2.3378469760027656,42.10648342299828,88.4788654490003,0.19916254397449987,0.02455182811410252,0.0063327415813599335,0.0013631728998898928,,
18,,,,,411485,473463,61978,443101,443102,443101.25,0.08934541791677475,0.001,0.478515625,1.0,245.0,0.041015625,1.0,21.0,0.4290500375131766,0.027554902682701745,0.010792037648692106,-0.007606054114027453,45.905702114105225,0.3718449342743687,1e-06,1.2176594734191895,4.0,-3.0,0.01416015625,1.0,0.0,1.2034993171691895,3.0,-3.0,0.0,0.0,0.0,1.2190616130828857,6.902225971221924,-3.014336347579956,0.018772490322589874,0.658117949962616,1.4999994039535522,-1.4999996423721313,0.018772490322589874,1.4999994039535522,-1.4999996423721313,87.71923828125,1024.0,1.0,0.0029296875,777.712890625,2048.0,420.0,0.00390625,39.36932349199924,11.114682245999575,1.4288899279999896,43.110510062000685,95.12655042099868,0.21914579815083435,0.024323171093514565,0.006270960782665122,0.0008061870328734062,,
19,,,,,424076,444889,20813,431782,431783,431782.5,0.09959102421998978,0.001,0.48046875,1.0,246.0,0.03125,1.0,16.0,0.2941538364892559,-0.10635224940987038,0.0006928246854970764,-2.0733662235475743e-05,47.0856209397316,0.37034553926255787,1e-06,1.2932194471359253,4.0,-3.0,0.01171875,1.0,0.0,1.2815006971359253,3.0,-3.0,0.0,0.0,0.0,1.2891448736190796,3.997863531112671,-3.0146865844726562,0.0014954140642657876,0.644881010055542,1.4999995231628418,-1.4999996423721313,0.0014954140642657876,1.4999995231628418,-1.4999996423721313,84.2802734375,1024.0,1.0,0.001953125,759.044921875,2048.0,414.0,0.001953125,35.31688049299919,10.84307277499829,1.4287788090005051,42.127215219999925,89.800641971,0.204609807845609,0.024391455895039705,0.006278087216942726,0.0008272560890034364,,
20,1.5439525039866566,0.025,1.5189525039866567,0.0,432964,448215,15251,438841,438841,438841.0,0.10542058944702148,0.001,0.42578125,1.0,218.0,0.0546875,1.0,28.0,0.31526575430200016,-0.049300715455721164,0.0010831945130184036,5.205414232352331e-05,847.7433475255966,0.3719354068032929,1e-06,1.3868072032928467,4.0,-3.0,0.0185546875,1.0,0.0,1.3682525157928467,3.0,-3.0,0.0,0.0,0.0,1.3821425437927246,4.3569746017456055,-4.810530662536621,0.016098124906420708,0.6696412563323975,1.4999995231628418,-1.4999996423721313,0.016098124906420708,1.4999995231628418,-1.4999996423721313,79.564453125,1024.0,1.0,0.00390625,777.546875,2048.0,393.0,0.00390625,36.86908301499716,11.19861510299961,1.4552790549969359,42.66949406999993,122.79191911599992,0.22626287536512973,0.024308060362409123,0.0063796540791537315,0.0008290468842911988,16.78445351100163,13.70464909599832
21,,,,,419214,465542,46328,437108,437108,437108.0,0.1095985621213913,0.001,0.419921875,1.0,215.0,0.0390625,1.0,20.0,0.40862455630096894,0.017075428803419244,0.0013665727717031178,5.5050795677304666e-05,68.74503326416016,0.3889930028633752,1e-06,1.3752365112304688,4.0,-3.0,0.01611328125,1.0,0.0,1.3591232299804688,3.0,-3.0,0.0,0.0,0.0,1.3685028553009033,4.00324010848999,-3.418304443359375,-0.01733686402440071,0.6637941598892212,1.4999992847442627,-1.4999996423721313,-0.01733686402440071,1.4999992847442627,-1.4999996423721313,88.28515625,1024.0,1.0,0.00439453125,765.44140625,2048.0,402.0,0.009765625,37.53347577000022,11.23689937099698,2.227898782999546,40.69693060099962,91.79307118299766,0.2075874727335086,0.023276244429866085,0.006426843806906405,0.0012742267260033822,,
22,,,,,433044,463287,30243,442774,442775,442774.25,0.10069030523300171,0.001,0.4765625,1.0,244.0,0.056640625,1.0,29.0,0.3327788667132457,0.08343702610582113,0.0012411092776649943,0.00033537488828490797,3.312983989715576,0.38767686231488246,1e-06,1.2446330785751343,4.0,-3.0,0.025390625,1.0,0.0,1.2192424535751343,3.0,-3.0,0.0,0.0,0.0,1.2395455837249756,4.000151634216309,-3.013277053833008,-0.02916586957871914,0.6570475697517395,1.4999995231628418,-1.4999996423721313,-0.02916586957871914,1.4999995231628418,-1.4999996423721313,85.61962890625,1024.0,1.0,0.00048828125,779.173828125,2048.0,423.0,0.0078125,38.153639502997976,11.193171570001141,1.6008252399988123,41.33421452299808,92.35341725399849,0.21758686677995298,0.02333819916300354,0.00631990883051642,0.0009038608500826394,,
23,,,,,422003,435457,13454,427943,427944,427943.75,0.08926014602184296,0.001,0.400390625,1.0,205.0,0.0859375,1.0,44.0,0.24018079183738808,0.0017379888429723937,0.0016263710045865897,0.0001746609510707364,38.50160866975784,0.37722616020526356,1e-06,1.3693867921829224,4.0,-3.0,0.03173828125,1.0,0.0,1.337648630142212,3.0,-3.0,0.0,0.0,0.0,1.3625648021697998,3.9970269203186035,-4.110119819641113,-0.003712390549480915,0.6367385983467102,1.4999995231628418,-1.4999996423721313,-0.003712390549480915,1.4999995231628418,-1.4999996423721313,80.92919921875,1024.0,1.0,0.00341796875,754.8984375,2048.0,418.0,0.001953125,39.17273923399989,10.857298333001381,1.6174642010009848,40.99409257300067,92.74400383700049,0.23634626641245718,0.02394829494121638,0.006342713460005773,0.0009449046755566501,,
24,,,,,432610,456752,24142,444252,444253,444252.25,0.08555561304092407,0.001,0.42578125,1.0,218.0,0.115234375,1.0,59.0,0.3362696754836267,-0.005796055429645123,0.010664426557336664,0.039009263193762425,60.77180767059326,0.37310624794792063,1e-06,1.4492738246917725,4.0,-3.0,0.0458984375,1.0,0.0,1.4033753871917725,3.0,-3.0,0.0,0.0,0.0,1.4411777257919312,3.9992268085479736,-4.0969557762146,-0.03318092226982117,0.7243934869766235,1.4999994039535522,-1.4999996423721313,-0.03318092226982117,1.4999994039535522,-1.4999996423721313,100.78759765625,1024.0,1.0,0.0087890625,766.892578125,2048.0,413.0,0.00390625,44.81696920899776,11.190819324998301,1.4682534839994332,43.08506598799795,100.65615235799851,0.21712280335539796,0.02424583442627356,0.006297559171055578,0.0008262498861848382,,
25,,,,,436850,459727,22877,447178,447179,447178.5,0.08217447996139526,0.001,0.423828125,1.0,217.0,0.15625,1.0,80.0,0.33136053640266944,-0.003450045940177194,0.001354993441431173,0.000324116764863118,32.146618008613586,0.3762371251417059,1e-06,1.46878981590271,4.0,-3.0,0.0693359375,1.0,0.0,1.3994539976119995,3.0,-3.0,0.0,0.0,0.0,1.4646955728530884,4.000734806060791,-3.0164928436279297,-0.013277054764330387,0.6781328916549683,1.4999996423721313,-1.4999996423721313,-0.013277054764330387,1.4999996423721313,-1.4999996423721313,90.5947265625,1024.0,1.0,0.00244140625,782.80078125,2048.0,399.0,0.00390625,37.90609649399994,11.658711578998918,1.5250693910020345,43.04667973799951,94.25211232299989,0.2043036816932377,0.024065714104099096,0.006517929405706512,0.0008526066162628763,,
26,,,,,412212,448384,36172,436106,436107,436106.75,0.08396866917610168,0.001,0.396484375,1.0,203.0,0.189453125,1.0,97.0,0.41832696247313705,0.003644961032218167,0.0014494123086998506,5.445791014478475e-05,20.61491221189499,0.39623088408463303,1e-06,1.5181785821914673,4.0,-3.0,0.08154296875,1.0,0.0,1.4366354942321777,3.0,-3.0,0.0,0.0,0.0,1.5150338411331177,3.999026298522949,-3.0170340538024902,0.005823305808007717,0.6537391543388367,1.4999995231628418,-1.4999995231628418,0.005823305808007717,1.4999995231628418,-1.4999995231628418,89.94287109375,1024.0,1.0,0.0048828125,761.828125,2048.0,425.0,0.00390625,36.07027383899913,11.592588961000729,1.414382248000038,39.86776033199931,89.03762887899939,0.1958180585495303,0.022854358670210507,0.00664549961735328,0.0008108004794697847,,
27,,,,,413305,438858,25553,431992,431992,431992.0,0.07950077205896378,0.001,0.39453125,1.0,202.0,0.279296875,1.0,143.0,0.37766652554273605,-0.02792866824061743,0.011740526463004894,-0.010548574532029826,66.7271136045456,0.3729431509135026,1e-06,1.588909387588501,4.0,-3.0,0.1396484375,1.0,0.0,1.4492610692977905,3.0,-3.0,0.0,0.0,0.0,1.5875532627105713,4.728262901306152,-3.0294532775878906,-0.003967802505940199,0.7079002857208252,1.4999992847442627,-1.4999996423721313,-0.003967802505940199,1.4999992847442627,-1.4999996423721313,87.755859375,1024.0,1.0,0.00390625,755.978515625,2048.0,389.0,0.009765625,38.80919104699933,10.922854534997896,1.3567574999979115,41.87613409199912,93.06269061199782,0.21593772143397283,0.02423432267958615,0.006321213433928114,0.0007851751305567647,,
28,,,,,415964,457400,41436,436266,436267,436266.25,0.0786936953663826,0.001,0.38671875,1.0,198.0,0.359375,1.0,184.0,0.3967071751753489,-0.05219940952956677,0.0021490505159211656,0.0006130409937516863,21.64611154794693,0.3765587967390332,1e-06,1.6753674745559692,4.0,-3.0,0.18701171875,1.0,0.0,1.4883557558059692,3.0,-3.0,0.0,0.0,0.0,1.672473669052124,3.999239683151245,-3.0133132934570312,0.00655680987983942,0.7114794850349426,1.4999994039535522,-1.4999996423721313,0.00655680987983942,1.4999994039535522,-1.4999996423721313,89.52587890625,1024.0,1.0,0.00244140625,762.556640625,2048.0,393.0,0.00390625,40.84360394000032,11.079342185003043,1.423786231000122,41.886435439002526,95.34178803999748,0.22276425799977267,0.02400279384378377,0.0063489567351376845,0.0008158929501194064,,
29,,,,,423566,467214,43648,444562,444562,444562.0,0.07042446732521057,0.001,0.44921875,1.0,230.0,0.486328125,1.0,249.0,0.3943940286835035,0.07450816872684905,0.002066119013276572,0.0001376468920473902,50.07297199964523,0.3779001999343191,1e-06,1.6954776048660278,4.0,-3.0,0.302734375,1.0,0.0,1.3927432298660278,3.0,-3.0,0.0,0.0,0.0,1.6887041330337524,3.9981021881103516,-4.1999053955078125,-0.004441362805664539,0.7079171538352966,1.4999995231628418,-1.4999996423721313,-0.004441362805664539,1.4999995231628418,-1.4999996423721313,101.29296875,1024.0,1.0,0.005859375,766.9921875,2048.0,393.0,0.0078125,39.97263818300053,11.622492639999109,1.4778728519995639,42.62039904899939,95.80407498999921,0.19268750811287902,0.023967635025597886,0.006535923358271236,0.0008310836576223135,,
30,2.2892206775024535,0.7375,1.551720673404634,0.0,419280,475559,56279,451800,451801,451800.75,0.06748747825622559,0.001,0.46875,1.0,240.0,0.484375,1.0,248.0,0.35294166880269207,0.05002772681895764,0.004219279294052432,-0.005667173059845804,103.47340101003647,0.3778915185202903,1e-06,1.746471881866455,4.0,-3.0,0.4365234375,1.0,0.0,1.309948444366455,3.0,-3.0,0.0,0.0,0.0,1.7391979694366455,3.9991955757141113,-3.0392253398895264,-0.021396351978182793,0.7636756896972656,1.4999994039535522,-1.4999996423721313,-0.021396351978182793,1.4999994039535522,-1.4999996423721313,103.30029296875,1024.0,1.0,0.00390625,779.123046875,2048.0,407.0,0.005859375,40.36302569899999,11.552890530001605,1.9488390920014353,43.32534491900151,128.38563875300315,0.19078850674752665,0.02397370130472421,0.006392691097791231,0.00107837309477764,16.677505305000523,14.215470327995718
31,,,,,426492,477002,50510,455531,455532,455531.25,0.06745870411396027,0.001,0.455078125,1.0,233.0,0.4921875,1.0,252.0,0.4300615306823484,0.0006493225040274763,0.002375975442719796,0.00023103377057967947,51.832838118076324,0.3775598907259275,1e-06,1.8815011978149414,4.0,-3.0,0.5439453125,1.0,0.0,1.3375558853149414,3.0,-3.0,0.0,0.0,0.0,1.8747646808624268,3.9978692531585693,-4.761502742767334,-0.003046954283490777,0.7749073505401611,1.4999984502792358,-1.499999761581421,-0.003046954283490777,1.4999984502792358,-1.499999761581421,100.67041015625,1024.0,1.0,0.00341796875,789.0390625,2048.0,416.0,0.00390625,45.648936935001984,11.853532803004782,1.6353491929985466,43.6835584280052,102.93432464299985,0.22141083912540432,0.023973963601841366,0.006505334597244856,0.0008974956125395056,,
32,,,,,429635,444376,14741,436507,436508,436507.75,0.06966933608055115,0.001,0.45703125,1.0,234.0,0.42578125,1.0,218.0,0.2832124228107518,-0.002051262785118587,0.0025040870171104527,0.0008528667270278173,2.852957546710968,0.37614284414291416,1e-06,2.0550074577331543,4.0,-3.0,0.65625,1.0,0.0,1.3987573385238647,3.0,-3.0,0.0,0.0,0.0,2.049412250518799,3.9986298084259033,-3.007955312728882,0.028686080127954483,0.7447358965873718,1.4999995231628418,-1.499999761581421,0.028686080127954483,1.4999995231628418,-1.499999761581421,95.82568359375,1024.0,1.0,0.0009765625,756.728515625,2048.0,407.0,0.005859375,35.50832449600421,11.127725090002059,1.3899983689989313,41.99898295300227,90.12153038299584,0.1809332156065661,0.02405397324159896,0.006373154365530772,0.0007960903151197952,,
33,,,,,437902,465203,27301,451135,451136,451135.75,0.06829988956451416,0.001,0.4453125,1.0,228.0,0.28515625,1.0,146.0,0.33975183194683445,0.012621651283435283,0.0013214347005311038,4.762465352776475e-05,26.835411310195923,0.39186102907353615,1e-06,2.023353099822998,4.0,-3.0,0.7548828125,1.0,0.0,1.2684705257415771,3.0,-3.0,0.0,0.0,0.0,2.018385887145996,4.001640319824219,-3.0152645111083984,0.008622761815786362,0.7591319680213928,1.4999991655349731,-1.499999761581421,0.008622761815786362,1.4999991655349731,-1.499999761581421,108.10888671875,1024.0,9.0,0.001953125,773.015625,2048.0,418.0,0.001953125,44.34171577199595,11.313820858995314,1.4026661169991712,41.65112684100313,98.82949059699604,0.20027242034802853,0.023081260375066227,0.006269632177784245,0.000777297142267694,,
34,,,,,429298,447026,17728,436474,436475,436474.5,0.07674540579319,0.001,0.412109375,1.0,211.0,0.203125,1.0,104.0,0.30238232811292015,0.006498366594314575,0.00149148318838949,7.827261639855957e-05,67.48138672113419,0.3768522494083168,1e-06,2.2835161685943604,4.0,-3.0,0.80322265625,1.0,0.0,1.4802937507629395,3.0,-3.0,0.0,0.0,0.0,2.276728630065918,4.2795233726501465,-3.010587453842163,-0.002334371441975236,0.7648666501045227,1.4999994039535522,-1.4999996423721313,-0.002334371441975236,1.4999994039535522,-1.4999996423721313,103.3759765625,1024.0,3.0,0.00146484375,749.11328125,2048.0,399.0,0.001953125,35.44103355200059,11.243050005999976,1.4249943689937936,41.85858625900437,90.05465818000084,0.16740051934213415,0.023975390463248352,0.006439694647682726,0.0008161956591930305,,
35,,,,,424425,473069,48644,443479,443480,443479.75,0.07309578359127045,0.001,0.3984375,1.0,204.0,0.1875,1.0,96.0,0.3896839354307421,0.005343243269430053,0.0014525666502454588,0.00011783038996415393,65.06285071372986,0.3687280975652323,1e-06,2.193321704864502,4.0,-3.0,0.82275390625,1.0,0.0,1.3705679178237915,3.0,-3.0,0.0,0.0,0.0,2.186892032623291,3.998152732849121,-3.0112977027893066,-0.021511314436793327,0.7635276913642883,1.4999994039535522,-1.4999996423721313,-0.021511314436793327,1.4999994039535522,-1.4999996423721313,113.75927734375,1024.0,1.0,0.0029296875,752.412109375,2048.0,389.0,0.005859375,36.12720300399815,11.17915509800514,1.4686509690000094,43.49906345999625,92.3866925129987,0.15506634934478278,0.024521448532879037,0.006301953526629536,0.0008279132074237941,,
36,,,,,424404,475242,50838,450026,450027,450026.25,0.07467246800661087,0.001,0.404296875,1.0,207.0,0.142578125,1.0,73.0,0.4915581763752045,0.04572843602528014,0.012148943393596357,0.021116659715076938,21.87728464603424,0.3827949655279217,1e-06,2.217745304107666,4.0,-3.0,0.8427734375,1.0,0.0,1.3749717473983765,3.0,-3.0,0.0,0.0,0.0,2.211035966873169,4.141652584075928,-3.144784927368164,-0.032356955111026764,0.794684112071991,1.4999996423721313,-1.4999996423721313,-0.032356955111026764,1.4999996423721313,-1.4999996423721313,115.09423828125,1024.0,19.0,0.0048828125,763.86328125,1917.0,416.0,0.0,38.0116594889987,11.269028217000596,1.5057270780016552,42.5354081559999,93.44043296299787,0.16126246532435082,0.023629403926993094,0.006260206052980574,0.0008364662494697004,,
37,,,,,432925,446218,13293,439691,439691,439691.0,0.07818757742643356,0.001,0.427734375,1.0,219.0,0.10546875,1.0,54.0,0.35473916778961817,-0.0009585470892488956,0.004718554190670451,0.0028860444924598974,14.156756937503815,0.3834767061710087,1e-06,2.414518356323242,4.0,-3.0,0.86474609375,1.0,0.0,1.5497721433639526,3.0,-3.0,0.0,0.0,0.0,2.409118413925171,4.898107528686523,-3.0113093852996826,-0.006486088968813419,0.7664503455162048,1.4999994039535522,-1.4999996423721313,-0.006486088968813419,1.4999994039535522,-1.4999996423721313,105.9609375,1024.0,17.0,0.00341796875,752.810546875,2048.0,418.0,0.005859375,40.10996068800159,11.64489830799721,1.6517358220007736,41.45617072300229,94.98020198599988,0.1848317144437145,0.023571195864255972,0.006621069289567679,0.0009391457989819974,,
38,,,,,431845,473992,42147,446960,446961,446960.75,0.07225259393453598,0.001,0.427734375,1.0,219.0,0.119140625,1.0,61.0,0.34853507049622073,0.052108642735308214,0.0012003092974003766,9.817342241501225e-05,2.1835497617721558,0.38035554406692196,1e-06,2.1864395141601562,4.0,-3.0,0.84326171875,1.0,0.0,1.3431777954101562,3.0,-3.0,0.0,0.0,0.0,2.17977237701416,3.997650146484375,-3.0223753452301025,-0.0020130048505961895,0.7413153052330017,1.4999991655349731,-1.4999996423721313,-0.0020130048505961895,1.4999991655349731,-1.4999996423721313,111.75732421875,1024.0,10.0,0.0009765625,761.212890625,2048.0,393.0,0.0078125,38.29560811600095,11.31871135700203,1.4531697610000265,42.50325771400094,93.67829327000072,0.16731813803800677,0.023773484424527733,0.006330931383237807,0.0008128061362211483,,
39,,,,,432381,468631,36250,451790,451791,451790.5,0.07624752819538116,0.001,0.396484375,1.0,203.0,0.111328125,1.0,57.0,0.31617207200296465,0.01665886055167404,0.0008482359652031934,0.00013410850030390242,15.3372922539711,0.3713853510388038,1e-06,2.321565628051758,4.0,-3.0,0.84521484375,1.0,0.0,1.4763507843017578,3.0,-3.0,0.0,0.0,0.0,2.317453145980835,5.801920413970947,-3.011922597885132,0.0029429025016725063,0.7471947073936462,1.4999991655349731,-1.4999996423721313,0.0029429025016725063,1.4999991655349731,-1.4999996423721313,111.8388671875,1024.0,19.0,0.00341796875,770.564453125,2048.0,399.0,0.005859375,42.18017039499682,11.479379018004693,1.5134639129973948,44.01976514799753,99.29416586300067,0.18415589180774528,0.024358505296148067,0.006352158255875618,0.0008374810409899028,,
40,2.4860659139230847,0.925,1.5610659124329687,0.0,457177,485477,28300,468530,468531,468530.25,0.07770627737045288,0.001,0.373046875,1.0,191.0,0.109375,1.0,56.0,0.3609047238714993,0.006725887826178223,0.001308867103944067,4.6993689920782344e-05,15.396191895008087,0.3751546837134249,1e-06,2.3842928409576416,4.0,-3.0,0.86669921875,1.0,0.0,1.517593502998352,3.0,-3.0,0.0,0.0,0.0,2.378728151321411,3.9973666667938232,-3.0134389400482178,-0.02407771907746792,0.7757278680801392,1.4999994039535522,-1.4999996423721313,-0.02407771907746792,1.4999994039535522,-1.4999996423721313,110.25244140625,1024.0,17.0,0.00146484375,804.845703125,2048.0,413.0,0.0078125,36.00031230600143,11.892809762997786,1.430475134999142,45.2649857840006,118.17885615699925,0.1594366280597237,0.024152648513089923,0.00634580678782095,0.0007632778966775048,8.85152852399915,14.633598525004345
41,,,,,422530,456583,34053,440605,440605,440605.0,0.0778910368680954,0.001,0.35546875,1.0,182.0,0.099609375,1.0,51.0,0.3589070712526639,0.010621158862098431,0.008407926505121092,-0.0032242770740860275,7.849399894475937,0.36879971643203435,1e-06,2.384539842605591,4.0,-3.0,0.85009765625,1.0,0.0,1.5344420671463013,3.0,-3.0,0.0,0.0,0.0,2.378042221069336,4.096551418304443,-3.0250940322875977,-0.012421675957739353,0.7704413533210754,1.4999994039535522,-1.4999996423721313,-0.012421675957739353,1.4999994039535522,-1.4999996423721313,109.4921875,1024.0,11.0,0.0009765625,751.064453125,2048.0,421.0,0.005859375,45.4931726529976,11.167026759001601,1.4200651229984942,43.179011227002775,101.3571945549993,0.2028771523947449,0.02449984182374393,0.006336189307316985,0.0008057472810104822,,
42,,,,,430265,461761,31496,446526,446527,446526.25,0.07741386443376541,0.001,0.37890625,1.0,194.0,0.080078125,1.0,41.0,0.31325739045296946,0.03004471897598236,0.0011928143569328372,0.0002134374097353899,37.95046600699425,0.3685555761495364,1e-06,2.392055034637451,4.0,-3.0,0.8544921875,1.0,0.0,1.537562608718872,3.0,-3.0,0.0,0.0,0.0,2.3845906257629395,3.9981348514556885,-3.2760872840881348,-0.011322631500661373,0.7652091979980469,1.4999996423721313,-1.4999996423721313,-0.011322631500661373,1.4999996423721313,-1.4999996423721313,107.44384765625,1024.0,17.0,0.00048828125,764.677734375,2048.0,389.0,0.00390625,31.858279849999235,11.262810001004254,1.474819810995541,43.79293582199898,88.48809552099556,0.14478074871048757,0.024518679373272557,0.006305793892858625,0.0008257184269656829,,
43,,,,,413915,461260,47345,433836,433836,433836.0,0.07788241654634476,0.001,0.40234375,1.0,206.0,0.078125,1.0,40.0,0.3732428901618527,0.02367227584604294,0.00878331151362809,0.006122767573669402,43.94855698943138,0.3742420141446242,1e-06,2.3896632194519043,4.0,-3.0,0.8779296875,1.0,0.0,1.5117332935333252,3.0,-3.0,0.0,0.0,0.0,2.3850903511047363,6.057370185852051,-3.0151376724243164,-0.018629681318998337,0.7782241702079773,1.4999992847442627,-1.4999996423721313,-0.018629681318998337,1.4999992847442627,-1.4999996423721313,108.267578125,1024.0,19.0,0.00244140625,739.068359375,2048.0,389.0,0.005859375,35.535339321999345,11.340006147001986,1.432852821002598,41.89009094799985,90.31322780600021,0.160262566169968,0.024139358506440136,0.006534730950752119,0.0008256880601209892,,
44,,,,,429170,450547,21377,443448,443449,443448.25,0.0785607099533081,0.001,0.373046875,1.0,191.0,0.09765625,1.0,50.0,0.4179211089323307,-0.039009621607717766,0.0011858313940545737,-0.002933370280610187,91.09602534770966,0.37166023119537084,1e-06,2.4271697998046875,4.0,-3.0,0.85498046875,1.0,0.0,1.5721893310546875,3.0,-3.0,0.0,0.0,0.0,2.4207887649536133,3.9973435401916504,-3.328444004058838,0.006646579131484032,0.7661369442939758,1.4999991655349731,-1.4999996423721313,0.006646579131484032,1.4999991655349731,-1.4999996423721313,105.44384765625,1024.0,10.0,0.0029296875,760.666015625,2048.0,399.0,0.00390625,34.94445669199922,11.572752325999318,1.4393385119983577,43.138358965996304,91.19603100899985,0.1618180991437757,0.02431983831596827,0.006524296987303094,0.0008114467201067756,,
45,,,,,431274,473432,42158,455237,455238,455237.75,0.07659163326025009,0.001,0.392578125,1.0,201.0,0.08203125,1.0,42.0,0.36096920259296894,-0.005983831172670762,0.0013018199788348284,0.00016019156362290232,14.625112354755402,0.3661917771572631,1e-06,2.460179090499878,4.0,-3.0,0.8583984375,1.0,0.0,1.601780652999878,3.0,-3.0,0.0,0.0,0.0,2.454005241394043,3.9998939037323,-3.0098254680633545,-0.026260988786816597,0.7689035534858704,1.4999990463256836,-1.4999996423721313,-0.026260988786816597,1.4999990463256836,-1.4999996423721313,112.90576171875,1024.0,13.0,0.00390625,776.23046875,2048.0,427.0,0.001953125,51.47127123900282,11.612479719995463,1.472239554997941,44.973213234996365,109.63280594900425,0.22259675925374547,0.02469765152109879,0.006377151125975088,0.0008085003687622243,,
46,,,,,441179,498006,56827,461086,461086,461086.0,0.07593118399381638,0.001,0.3984375,1.0,204.0,0.11328125,1.0,58.0,0.36390685429796576,0.09174947915016674,0.0034304960199733614,1.6531891787963104e-05,74.15820294618607,0.3778085876486208,1e-06,2.3523545265197754,4.0,-3.0,0.83984375,1.0,0.0,1.5125107765197754,3.0,-3.0,0.0,0.0,0.0,2.344010353088379,3.9977736473083496,-3.012815475463867,-0.05637340247631073,0.7882371544837952,1.4999991655349731,-1.4999996423721313,-0.05637340247631073,1.4999991655349731,-1.4999996423721313,117.26171875,1024.0,2.0,0.00439453125,783.296875,2048.0,416.0,0.0078125,48.4744013189993,12.012476121999498,1.4365010209949105,44.22982842600322,106.27715639799862,0.20184883456727115,0.02398133343129222,0.0065131429505555895,0.0007788682702331617,,
47,,,,,418113,466754,48641,436699,436700,436699.75,0.07608675956726074,0.001,0.359375,1.0,184.0,0.083984375,1.0,43.0,0.32456687195547695,0.02007899227841147,0.0009040067389864346,-0.0001779581494576695,23.795588225126266,0.38197349913627476,1e-06,2.469413995742798,4.0,-3.0,0.859375,1.0,0.0,1.6100389957427979,3.0,-3.0,0.0,0.0,0.0,2.463026762008667,3.996589422225952,-3.0180039405822754,-0.023289944976568222,0.7579973340034485,1.4999992847442627,-1.4999995231628418,-0.023289944976568222,1.4999992847442627,-1.4999995231628418,108.35888671875,1024.0,18.0,0.00146484375,744.5703125,2048.0,399.0,0.005859375,41.43857588600076,11.535045378004725,1.4346430139994482,41.303306599998905,96.0073485479952,0.18672838236474013,0.023645139824329475,0.006603533307498301,0.0008212982798819143,,
48,,,,,422381,473416,51035,450412,450413,450412.25,0.07536248117685318,0.001,0.357421875,1.0,183.0,0.080078125,1.0,41.0,0.3095344573259354,0.04444463886320591,0.0008194284630008042,0.00010611128456089839,175.73999857902527,0.3737645594079314,1e-06,2.4405758380889893,4.0,-3.0,0.84814453125,1.0,0.0,1.5924310684204102,3.0,-3.0,0.0,0.0,0.0,2.4336745738983154,3.998370885848999,-3.0131537914276123,-0.018436938524246216,0.755510687828064,1.4999992847442627,-1.4999996423721313,-0.018436938524246216,1.4999992847442627,-1.4999996423721313,114.83447265625,1024.0,17.0,0.00341796875,764.876953125,2048.0,423.0,0.005859375,37.23566618499899,11.738722837995738,1.4286914439944667,43.64206134600681,94.15054075900116,0.15832769732673554,0.024223398312327657,0.006515543725773299,0.0007929910010187704,,
49,,,,,433349,481017,47668,464155,464155,464155.0,0.07675257325172424,0.001,0.345703125,1.0,177.0,0.080078125,1.0,41.0,0.34312176425009966,0.007941930380184203,0.0013648962994921021,0.0001996557048187242,48.62537097930908,0.3840873021199909,1e-06,2.3371036052703857,4.0,-3.0,0.84765625,1.0,0.0,1.4894473552703857,3.0,-3.0,0.0,0.0,0.0,2.329807758331299,3.9969899654388428,-3.0119051933288574,-0.037643399089574814,0.7847252488136292,1.4999995231628418,-1.4999996423721313,-0.037643399089574814,1.4999995231628418,-1.4999996423721313,112.271484375,1024.0,7.0,0.00146484375,794.28125,2048.0,416.0,0.00390625,39.12555779200193,12.164585115999216,1.479907002998516,43.81142900299892,96.68711713100492,0.1701614294313185,0.023597413042517543,0.00655200585795651,0.0007970974151945557,,
50,2.505440913327038,0.925,1.5804409105330706,0.0,438867,453828,14961,446193,446193,446193.0,0.07506651431322098,0.001,0.37890625,1.0,194.0,0.080078125,1.0,41.0,0.3622272392114004,-0.048868544151385626,0.0019832973824425912,0.008071297473967813,30.644044041633606,0.3847307764519946,1e-06,2.4504799842834473,4.0,-3.0,0.84716796875,1.0,0.0,1.6033120155334473,3.0,-3.0,0.0,0.0,0.0,2.4453940391540527,4.951316833496094,-3.021362781524658,-0.022762442007660866,0.769129753112793,1.4999992847442627,-1.4999996423721313,-0.022762442007660866,1.4999992847442627,-1.4999996423721313,115.8671875,1024.0,18.0,0.00341796875,755.603515625,2048.0,407.0,0.00390625,40.156858806003584,11.832048821997887,1.4657498249944183,41.93624093299877,118.6120275209978,0.1692268677348273,0.023496693657788652,0.006629445566155166,0.0008212532609175952,9.511552363997907,13.595331500000611
51,,,,,421513,453462,31949,441555,441556,441555.25,0.07488369941711426,0.001,0.3671875,1.0,188.0,0.0703125,1.0,36.0,0.4531409745254824,0.04910944478826657,0.00926165542032029,0.007082139655986177,44.356527864933014,0.379489200231821,1e-06,2.371936321258545,4.0,-3.0,0.86767578125,1.0,0.0,1.504260540008545,3.0,-3.0,0.0,0.0,0.0,2.36889386177063,3.9973878860473633,-3.0156726837158203,-0.03857295587658882,0.7859663367271423,1.4999992847442627,-1.4999996423721313,-0.03857295587658882,1.4999992847442627,-1.4999996423721313,112.98291015625,1024.0,9.0,0.00439453125,749.4296875,1969.0,416.0,0.0,39.467887594000786,11.641295141998853,1.390262884000549,42.04448558399599,94.65027343899419,0.170569420300882,0.023804770515125792,0.006591075036475534,0.000787139822253585,,
52,,,,,439132,461607,22475,447037,447038,447037.25,0.07529735565185547,0.001,0.3515625,1.0,180.0,0.06640625,1.0,34.0,0.36349448561668396,0.0012429185845921266,0.0010953869084538571,1.3926438033853754e-05,18.014760732650757,0.3874288100198007,1e-06,2.5023558139801025,4.0,-3.0,0.84912109375,1.0,0.0,1.6532347202301025,3.0,-3.0,0.0,0.0,0.0,2.498725652694702,4.898804664611816,-3.013848304748535,0.009800213389098644,0.7628271579742432,1.4999992847442627,-1.4999996423721313,0.009800213389098644,1.4999992847442627,-1.4999996423721313,106.28369140625,1024.0,8.0,0.00341796875,766.8359375,2048.0,393.0,0.005859375,46.408786763000535,11.196204270003363,1.6300083189998986,41.75239896799758,101.08839830899524,0.21320806712485718,0.023349507769205798,0.006261337433291836,0.0009115617988209588,,
53,,,,,424036,487645,63609,450018,450019,450018.25,0.07795603573322296,0.001,0.365234375,1.0,187.0,0.072265625,1.0,37.0,0.47512498065348596,-0.001304977783753026,0.014091719793448705,-0.01805359217976201,180.55424624681473,0.3774551958294033,1e-06,2.4201674461364746,4.0,-3.0,0.8564453125,1.0,0.0,1.563722014427185,3.0,-3.0,0.0,0.0,0.0,2.414012908935547,3.997265338897705,-3.0129852294921875,-0.03100172057747841,0.7829227447509766,1.4999995231628418,-1.4999996423721313,-0.03100172057747841,1.4999995231628418,-1.4999996423721313,113.65087890625,1024.0,22.0,0.00341796875,765.291015625,2048.0,418.0,0.001953125,44.066124084994954,11.328712508002354,1.4893906229990534,43.15953857199929,100.14108221700008,0.18932244394366207,0.023976549046621606,0.006293473935780579,0.0008274056791024884,,
54,,,,,448133,473065,24932,455817,455818,455817.75,0.07781297713518143,0.001,0.3203125,1.0,164.0,0.072265625,1.0,37.0,0.4141560769639909,0.04805388602835592,0.015454737975233002,0.016882725651072406,28.274957954883575,0.37340693205038644,1e-06,2.446260452270508,4.0,-3.0,0.84619140625,1.0,0.0,1.6000689268112183,3.0,-3.0,0.0,0.0,0.0,2.439321994781494,3.997480869293213,-3.0157470703125,-0.04035498946905136,0.7907389998435974,1.4999990463256836,-1.4999996423721313,-0.04035498946905136,1.4999990463256836,-1.4999996423721313,110.25732421875,1024.0,14.0,0.00390625,780.01171875,1917.0,424.0,0.0,38.64835756699904,11.602494092003326,1.4302922950009815,44.23319331699895,96.01570537600492,0.17115659641640443,0.024260350390588645,0.006363559828463967,0.0007844650054769595,,
55,,,,,435532,479486,43954,455727,455727,455727.0,0.07540155202150345,0.001,0.3203125,1.0,164.0,0.09375,1.0,48.0,0.36631585750728846,0.015384014513983857,0.0020766537527379114,-2.861885928950869e-05,28.262484669685364,0.36298864009762927,1e-06,2.4771149158477783,4.0,-3.0,0.8740234375,1.0,0.0,1.6030914783477783,3.0,-3.0,0.0,0.0,0.0,2.4738340377807617,4.741489410400391,-3.012267589569092,-0.011027573607861996,0.7832222580909729,1.4999996423721313,-1.4999996423721313,-0.011027573607861996,1.4999996423721313,-1.4999996423721313,112.71875,1024.0,14.0,0.00341796875,777.373046875,2048.0,389.0,0.009765625,37.16225166799995,11.62586562299839,1.461686368995288,45.4730865370002,95.82293060899974,0.16098147555101172,0.0249453546404976,0.006377648034348629,0.000801843191754761,,
56,,,,,450152,458271,8119,454528,454529,454528.75,0.07053261250257492,0.001,0.3828125,1.0,196.0,0.083984375,1.0,43.0,0.3341168062761426,-0.02129257778869942,0.0008830436327116331,8.552900291647347e-05,31.907490730285645,0.3664948545690697,1e-06,2.510194778442383,4.0,-3.0,0.87353515625,1.0,0.0,1.6366597414016724,3.0,-3.0,0.0,0.0,0.0,2.5073680877685547,6.987916946411133,-3.006193161010742,-0.020044416189193726,0.7747474312782288,1.4999996423721313,-1.4999996423721313,-0.020044416189193726,1.4999996423721313,-1.4999996423721313,116.59912109375,1024.0,13.0,0.00390625,771.15234375,2048.0,399.0,0.0078125,36.290330055002414,11.935355396999512,1.4649952539984952,44.87854968699685,94.67363780599408,0.1519727383529907,0.024684109468871247,0.006564686720586713,0.000805777002003996,,
57,,,,,430381,470349,39968,445685,445686,445685.75,0.07179401814937592,0.001,0.32421875,1.0,166.0,0.0703125,1.0,36.0,0.41741758071143054,-0.0011303483444298136,0.010239804108378252,-0.004073157543298921,30.124688267707825,0.3788923633917535,1e-06,2.448235273361206,4.0,-3.0,0.8798828125,1.0,0.0,1.5683525800704956,3.0,-3.0,0.0,0.0,0.0,2.4498159885406494,6.717898845672607,-3.012761354446411,0.011597172357141972,0.8025065064430237,1.499998927116394,-1.4999996423721313,0.011597172357141972,1.499998927116394,-1.4999996423721313,111.63623046875,1024.0,19.0,0.00341796875,758.84375,2048.0,399.0,0.005859375,40.32823296599963,11.786656813994341,1.428455387998838,42.55655529499927,96.20415597399551,0.17639004757010043,0.023871391050195832,0.006611528870955792,0.0008012682635684662,,
58,,,,,436210,461310,25100,448414,448415,448414.75,0.07044157385826111,0.001,0.32421875,1.0,166.0,0.0859375,1.0,44.0,0.5785161021255678,0.006829571219221238,0.04490729152870875,-0.03349896448267945,37.05398052930832,0.38545875314159905,1e-06,2.483966827392578,4.0,-3.0,0.85693359375,1.0,0.0,1.6270333528518677,3.0,-3.0,0.0,0.0,0.0,2.4844207763671875,6.836751937866211,-3.0151853561401367,-0.012970962561666965,0.7999281287193298,1.4999994039535522,-1.4999996423721313,-0.012970962561666965,1.4999994039535522,-1.4999996423721313,113.89599609375,1024.0,17.0,0.00537109375,761.9140625,2048.0,418.0,0.00390625,37.212664143997245,11.679317094996804,1.4006338369945297,42.08653138799855,92.48701482400065,0.15953366920031914,0.02346406501347165,0.0065114478811172044,0.0007808807788963954,,
59,,,,,450523,480546,30023,461612,461613,461612.75,0.07726729661226273,0.001,0.3359375,1.0,172.0,0.095703125,1.0,49.0,0.31152911437675357,0.011846194451209158,0.0009292705035477411,-2.197333787989919e-05,49.15823841094971,0.3806868797310245,1e-06,2.397435426712036,4.0,-3.0,0.83837890625,1.0,0.0,1.5590564012527466,3.0,-3.0,0.0,0.0,0.0,2.392246961593628,4.384304046630859,-3.0265510082244873,-0.04708975553512573,0.7971939444541931,1.4999992847442627,-1.4999995231628418,-0.04708975553512573,1.4999992847442627,-1.4999995231628418,117.43896484375,1024.0,18.0,0.005859375,784.1484375,2048.0,389.0,0.005859375,40.751292020999244,12.017350865993649,1.4528780180044123,43.93006807799975,98.25370909200137,0.1694334740910099,0.023791624082090318,0.00650835081244704,0.0007868489431912422,,
60,2.507291563041508,0.925,1.5822915615513922,0.0,444207,465313,21106,453862,453863,453862.25,0.07613704353570938,0.001,0.33984375,1.0,174.0,0.0859375,1.0,44.0,0.4045662023127079,0.1008855322143063,0.0066465760610299185,0.00253273940222698,50.11246109008789,0.3813775919849535,1e-06,2.4468891620635986,4.0,-3.0,0.84912109375,1.0,0.0,1.5977681875228882,3.0,-3.0,0.0,0.0,0.0,2.4389803409576416,5.745867729187012,-3.0148186683654785,-0.05760354548692703,0.8120968341827393,1.4999994039535522,-1.4999996423721313,-0.05760354548692703,1.4999994039535522,-1.4999996423721313,119.81103515625,1024.0,17.0,0.0078125,766.638671875,2048.0,413.0,0.005859375,39.382129737998184,11.961650309996912,1.4017089140033931,43.092289678999805,119.2832296839988,0.1604990350935033,0.023736436374142047,0.006588810982846069,0.000772100408220442,9.534179914997367,13.807814692001557
61,,,,,434692,459939,25247,446235,446236,446235.75,0.07128830254077911,0.001,0.36328125,1.0,186.0,0.091796875,1.0,47.0,0.31389231162686504,0.05281073422802071,0.0006277068666437821,4.733332700139257e-05,32.94521236419678,0.3887412484683002,1e-06,2.513103485107422,4.0,-3.0,0.87548828125,1.0,0.0,1.6376150846481323,3.0,-3.0,0.0,0.0,0.0,2.5129036903381348,4.601111888885498,-3.0147976875305176,0.004521405790001154,0.780849277973175,1.4999996423721313,-1.4999995231628418,0.004521405790001154,1.4999996423721313,-1.4999995231628418,113.47216796875,1024.0,11.0,0.005859375,758.08203125,2048.0,402.0,0.001953125,43.07998462500109,11.188990364003985,1.4610808799989172,41.54790112100454,97.39173451800161,0.18537716445559893,0.02327687837707117,0.006268542112551485,0.0008185588447356118,,
62,,,,,444061,471266,27205,459977,459978,459977.25,0.07269912958145142,0.001,0.369140625,1.0,189.0,0.10546875,1.0,54.0,0.3786640092730522,-0.052157263897242956,0.011153118262882344,-0.004699317378708656,6.663847088813782,0.38195603312524806,1e-06,2.410356283187866,4.0,-3.0,0.85986328125,1.0,0.0,1.5504932403564453,3.0,-3.0,0.0,0.0,0.0,2.4072344303131104,4.178964614868164,-3.014768600463867,0.012313620187342167,0.774064838886261,1.4999996423721313,-1.4999996423721313,0.012313620187342167,1.4999996423721313,-1.4999996423721313,117.87353515625,1024.0,11.0,0.00390625,780.51953125,2048.0,393.0,0.0078125,49.32215181000356,11.495722593994287,1.7202817130018957,43.64333317099954,106.2834464750049,0.2043128841987679,0.023720375937614054,0.0062479843263956465,0.0009349819545433473,,
63,,,,,424013,451713,27700,438463,438464,438463.75,0.07994614541530609,0.001,0.349609375,1.0,179.0,0.0859375,1.0,44.0,0.30662724889557935,-0.03312636522479869,0.0010293656357981522,-3.158324159750041e-05,96.63531684875488,0.3844853791389956,1e-06,2.580259323120117,4.0,-3.0,0.89306640625,1.0,0.0,1.6871927976608276,3.0,-3.0,0.0,0.0,0.0,2.575239896774292,3.9974448680877686,-3.009949207305908,-0.08219004422426224,0.8049045205116272,1.4999991655349731,-1.4999996423721313,-0.08219004422426224,1.4999991655349731,-1.4999996423721313,110.27099609375,1024.0,9.0,0.00732421875,746.103515625,2048.0,407.0,0.001953125,43.04410450000432,11.154905417002738,1.7592975909938104,41.26369596299628,97.32739445100015,0.19059979409747968,0.02352742727477259,0.006360221008579807,0.001003103216054811,,
64,,,,,432906,479408,46502,451385,451386,451385.5,0.07086987793445587,0.001,0.390625,1.0,200.0,0.103515625,1.0,53.0,0.4208268917375995,0.0539933416631914,0.017012308211809386,0.015606413446455976,18.58631318807602,0.3801092953747395,1e-06,2.3848869800567627,4.0,-3.0,0.88037109375,1.0,0.0,1.5045158863067627,3.0,-3.0,0.0,0.0,0.0,2.380746364593506,3.997910976409912,-3.0124714374542236,-0.05220037326216698,0.7859621047973633,1.4999995231628418,-1.4999996423721313,-0.05220037326216698,1.4999995231628418,-1.4999996423721313,120.3486328125,1024.0,19.0,0.00634765625,761.263671875,2048.0,421.0,0.009765625,39.39776634900045,11.413927753004828,1.6950512199982768,42.99237939899467,95.60167895099585,0.1598455267046441,0.023811342743062566,0.006321607446963199,0.0009388046470247032,,
65,,,,,445182,462611,17429,453036,453037,453036.25,0.07446303963661194,0.001,0.35546875,1.0,182.0,0.080078125,1.0,41.0,0.4069896956284841,0.047386378158504765,0.006083363863096262,0.003688609120702798,38.894898891448975,0.3846419679038538,1e-06,2.5225250720977783,4.0,-3.0,0.86865234375,1.0,0.0,1.6538727283477783,3.0,-3.0,0.0,0.0,0.0,2.5194146633148193,4.357667922973633,-3.0279953479766846,-0.04726947098970413,0.8196010589599609,1.4999995231628418,-1.4999996423721313,-0.04726947098970413,1.4999995231628418,-1.4999996423721313,117.40087890625,1024.0,6.0,0.00537109375,767.435546875,2048.0,389.0,0.0078125,45.993021808004414,11.472367861999373,1.4765752740058815,42.68432534400199,101.72752004900394,0.1912892849603198,0.02355458605354538,0.0063308222366308285,0.0008148218128272746,,
66,,,,,429283,479405,50122,453596,453597,453596.75,0.07739665359258652,0.001,0.326171875,1.0,167.0,0.08984375,1.0,46.0,0.3613590607720037,-0.05550881835722154,0.0008387296017439615,0.001916370205435669,19.279590129852295,0.37204933055044453,1e-06,2.462678909301758,4.0,-3.0,0.8583984375,1.0,0.0,1.6042803525924683,3.0,-3.0,0.0,0.0,0.0,2.4585235118865967,5.457859992980957,-3.033890724182129,-0.034034613519907,0.7808141112327576,1.4999991655349731,-1.499999761581421,-0.034034613519907,1.4999991655349731,-1.499999761581421,115.29248046875,1024.0,12.0,0.0048828125,770.638671875,2048.0,418.0,0.005859375,38.37869246900664,11.638022556006035,1.404012111001066,44.14915146600106,95.67165071400086,0.16253961972143977,0.02433281955062567,0.006414300012073519,0.000773821743101701,,
67,,,,,435522,473537,38015,450734,450735,450734.75,0.07693716883659363,0.001,0.3828125,1.0,196.0,0.068359375,1.0,35.0,0.3767197296023369,0.0866305169959863,0.0019315740462237348,-0.009566653708801217,114.99844327569008,0.389905763807023,1e-06,2.473641872406006,4.0,-3.0,0.8837890625,1.0,0.0,1.589853048324585,3.0,-3.0,0.0,0.0,0.0,2.469390392303467,4.044325828552246,-3.0193564891815186,-0.01099346298724413,0.7949070930480957,1.4999995231628418,-1.4999996423721313,-0.01099346298724413,1.4999995231628418,-1.4999996423721313,118.36279296875,1024.0,12.0,0.00634765625,761.978515625,2048.0,418.0,0.001953125,39.39380683100171,11.356139454001095,1.7998699559975648,41.855660871005966,94.50930471999891,0.16251101177359445,0.02321523960101033,0.006298682015310055,0.0009982977549421056,,
68,,,,,440619,455030,14411,448610,448611,448610.5,0.07200368493795395,0.001,0.306640625,1.0,157.0,0.095703125,1.0,49.0,0.44838486948320944,0.0696009814498886,0.006353484960498228,0.0054720907787522,37.24570882320404,0.3682355872440928,1e-06,2.472485065460205,4.0,-3.0,0.8359375,1.0,0.0,1.6365476846694946,3.0,-3.0,0.0,0.0,0.0,2.4702095985412598,4.73385763168335,-3.0186541080474854,-0.04045276343822479,0.7877290844917297,1.4999994039535522,-1.4999996423721313,-0.04045276343822479,1.4999994039535522,-1.4999996423721313,114.4658203125,1024.0,15.0,0.0078125,761.7265625,2048.0,393.0,0.001953125,36.65841931500472,11.319881170005829,1.6697461259973352,44.123109685999225,93.87297774000035,0.15637522849429977,0.024588763351503826,0.006308301505429447,0.0009305099445941051,,
69,,,,,421363,483801,62438,446148,446149,446148.25,0.0752103254199028,0.001,0.30859375,1.0,158.0,0.087890625,1.0,45.0,0.37671915033171255,0.07625931200961913,0.0025410741781665674,-0.0020200616576579295,51.25678330659866,0.3836536492672386,1e-06,2.470039129257202,4.0,-3.0,0.87109375,1.0,0.0,1.5989456176757812,3.0,-3.0,0.0,0.0,0.0,2.4670205116271973,4.451442718505859,-3.0230493545532227,-0.01762140728533268,0.7998926043510437,1.4999994039535522,-1.4999996423721313,-0.01762140728533268,1.4999994039535522,-1.4999996423721313,111.62158203125,1024.0,9.0,0.0048828125,759.76171875,2048.0,414.0,0.00390625,48.52873108499625,11.230123059998732,1.4167329859992606,42.29165138299868,103.56811719699908,0.21228573403001846,0.023698205351583627,0.0062928203013228965,0.0007938689583559167,,
70,2.517762343771756,0.925,1.5927623407915235,0.0,433264,458701,25437,450651,450651,450651.0,0.07446273416280746,0.001,0.3203125,1.0,164.0,0.0546875,1.0,28.0,0.49044010241826375,0.018994622215783845,0.01918612199369818,-0.020593367531182592,190.50885289907455,0.38847838777772514,1e-06,2.5889933109283447,4.0,-3.0,0.8740234375,1.0,0.0,1.7149701118469238,3.0,-3.0,0.0,0.0,0.0,2.5863914489746094,5.593883037567139,-3.0284016132354736,-0.005611538887023926,0.7779475450515747,1.4999995231628418,-1.4999996423721313,-0.005611538887023926,1.4999995231628418,-1.4999996423721313,110.361328125,1024.0,21.0,0.005859375,769.81640625,2048.0,399.0,0.001953125,43.126409911994415,11.332213430003321,1.3997388080024393,41.98515692899673,117.9412441500026,0.19080793696130616,0.023291392301912527,0.006286579542707839,0.0007765093209614754,6.555020097999659,13.438473892994807
71,,,,,424095,456007,31912,442871,442872,442871.25,0.07797857373952866,0.001,0.330078125,1.0,169.0,0.072265625,1.0,37.0,0.2927637497584025,0.032780210673809054,0.0009958195577686032,5.567601330464337e-05,77.08810445666313,0.3741959387983446,1e-06,2.4622042179107666,4.0,-3.0,0.8544921875,1.0,0.0,1.6077120304107666,3.0,-3.0,0.0,0.0,0.0,2.4550628662109375,3.9989078044891357,-3.0145881175994873,-0.019591405987739563,0.7629094123840332,1.4999994039535522,-1.4999996423721313,-0.019591405987739563,1.4999994039535522,-1.4999996423721313,111.72705078125,1024.0,6.0,0.00146484375,753.255859375,2048.0,418.0,0.001953125,40.41620494700328,11.119440720998682,1.647633009000856,42.79048668100586,96.07806838599936,0.17663112857437727,0.024155150442146483,0.006276903683067416,0.0009300857805744085,,
72,,,,,438124,467522,29398,455475,455475,455475.0,0.08111290633678436,0.001,0.322265625,1.0,165.0,0.056640625,1.0,29.0,0.4035101439803839,0.01768314596847631,0.008889509828804876,0.00428499182369535,30.00554770231247,0.37763420894691846,1e-06,2.591566562652588,4.0,-3.0,0.876953125,1.0,0.0,1.7146135568618774,3.0,-3.0,0.0,0.0,0.0,2.583352565765381,3.997058868408203,-3.0143887996673584,-0.03732982650399208,0.7866702675819397,1.4999994039535522,-1.4999996423721313,-0.03732982650399208,1.4999994039535522,-1.4999996423721313,113.189453125,1024.0,11.0,0.00390625,776.41015625,2048.0,399.0,0.0078125,44.8547014959986,11.632002168000326,1.652538831003767,43.71974117200443,101.97246547500254,0.19349602909253447,0.023996784220870756,0.006384544798287681,0.0009070414572719507,,
73,,,,,449903,465775,15872,458612,458613,458612.75,0.07925731688737869,0.001,0.341796875,1.0,175.0,0.08203125,1.0,42.0,0.40408363193273544,-0.07077104496420361,0.009356817120533378,0.005364040177028073,24.600373089313507,0.3826776522396157,1e-06,2.4655120372772217,4.0,-3.0,0.85400390625,1.0,0.0,1.6115082502365112,3.0,-3.0,0.0,0.0,0.0,2.458953619003296,3.9973983764648438,-3.008739948272705,-0.016963282600045204,0.7764853835105896,1.4999994039535522,-1.4999996423721313,-0.016963282600045204,1.4999994039535522,-1.4999996423721313,110.12060546875,1024.0,6.0,0.00244140625,785.607421875,2048.0,393.0,0.01171875,37.41429920399969,11.727089539999724,1.4389195879994077,43.428215000996715,94.11118142100167,0.16589720611722628,0.023673684934073853,0.0063926970739473146,0.0007843870389557463,,
74,,,,,409148,451037,41889,435667,435668,435667.25,0.07872045785188675,0.001,0.353515625,1.0,181.0,0.076171875,1.0,39.0,0.44408901234467824,0.027031095294902722,0.015794500440824776,0.009097799679310962,24.648336052894592,0.37613323994760106,1e-06,2.607834815979004,4.0,-3.0,0.8955078125,1.0,0.0,1.7123271226882935,3.0,-3.0,0.0,0.0,0.0,2.6046643257141113,5.555147647857666,-3.01179575920105,0.00033917391556315124,0.8107154369354248,1.4999991655349731,-1.4999996423721313,0.00033917391556315124,1.4999991655349731,-1.4999996423721313,107.72119140625,1024.0,13.0,0.0048828125,743.19140625,1942.0,407.0,0.0,37.9996772010054,11.10657155700028,1.4152346810005838,41.81926286499947,92.45707778100041,0.17224586584201926,0.023997249543659453,0.006373311028657926,0.000812107566612239,,
75,,,,,407795,463252,55457,442098,442098,442098.0,0.07908669859170914,0.001,0.33203125,1.0,170.0,0.08203125,1.0,42.0,0.28815194467703503,-0.026752845937153324,0.001422283478314057,-5.1013552608007254e-05,22.63091591000557,0.3846632093807427,1e-06,2.5392274856567383,4.0,-3.0,0.8876953125,1.0,0.0,1.6515319347381592,3.0,-3.0,0.0,0.0,0.0,2.5355496406555176,5.113033294677734,-3.024613857269287,-0.005424291826784611,0.790977954864502,1.4999996423721313,-1.4999996423721313,-0.005424291826784611,1.4999996423721313,-1.4999996423721313,109.115234375,1024.0,15.0,0.00341796875,754.357421875,2048.0,389.0,0.001953125,35.95946719600033,11.825190544004727,1.4202121060006903,41.5909087809996,90.90666627399332,0.16091551003275786,0.023519055040398057,0.0066869735579016005,0.0008031093253083537,,
76,,,,,436703,468330,31627,447267,447268,447267.5,0.0796247348189354,0.001,0.3203125,1.0,164.0,0.0625,1.0,32.0,0.3730440547068914,-0.05834129774787774,0.004355076019419357,-0.0002645215023221681,13.658300995826721,0.3829668660661446,1e-06,2.5077245235443115,4.0,-3.0,0.87255859375,1.0,0.0,1.6351659297943115,3.0,-3.0,0.0,0.0,0.0,2.5019898414611816,3.9993479251861572,-3.013956069946289,-0.011846494860947132,0.7645159959793091,1.4999995231628418,-1.4999996423721313,-0.011846494860947132,1.4999995231628418,-1.4999996423721313,108.7236328125,1024.0,11.0,0.00341796875,764.845703125,2048.0,418.0,0.00390625,38.26176680500066,11.732920779999404,1.4415274639977724,42.25720072600234,93.80060057099763,0.17183479653382494,0.02361964636710824,0.006558111633418147,0.0008057412309176122,,
77,,,,,455348,462710,7362,459006,459007,459006.5,0.07992422580718994,0.001,0.3046875,1.0,156.0,0.087890625,1.0,45.0,0.3496922724880278,-0.016070309837232344,0.00206042977697507,0.0003676096924891681,41.53697741031647,0.3827407539574567,1e-06,2.4691474437713623,4.0,-3.0,0.85498046875,1.0,0.0,1.6141669750213623,3.0,-3.0,0.0,0.0,0.0,2.461137294769287,3.996873378753662,-3.019737720489502,-0.06014055758714676,0.8123977780342102,1.4999996423721313,-1.4999996423721313,-0.06014055758714676,1.4999996423721313,-1.4999996423721313,110.5986328125,1024.0,13.0,0.0048828125,785.8984375,2048.0,407.0,0.00390625,48.45094882899866,12.068804578004347,1.484709700998792,43.43156361099682,105.53857828799664,0.21390580747970767,0.02365520074933406,0.006573329886398312,0.0008086539629606509,,
78,,,,,449110,457717,8607,455016,455017,455016.25,0.08199389278888702,0.001,0.3046875,1.0,156.0,0.07421875,1.0,38.0,0.4319331469014287,-0.01263352285604924,0.012698380157416977,0.027584985566022624,13.472054719924927,0.3692148512769841,1e-06,2.4791524410247803,4.0,-3.0,0.85791015625,1.0,0.0,1.6212422847747803,3.0,-3.0,0.0,0.0,0.0,2.473846435546875,3.997832775115967,-3.0084023475646973,-0.024225803092122078,0.805689811706543,1.4999996423721313,-1.4999996423721313,-0.024225803092122078,1.4999996423721313,-1.4999996423721313,107.35595703125,1024.0,4.0,0.00439453125,781.34765625,2048.0,393.0,0.005859375,35.71169365700189,12.037565762002487,1.5507433530001435,44.60366976899968,94.00908652599901,0.16242555048325968,0.024506635625101126,0.00661381091444673,0.0008520263578499359,,
79,,,,,430132,478052,47920,451541,451542,451541.25,0.07441458851099014,0.001,0.314453125,1.0,161.0,0.087890625,1.0,45.0,0.37546713231131434,0.0039026035994282893,0.0012220746757520828,-0.00024985771688079694,17.26291012763977,0.3709566221557132,1e-06,2.5568771362304688,4.0,-3.0,0.86669921875,1.0,0.0,1.6901781558990479,3.0,-3.0,0.0,0.0,0.0,2.5535991191864014,5.73109769821167,-3.010409355163574,-0.022616181522607803,0.771701991558075,1.4999994039535522,-1.4999996423721313,-0.022616181522607803,1.4999994039535522,-1.4999996423721313,110.38330078125,1024.0,17.0,0.0029296875,771.533203125,2048.0,389.0,0.00390625,37.08797574199707,11.308071138999367,1.4259294200019212,44.02350732099876,93.94408081599977,0.16405890227145764,0.024374023038315304,0.00626081844072904,0.0007894790453817459,,
80,2.5790123442187904,0.925,1.654012341424823,0.0,429311,487156,57845,454583,454584,454583.75,0.0745430737733841,0.001,0.32421875,1.0,166.0,0.0703125,1.0,36.0,0.3761650756482155,-0.008032456716342319,0.0008758358120347463,-2.6752520258718682e-05,30.592912137508392,0.3753905969473598,1e-06,2.5634591579437256,4.0,-3.0,0.8818359375,1.0,0.0,1.6816232204437256,3.0,-3.0,0.0,0.0,0.0,2.5615508556365967,6.437530517578125,-3.0106098651885986,0.006045506335794926,0.7707390189170837,1.4999994039535522,-1.4999996423721313,0.006045506335794926,1.4999994039535522,-1.4999996423721313,114.23388671875,1024.0,12.0,0.00341796875,773.625,2048.0,416.0,0.009765625,37.75484828500339,11.975466310999764,1.4321399399996153,43.86686708499474,116.31593981300102,0.16137929859245478,0.0241247443870325,0.00658595160462718,0.000787610610805828,7.625867321999976,13.557393109003897
81,,,,,444392,473587,29195,459121,459122,459121.5,0.07356806099414825,0.001,0.32421875,1.0,166.0,0.068359375,1.0,35.0,0.36900728289037943,0.00831320634461008,0.007015442254669324,-0.0016241424123109027,17.30918425321579,0.37623317855741834,1e-06,2.4576191902160645,4.0,-3.0,0.88134765625,1.0,0.0,1.5762717723846436,3.0,-3.0,0.0,0.0,0.0,2.453993797302246,5.147921085357666,-3.0209310054779053,0.014509580098092556,0.7683006525039673,1.4999994039535522,-1.4999996423721313,0.014509580098092556,1.4999994039535522,-1.4999996423721313,113.7275390625,1024.0,17.0,0.001953125,782.994140625,2048.0,413.0,0.005859375,37.108929378999164,11.909492238002713,1.4065111520030769,44.180079262994695,94.71443593800359,0.15932459783009678,0.02405685600815617,0.006484934945326408,0.0007658708816746095,,
82,,,,,435766,446868,11102,440992,440993,440992.25,0.08046754449605942,0.001,0.337890625,1.0,173.0,0.056640625,1.0,29.0,0.3181188722451528,0.008460487502937515,0.0016242479236098007,7.70610196771789e-05,36.77293008565903,0.38235418808710786,1e-06,2.576902389526367,4.0,-3.0,0.884765625,1.0,0.0,1.6921370029449463,3.0,-3.0,0.0,0.0,0.0,2.5718650817871094,5.12005615234375,-3.0082547664642334,-0.006450410932302475,0.7863031029701233,1.4999991655349731,-1.4999996423721313,-0.006450410932302475,1.4999991655349731,-1.4999996423721313,106.97705078125,1024.0,12.0,0.00146484375,754.3359375,2048.0,425.0,0.001953125,39.31304753299628,11.279803315999743,1.6712334299954819,41.6911061139981,94.05134177199943,0.17943870998998707,0.02363482924813197,0.006394558700294474,0.0009474278913039185,,
83,,,,,444970,478952,33982,455485,455485,455485.0,0.08043531328439713,0.001,0.271484375,1.0,139.0,0.078125,1.0,40.0,0.4337841137762993,-0.0073118801078488746,0.0019229831617145288,0.0002789147715262633,24.167408525943756,0.37192664202204706,1e-06,2.5182249546051025,4.0,-3.0,0.85595703125,1.0,0.0,1.6622681617736816,3.0,-3.0,0.0,0.0,0.0,2.5117428302764893,3.996943473815918,-3.0222694873809814,-0.028541279956698418,0.7997161746025085,1.4999995231628418,-1.4999996423721313,-0.028541279956698418,1.4999995231628418,-1.4999996423721313,111.166015625,1024.0,11.0,0.00341796875,778.453125,2048.0,426.0,0.005859375,38.777843930001836,11.672358247000375,1.4467206750050536,44.35431954799424,96.36361490999843,0.1703262818226621,0.024344555555064512,0.006406554687311533,0.0007940550594449069,,
84,,,,,424653,451924,27271,437854,437855,437854.75,0.07521640509366989,0.001,0.275390625,1.0,141.0,0.0703125,1.0,36.0,0.4095233067356307,0.061026088524095974,0.005727475993776822,-0.0008167803461501848,46.735042572021484,0.38114058515614746,1e-06,2.588501453399658,4.0,-3.0,0.88671875,1.0,0.0,1.7017828226089478,3.0,-3.0,0.0,0.0,0.0,2.5835061073303223,4.530241012573242,-3.016972780227661,-0.03508932888507843,0.7936712503433228,1.4999995231628418,-1.4999996423721313,-0.03508932888507843,1.4999995231628418,-1.4999996423721313,109.16552734375,1024.0,12.0,0.0029296875,746.01953125,2048.0,414.0,0.001953125,31.3228359440036,11.586692483004299,1.5143743500011624,41.50691953700152,86.03185148099874,0.14010241016949246,0.023699023213178298,0.006615602824340891,0.0008646556592118519,,
85,,,,,438264,463814,25550,447730,447730,447730.0,0.07374659925699234,0.001,0.287109375,1.0,147.0,0.068359375,1.0,35.0,0.4490823798602627,-0.03481012244798964,0.018763661564838503,0.009719102017580524,28.790685653686523,0.37734389554789,1e-06,2.647878646850586,4.0,-3.0,0.88037109375,1.0,0.0,1.7675074338912964,3.0,-3.0,0.0,0.0,0.0,2.6462106704711914,6.245420455932617,-3.0146234035491943,-0.033297959715127945,0.8006202578544617,1.4999991655349731,-1.4999996423721313,-0.033297959715127945,1.4999991655349731,-1.4999996423721313,113.1328125,1024.0,17.0,0.00537109375,761.33984375,2048.0,413.0,0.009765625,30.768544937003753,11.723309462999168,1.5165345939967665,42.971237301004294,87.0672504250033,0.1327970484471193,0.02399394573794714,0.0065459704861184015,0.0008467908080744905,,
86,,,,,439670,459793,20123,449931,449932,449931.75,0.07403143495321274,0.001,0.33203125,1.0,170.0,0.060546875,1.0,31.0,0.3395220385543231,-0.03284949796466992,0.000702911102742856,0.00020521137512646262,18.507829159498215,0.38240182646294246,1e-06,2.4377057552337646,4.0,-3.0,0.853515625,1.0,0.0,1.5841902494430542,3.0,-3.0,0.0,0.0,0.0,2.4344542026519775,3.999720335006714,-3.0207555294036865,-0.009273364208638668,0.7700526714324951,1.4999992847442627,-1.4999996423721313,-0.009273364208638668,1.4999992847442627,-1.4999996423721313,111.06982421875,1024.0,11.0,0.0029296875,767.703125,2034.0,399.0,0.0,37.20835873600299,11.26184638900304,1.402186270999664,42.56445295600133,92.52634281899373,0.16357407641414945,0.023650505302193797,0.0062575303859991206,0.0007791105378758356,,
87,,,,,444256,459276,15020,451467,451468,451467.25,0.0763532742857933,0.001,0.306640625,1.0,157.0,0.076171875,1.0,39.0,0.4084367977996026,-0.05154635269765652,0.011048302573579994,-0.004212483965661264,14.48440170288086,0.38026356236600234,1e-06,2.5274455547332764,4.0,-3.0,0.87841796875,1.0,0.0,1.6490278244018555,3.0,-3.0,0.0,0.0,0.0,2.525252342224121,4.895518779754639,-3.0130980014801025,0.0043344353325665,0.7859272956848145,1.4999992847442627,-1.4999996423721313,0.0043344353325665,1.4999992847442627,-1.4999996423721313,109.64111328125,1024.0,10.0,0.00439453125,772.130859375,2048.0,399.0,0.005859375,42.586048129996925,11.461728202993982,1.9384498189974693,43.017194571999426,99.11044095599937,0.18965484927296053,0.023820772476851545,0.006346932254218873,0.0010734166315482846,,
88,,,,,420313,479394,59081,449833,449834,449833.25,0.08038505911827087,0.001,0.314453125,1.0,161.0,0.0703125,1.0,36.0,0.3006294807118754,-0.009944646469046992,0.0013054027851115192,-5.467746186402491e-05,2.1588184237480164,0.3747056846735834,1e-06,2.5541131496429443,4.0,-3.0,0.884765625,1.0,0.0,1.6693474054336548,3.0,-3.0,0.0,0.0,0.0,2.5476410388946533,3.998593807220459,-3.0088768005371094,-0.0020987566094845533,0.7781156897544861,1.4999996423721313,-1.4999996423721313,-0.0020987566094845533,1.4999996423721313,-1.4999996423721313,108.74462890625,1024.0,19.0,0.001953125,769.8359375,2048.0,424.0,0.001953125,39.477093768000486,11.605691910001042,1.4386226689966861,43.41700881200086,96.04037596499984,0.1772586369118468,0.024129501772046008,0.0064499966987772925,0.0007995310867953214,,
89,,,,,454811,459215,4404,457273,457274,457273.75,0.07732865959405899,0.001,0.296875,1.0,152.0,0.09765625,1.0,50.0,0.4002815457060933,0.024186601222027093,0.0014773628809052752,0.00025507311832484447,36.72962945699692,0.370385968651876,1e-06,2.5296554565429688,4.0,-3.0,0.857421875,1.0,0.0,1.6722337007522583,3.0,-3.0,0.0,0.0,0.0,2.5239367485046387,3.9979822635650635,-3.011850595474243,-0.048243261873722076,0.7766842246055603,1.4999995231628418,-1.4999996423721313,-0.048243261873722076,1.4999995231628418,-1.4999996423721313,116.92529296875,1024.0,21.0,0.00537109375,776.1875,2048.0,389.0,0.01171875,40.942695259000175,11.589970809000079,1.7133302969959914,44.75481346900051,99.09974332699494,0.17097712489612246,0.024468282658364114,0.006336450982043075,0.0009367092999521574,,
90,2.5981194857507943,0.9375,1.6606194850057363,0.0,429917,451198,21281,441623,441623,441623.0,0.08271408081054688,0.001,0.298828125,1.0,153.0,0.068359375,1.0,35.0,0.5418696830670039,0.009328085742890836,0.022106588292323672,0.009565828510956938,8.765997111797333,0.3703666418255849,1e-06,2.5210721492767334,4.0,-3.0,0.8525390625,1.0,0.0,1.6685330867767334,3.0,-3.0,0.0,0.0,0.0,2.5151517391204834,3.9967122077941895,-3.0145130157470703,-0.038289573043584824,0.7725540399551392,1.4999995231628418,-1.4999996423721313,-0.038289573043584824,1.4999995231628418,-1.4999996423721313,106.28125,1024.0,12.0,0.00244140625,756.263671875,2048.0,393.0,0.001953125,36.1879754449983,11.250893298005394,1.3849811519976356,43.09826131099544,114.78579370299849,0.16625613535080813,0.024397654396960438,0.00636905986441229,0.0007840291108013145,8.846754865000548,13.889284204000433
91,,,,,431146,466730,35584,445234,445234,445234.0,0.07613663375377655,0.001,0.345703125,1.0,177.0,0.060546875,1.0,31.0,0.29911101510127386,0.0033962057903409006,0.0009760444469672317,-1.3452554715816709e-06,16.211628139019012,0.3885371304355954,1e-06,2.5644330978393555,4.0,-3.0,0.90625,1.0,0.0,1.6581830978393555,3.0,-3.0,0.0,0.0,0.0,2.55912446975708,3.9968531131744385,-3.032264232635498,-0.010312424972653389,0.7917018532752991,1.4999991655349731,-1.4999995231628418,-0.010312424972653389,1.4999991655349731,-1.4999995231628418,112.44921875,1024.0,18.0,0.00244140625,757.1484375,2048.0,402.0,0.001953125,39.53507399400405,11.256299092005065,1.654621870999108,41.39700648700091,93.92940772099973,0.17167069334249857,0.023244522255151733,0.006320439977632585,0.0009290743019396026,,
92,,,,,432563,463321,30758,448133,448134,448133.75,0.07913943380117416,0.001,0.2890625,1.0,148.0,0.060546875,1.0,31.0,0.364551531691705,0.01161566010165599,0.007601338111975741,-0.002161264674448889,6.974146664142609,0.38199972119827696,1e-06,2.556710958480835,4.0,-3.0,0.8876953125,1.0,0.0,1.6690155267715454,3.0,-3.0,0.0,0.0,0.0,2.551435947418213,3.997345209121704,-3.01511812210083,-0.01149597018957138,0.7749494910240173,1.4999992847442627,-1.4999995231628418,-0.01149597018957138,1.4999992847442627,-1.4999995231628418,109.73779296875,1024.0,21.0,0.001953125,765.5234375,2048.0,407.0,0.009765625,38.23279911400459,11.248217243002728,1.7130701670030248,42.46573210399947,93.75880058899929,0.17011786402248164,0.023690322422713905,0.00627503353797986,0.0009556690201323962,,
93,,,,,440415,468177,27762,453747,453748,453747.75,0.0815989151597023,0.001,0.294921875,1.0,151.0,0.068359375,1.0,35.0,0.41690702037885785,-0.02061359704748611,0.0057187079028153676,-0.0018209547363312595,25.83777630329132,0.32785843217162236,1e-06,2.4396719932556152,4.0,-3.0,0.8779296875,1.0,0.0,1.5617419481277466,3.0,-3.0,0.0,0.0,0.0,2.433518648147583,5.3845038414001465,-3.0203020572662354,-0.019282255321741104,0.7783564925193787,1.4999988079071045,-1.4999996423721313,-0.019282255321741104,1.4999988079071045,-1.4999996423721313,110.04052734375,1024.0,12.0,0.00244140625,776.185546875,2048.0,418.0,0.01171875,43.63390311499825,11.580402666004375,1.411052474999451,50.04345650799951,106.7842110920028,0.1936160909954085,0.02757228906809979,0.0063804187822443055,0.0007774432352554096,,
94,,,,,424505,444904,20399,435842,435843,435842.5,0.08282721787691116,0.001,0.3046875,1.0,156.0,0.06640625,1.0,34.0,0.3826653329389436,0.07269268881230216,0.007582639248409707,0.0029676360433735943,22.560597896575928,0.372113651669889,1e-06,2.6612181663513184,4.0,-3.0,0.9130859375,1.0,0.0,1.7481319904327393,3.0,-3.0,0.0,0.0,0.0,2.6553955078125,3.9987287521362305,-3.0154473781585693,-0.037298791110515594,0.7918064594268799,1.4999994039535522,-1.4999996423721313,-0.037298791110515594,1.4999994039535522,-1.4999996423721313,111.7607421875,1024.0,12.0,0.00390625,739.494140625,2034.0,389.0,0.0,46.94555447699531,11.161897664002026,1.3764966990056564,42.30496240699722,101.89144799899805,0.20510452573331403,0.02426619845873063,0.006402483502642598,0.0007895608499662473,,
95,,,,,438413,466944,28531,447860,447861,447860.75,0.08236455172300339,0.001,0.28515625,1.0,146.0,0.064453125,1.0,33.0,0.3383787199854851,0.01941996974249681,0.0011946377674272905,7.161427735506246e-06,7.856141269207001,0.3865862908057582,1e-06,2.557326316833496,4.0,-3.0,0.86572265625,1.0,0.0,1.6916035413742065,3.0,-3.0,0.0,0.0,0.0,2.551983118057251,3.997694730758667,-3.0171914100646973,-0.027525722980499268,0.7782647609710693,1.4999994039535522,-1.4999996423721313,-0.027525722980499268,1.4999994039535522,-1.4999996423721313,106.45654296875,1024.0,10.0,0.00390625,768.271484375,2048.0,424.0,0.005859375,40.4091308010029,11.31702007399872,1.4541984800016508,41.9010735319971,95.18446490500355,0.18534343074355872,0.023389565580371297,0.0063172649500981715,0.0008117469994868108,,
96,,,,,423318,500050,76732,459867,459867,459867.0,0.08184020966291428,0.001,0.2890625,1.0,148.0,0.072265625,1.0,37.0,0.39605047481675304,-0.049835536659004226,0.0020995093528331527,6.65862344835806e-05,17.976023346185684,0.3756774302068697,1e-06,2.5866427421569824,4.0,-3.0,0.8759765625,1.0,0.0,1.7106661796569824,3.0,-3.0,0.0,0.0,0.0,2.580057382583618,3.996896266937256,-3.0121078491210938,-0.026845401152968407,0.7794881463050842,1.4999990463256836,-1.4999996423721313,-0.026845401152968407,1.4999990463256836,-1.4999996423721313,110.30078125,1024.0,18.0,0.00146484375,787.876953125,2048.0,399.0,0.005859375,37.33572618800099,11.662161093001487,1.5111688440010766,44.30772258499928,94.92620727699978,0.1652783855756675,0.024087248370180555,0.006339964105383451,0.0008215249430819545,,
97,,,,,421594,454220,32626,438189,438190,438189.25,0.07980883866548538,0.001,0.263671875,1.0,135.0,0.0546875,1.0,28.0,0.35731761157512665,-0.023043414738414616,0.0008985588431422567,-1.5905814130935047e-06,30.782737612724304,0.3752478774353173,1e-06,2.712585926055908,4.0,-3.0,0.8837890625,1.0,0.0,1.8287971019744873,3.0,-3.0,0.0,0.0,0.0,2.7073774337768555,3.9981515407562256,-3.0110034942626953,-0.0069259051233530045,0.7795930504798889,1.4999984502792358,-1.4999995231628418,-0.0069259051233530045,1.4999984502792358,-1.4999995231628418,107.52197265625,1024.0,20.0,0.001953125,748.31640625,2048.0,393.0,0.001953125,38.17582970200601,11.12279459000274,1.4377785109973047,42.23813459200028,93.08144830200035,0.17336495402922736,0.02409811205546478,0.0063458851341074325,0.0008202954037538031,,
98,,,,,444324,455129,10805,450399,450400,450399.25,0.07859552651643753,0.001,0.28125,1.0,144.0,0.0625,1.0,32.0,0.31531344121322036,-0.03222410430316813,0.0010397550686320756,-0.003023472540462535,56.739378929138184,0.37605370300669294,1e-06,2.5886142253875732,4.0,-3.0,0.87841796875,1.0,0.0,1.7101964950561523,3.0,-3.0,0.0,0.0,0.0,2.5857582092285156,5.921741485595703,-3.0187714099884033,0.00138408865313977,0.7835860252380371,1.4999983310699463,-1.4999995231628418,0.00138408865313977,1.4999983310699463,-1.4999995231628418,110.66064453125,1024.0,11.0,0.0029296875,769.025390625,2048.0,402.0,0.001953125,35.73441581700172,11.952281817997573,1.9684869699995033,43.354510387995106,93.11201503800112,0.15767525389948384,0.024064488555428937,0.006634270493344279,0.001092634462645921,,
99,,,,,438289,474167,35878,450965,450966,450965.5,0.07848384231328964,0.001,0.287109375,1.0,147.0,0.078125,1.0,40.0,0.46173593401908875,-0.0077307139553370015,0.0012018807502763888,-6.112439578212235e-05,54.19092273712158,0.3788652259884475,1e-06,2.6247854232788086,4.0,-3.0,0.88916015625,1.0,0.0,1.7356253862380981,3.0,-3.0,0.0,0.0,0.0,2.6241419315338135,4.557914733886719,-3.0128908157348633,0.00857551209628582,0.8241679072380066,1.4999992847442627,-1.4999996423721313,0.00857551209628582,1.4999992847442627,-1.4999996423721313,111.5380859375,1024.0,11.0,0.00732421875,769.25390625,2048.0,389.0,0.005859375,37.77496643800259,11.24344896099501,1.7068584320004447,43.06382466600189,93.90160603199911,0.16536779949219715,0.02387312591872432,0.006232987313328298,0.0009462245071964733,,
100,2.6075837749987842,0.9375,1.6700837712734937,0.0,432503,444033,11530,438116,438117,438116.75,0.0798230692744255,0.001,0.271484375,1.0,139.0,0.060546875,1.0,31.0,0.27429374506076176,-0.011399188296248515,0.00115985531010665,-6.31258704705336e-05,13.899998396635056,0.37576412516842345,1e-06,2.5354106426239014,4.0,-3.0,0.87255859375,1.0,0.0,1.6628520488739014,3.0,-3.0,0.0,0.0,0.0,2.530134677886963,4.232077121734619,-3.0160880088806152,-0.011059815064072609,0.770514965057373,1.4999990463256836,-1.499999761581421,-0.011059815064072609,1.4999990463256836,-1.499999761581421,108.88623046875,1024.0,9.0,0.00146484375,746.810546875,2048.0,418.0,0.001953125,35.401074995003,11.164076633998775,1.4712758960013161,42.10227348800254,145.4747071580059,0.1587499271073099,0.024024574207675543,0.006370491789003031,0.0008395455640541683,10.688722368002345,44.54621019300248
