run_id,model_size,method,seed,step,live_accuracy,live_format,non_live_accuracy,non_live_format,multi_turn_accuracy,multi_turn_format,average_accuracy,average_format,source,validation_format_step100,training_format_step100,retained,exclusion_reason
haotian_1p5b_dvao_s4_save10,1.5B,dvao,4,10,55.88452997779423,0.07401924500370095,76.0,0.16666666666666669,1.625,0.0,44.503176659264746,0.08022863722345587,rental_1p5b_20260919/evaluation/checkpoint_per_model.csv,0.9625,0.86474609375,True,
haotian_1p5b_dvao_s4_save10,1.5B,dvao,4,20,61.3619541080681,0.0,79.125,0.0,2.375,0.04830586080586081,47.62065136935603,0.0161019536019536,rental_1p5b_20260919/evaluation/checkpoint_per_model.csv,0.9625,0.86474609375,True,
haotian_1p5b_dvao_s4_save10,1.5B,dvao,4,30,65.87712805329386,0.0,80.20833333333334,0.0,3.125,1.051275623742729,49.73682046220907,0.350425207914243,rental_1p5b_20260919/evaluation/checkpoint_per_model.csv,0.9625,0.86474609375,True,
haotian_1p5b_dvao_s4_save10,1.5B,dvao,4,40,64.69282013323465,0.0,80.52083333333333,0.0,1.7499999999999998,6.851415190905866,48.98788448885599,2.2838050636352887,rental_1p5b_20260919/evaluation/checkpoint_per_model.csv,0.9625,0.86474609375,True,
haotian_1p5b_dvao_s4_save10,1.5B,dvao,4,50,66.17320503330866,0.0,81.14583333333334,0.0,2.75,13.010817985147218,50.02301278888066,4.336939328382406,rental_1p5b_20260919/evaluation/checkpoint_per_model.csv,0.9625,0.86474609375,True,
haotian_1p5b_dvao_s4_save10,1.5B,dvao,4,60,65.58105107327906,0.22205773501110287,80.0,0.0,2.5,23.37044594100294,49.360350357759685,7.864167892004681,rental_1p5b_20260919/evaluation/checkpoint_per_model.csv,0.9625,0.86474609375,True,
haotian_1p5b_dvao_s4_save10,1.5B,dvao,4,70,65.65507031828275,0.22205773501110287,80.70833333333334,0.0,2.125,32.94634559427354,49.4961345505387,11.05613444309488,rental_1p5b_20260919/evaluation/checkpoint_per_model.csv,0.9625,0.86474609375,True,
haotian_1p5b_dvao_s4_save10,1.5B,dvao,4,80,66.32124352331607,0.44411547002220575,80.16666666666666,0.0,1.25,38.69327908795422,49.245970063327576,13.04579818599214,rental_1p5b_20260919/evaluation/checkpoint_per_model.csv,0.9625,0.86474609375,True,
haotian_1p5b_dvao_s4_save10,1.5B,dvao,4,90,64.91487786824575,1.9985196150999258,80.02083333333333,0.7083333333333334,2.625,45.099773974648116,49.186903733859694,15.935542307693792,rental_1p5b_20260919/evaluation/checkpoint_per_model.csv,0.9625,0.86474609375,True,
haotian_1p5b_dvao_s4_save10,1.5B,dvao,4,100,59.65951147298297,99.7039230199852,73.125,99.72916666666667,4.0,74.44623371336296,45.59483715766099,91.29310780000495,rental_1p5b_20260919/evaluation/checkpoint_per_model.csv,0.9625,0.86474609375,True,
haotian_1p5b_gd2po_hard_s4_save10,1.5B,gd2po_hard,4,10,57.43893412287194,1.4063656550703183,76.04166666666667,2.0416666666666665,1.5,0.5513922821817558,44.993533596512876,1.3331415346395803,rental_1p5b_20260919/evaluation/checkpoint_per_model.csv,0.975,0.95263671875,True,
haotian_1p5b_gd2po_hard_s4_save10,1.5B,gd2po_hard,4,20,63.952627683197626,99.25980754996299,76.54166666666666,99.20833333333333,2.375,35.39537651486355,47.623098116621435,77.95450579938662,rental_1p5b_20260919/evaluation/checkpoint_per_model.csv,0.975,0.95263671875,True,
haotian_1p5b_gd2po_hard_s4_save10,1.5B,gd2po_hard,4,30,66.17320503330866,100.0,77.8125,99.875,2.375,36.41221683490414,48.78690167776955,78.7624056116347,rental_1p5b_20260919/evaluation/checkpoint_per_model.csv,0.975,0.95263671875,True,
haotian_1p5b_gd2po_hard_s4_save10,1.5B,gd2po_hard,4,40,66.17320503330866,100.0,78.70833333333334,100.0,2.5,48.635762824712685,49.127179455547335,82.87858760823757,rental_1p5b_20260919/evaluation/checkpoint_per_model.csv,0.975,0.95263671875,True,
haotian_1p5b_gd2po_hard_s4_save10,1.5B,gd2po_hard,4,50,66.69133974833457,99.9259807549963,79.54166666666667,99.875,3.6249999999999996,66.62611077409049,49.952668805000414,88.8090305096956,rental_1p5b_20260919/evaluation/checkpoint_per_model.csv,0.975,0.95263671875,True,
haotian_1p5b_gd2po_hard_s4_save10,1.5B,gd2po_hard,4,60,67.13545521835678,100.0,79.8125,100.0,5.125,70.28123143211327,50.69098507278559,90.09374381070442,rental_1p5b_20260919/evaluation/checkpoint_per_model.csv,0.975,0.95263671875,True,
haotian_1p5b_gd2po_hard_s4_save10,1.5B,gd2po_hard,4,70,67.35751295336787,100.0,79.52083333333333,100.0,5.25,76.81145181059956,50.709448762233734,92.27048393686653,rental_1p5b_20260919/evaluation/checkpoint_per_model.csv,0.975,0.95263671875,True,
haotian_1p5b_gd2po_hard_s4_save10,1.5B,gd2po_hard,4,80,62.250185048112506,99.9259807549963,77.29166666666667,100.0,3.6249999999999996,85.34645415768689,47.72228390492639,95.09081163756107,rental_1p5b_20260919/evaluation/checkpoint_per_model.csv,0.975,0.95263671875,True,
haotian_1p5b_gd2po_hard_s4_save10,1.5B,gd2po_hard,4,90,65.50703182827536,99.9259807549963,79.0,100.0,4.75,87.94100227615426,49.75234394275845,95.95566101038352,rental_1p5b_20260919/evaluation/checkpoint_per_model.csv,0.975,0.95263671875,True,
haotian_1p5b_gd2po_hard_s4_save10,1.5B,gd2po_hard,4,100,66.24722427831237,100.0,78.45833333333334,100.0,4.0,91.0142984222646,49.5685192038819,97.00476614075487,rental_1p5b_20260919/evaluation/checkpoint_per_model.csv,0.975,0.95263671875,True,
haotian_1p5b_dvao_s5_save10,1.5B,dvao,5,10,56.40266469282014,0.22205773501110287,76.72916666666666,0.0,2.125,0.011363636363636364,45.08561045316227,0.07780712379157975,rental_1p5b_20260919/evaluation/checkpoint_per_model.csv,0.0875,0.0615234375,False,step100 RLLA validation Format < 0.8
haotian_1p5b_dvao_s5_save10,1.5B,dvao,5,20,65.28497409326425,0.0,78.27083333333333,0.0,2.375,0.26536148427595796,48.643602475532525,0.08845382809198597,rental_1p5b_20260919/evaluation/checkpoint_per_model.csv,0.0875,0.0615234375,False,step100 RLLA validation Format < 0.8
haotian_1p5b_dvao_s5_save10,1.5B,dvao,5,30,66.09918578830496,0.0,79.66666666666666,0.0,2.25,0.5787300733833441,49.33861748499054,0.19291002446111472,rental_1p5b_20260919/evaluation/checkpoint_per_model.csv,0.0875,0.0615234375,False,step100 RLLA validation Format < 0.8
haotian_1p5b_dvao_s5_save10,1.5B,dvao,5,40,66.24722427831237,0.0,79.14583333333334,0.0,3.25,4.040568278513159,49.54768587054857,1.3468560928377198,rental_1p5b_20260919/evaluation/checkpoint_per_model.csv,0.0875,0.0615234375,False,step100 RLLA validation Format < 0.8
haotian_1p5b_dvao_s5_save10,1.5B,dvao,5,50,66.02516654330127,0.0,79.625,0.0,1.375,4.15383907617353,49.00838884776709,1.3846130253911766,rental_1p5b_20260919/evaluation/checkpoint_per_model.csv,0.0875,0.0615234375,False,step100 RLLA validation Format < 0.8
haotian_1p5b_dvao_s5_save10,1.5B,dvao,5,60,65.21095484826056,0.0,77.66666666666666,0.0,1.375,9.533511766407662,48.084207171642404,3.1778372554692202,rental_1p5b_20260919/evaluation/checkpoint_per_model.csv,0.0875,0.0615234375,False,step100 RLLA validation Format < 0.8
haotian_1p5b_dvao_s5_save10,1.5B,dvao,5,70,66.17320503330866,0.07401924500370095,79.22916666666666,0.0,2.875,18.222335961637587,49.42579056665844,6.09878506888043,rental_1p5b_20260919/evaluation/checkpoint_per_model.csv,0.0875,0.0615234375,False,step100 RLLA validation Format < 0.8
haotian_1p5b_dvao_s5_save10,1.5B,dvao,5,80,66.09918578830496,0.22205773501110287,80.22916666666666,0.0,2.125,22.94716630533772,49.48445081832387,7.723074680116275,rental_1p5b_20260919/evaluation/checkpoint_per_model.csv,0.0875,0.0615234375,False,step100 RLLA validation Format < 0.8
haotian_1p5b_dvao_s5_save10,1.5B,dvao,5,90,65.65507031828275,0.5921539600296076,80.02083333333333,0.0,2.125,32.341621603385235,49.26696788387203,10.977925187804948,rental_1p5b_20260919/evaluation/checkpoint_per_model.csv,0.0875,0.0615234375,False,step100 RLLA validation Format < 0.8
haotian_1p5b_dvao_s5_save10,1.5B,dvao,5,100,65.72908956328646,0.9622501850481125,79.95833333333333,0.16666666666666669,1.7500000000000002,31.97001203010125,49.1458076322066,11.032976293938674,rental_1p5b_20260919/evaluation/checkpoint_per_model.csv,0.0875,0.0615234375,False,step100 RLLA validation Format < 0.8
haotian_1p5b_gd2po_hard_s5_save10,1.5B,gd2po_hard,5,10,55.144337527757216,0.0,76.54166666666666,0.0,2.625,0.02818627450980392,44.77033473147463,0.009395424836601307,rental_1p5b_20260919/evaluation/checkpoint_per_model.csv,0.0625,0.02978515625,False,step100 RLLA validation Format < 0.8
haotian_1p5b_gd2po_hard_s5_save10,1.5B,gd2po_hard,5,20,63.13841598815693,0.0,75.27083333333333,0.0,2.75,0.8498532384368297,47.05308310716342,0.28328441281227656,rental_1p5b_20260919/evaluation/checkpoint_per_model.csv,0.0625,0.02978515625,False,step100 RLLA validation Format < 0.8
haotian_1p5b_gd2po_hard_s5_save10,1.5B,gd2po_hard,5,30,64.69282013323465,0.0,77.8125,0.0,3.0,1.2484632722297198,48.501773377744875,0.41615442407657327,rental_1p5b_20260919/evaluation/checkpoint_per_model.csv,0.0625,0.02978515625,False,step100 RLLA validation Format < 0.8
haotian_1p5b_gd2po_hard_s5_save10,1.5B,gd2po_hard,5,40,64.47076239822354,0.0,79.1875,0.0,2.125,2.5076480923539495,48.59442079940784,0.8358826974513165,rental_1p5b_20260919/evaluation/checkpoint_per_model.csv,0.0625,0.02978515625,False,step100 RLLA validation Format < 0.8
haotian_1p5b_gd2po_hard_s5_save10,1.5B,gd2po_hard,5,50,64.76683937823834,0.0,78.5,0.0,2.125,3.569977902820829,48.46394645941278,1.1899926342736096,rental_1p5b_20260919/evaluation/checkpoint_per_model.csv,0.0625,0.02978515625,False,step100 RLLA validation Format < 0.8
haotian_1p5b_gd2po_hard_s5_save10,1.5B,gd2po_hard,5,60,64.69282013323465,0.0,78.875,0.0,2.25,2.626395751853386,48.60594004441155,0.8754652506177953,rental_1p5b_20260919/evaluation/checkpoint_per_model.csv,0.0625,0.02978515625,False,step100 RLLA validation Format < 0.8
haotian_1p5b_gd2po_hard_s5_save10,1.5B,gd2po_hard,5,70,65.87712805329386,0.0,78.60416666666666,0.0,2.375,3.625201753123923,48.95209823998684,1.208400584374641,rental_1p5b_20260919/evaluation/checkpoint_per_model.csv,0.0625,0.02978515625,False,step100 RLLA validation Format < 0.8
haotian_1p5b_gd2po_hard_s5_save10,1.5B,gd2po_hard,5,80,65.21095484826056,0.0,79.0,0.0,2.25,3.7769199445647867,48.82031828275352,1.258973314854929,rental_1p5b_20260919/evaluation/checkpoint_per_model.csv,0.0625,0.02978515625,False,step100 RLLA validation Format < 0.8
haotian_1p5b_gd2po_hard_s5_save10,1.5B,gd2po_hard,5,90,64.61880088823094,0.0,78.58333333333334,0.0,2.375,4.868937396851257,48.52571140718809,1.6229791322837521,rental_1p5b_20260919/evaluation/checkpoint_per_model.csv,0.0625,0.02978515625,False,step100 RLLA validation Format < 0.8
haotian_1p5b_gd2po_hard_s5_save10,1.5B,gd2po_hard,5,100,62.62028127313102,0.0,75.3125,0.0,2.125,5.9750547786048145,46.68592709104367,1.9916849262016048,rental_1p5b_20260919/evaluation/checkpoint_per_model.csv,0.0625,0.02978515625,False,step100 RLLA validation Format < 0.8
haotian_1p5b_grpo_s0_save10,1.5B,grpo,0,10,38.34196891191709,9.622501850481125,51.29166666666667,6.458333333333334,0.8750000000000001,1.3652020986260116,30.169545192861253,5.81534576081349,rental_1p5b_20260919/evaluation/checkpoint_per_model.csv,0.9625,0.89892578125,True,
haotian_1p5b_grpo_s0_save10,1.5B,grpo,0,20,59.58549222797927,2.516654330125833,77.52083333333334,1.2083333333333333,1.125,1.7901524333509629,46.077108520437534,1.8383800322700428,rental_1p5b_20260919/evaluation/checkpoint_per_model.csv,0.9625,0.89892578125,True,
haotian_1p5b_grpo_s0_save10,1.5B,grpo,0,30,63.43449296817173,17.394522575869726,77.75,29.375,1.7500000000000002,15.844916436210104,47.64483098939058,20.871479670693276,rental_1p5b_20260919/evaluation/checkpoint_per_model.csv,0.9625,0.89892578125,True,
haotian_1p5b_grpo_s0_save10,1.5B,grpo,0,40,64.17468541820874,99.85196150999259,76.91666666666667,99.72916666666667,2.125,28.118880792990673,47.738784028291796,75.9000029898833,rental_1p5b_20260919/evaluation/checkpoint_per_model.csv,0.9625,0.89892578125,True,
haotian_1p5b_grpo_s0_save10,1.5B,grpo,0,50,65.43301258327165,99.7039230199852,77.58333333333334,99.875,3.0000000000000004,22.67313250999031,48.672115305534994,74.08401850999184,rental_1p5b_20260919/evaluation/checkpoint_per_model.csv,0.9625,0.89892578125,True,
haotian_1p5b_grpo_s0_save10,1.5B,grpo,0,60,63.13841598815693,99.85196150999259,78.1875,99.97916666666666,2.25,24.23006702167047,47.858638662718974,74.68706506610991,rental_1p5b_20260919/evaluation/checkpoint_per_model.csv,0.9625,0.89892578125,True,
haotian_1p5b_grpo_s0_save10,1.5B,grpo,0,70,63.65655070318282,99.9259807549963,78.0,100.0,3.375,27.633992536252332,48.343850234394274,75.85332443041621,rental_1p5b_20260919/evaluation/checkpoint_per_model.csv,0.9625,0.89892578125,True,
haotian_1p5b_grpo_s0_save10,1.5B,grpo,0,80,64.54478164322724,99.9259807549963,77.89583333333333,99.91666666666667,3.0,30.855329570183436,48.480204992186856,76.8993256639488,rental_1p5b_20260919/evaluation/checkpoint_per_model.csv,0.9625,0.89892578125,True,
haotian_1p5b_grpo_s0_save10,1.5B,grpo,0,90,64.84085862324204,99.9259807549963,78.97916666666667,100.0,3.4999999999999996,37.46015310479655,49.10667509663624,79.12871128659762,rental_1p5b_20260919/evaluation/checkpoint_per_model.csv,0.9625,0.89892578125,True,
haotian_1p5b_grpo_s0_save10,1.5B,grpo,0,100,63.730569948186535,99.7779422649889,78.375,100.0,2.6250000000000004,51.56623630058039,48.24352331606217,83.78139285518976,rental_1p5b_20260919/evaluation/checkpoint_per_model.csv,0.9625,0.89892578125,True,
haotian_1p5b_gdpo_s0_save10,1.5B,gdpo,0,10,53.21983715766099,1.2583271650629164,74.64583333333333,2.25,1.375,0.7258352146219793,43.0802234969981,1.4113874598949652,rental_1p5b_20260919/evaluation/checkpoint_per_model.csv,0.975,0.93359375,True,
haotian_1p5b_gdpo_s0_save10,1.5B,gdpo,0,20,64.24870466321244,9.400444115470021,79.47916666666667,11.604166666666666,1.875,4.686716560220775,48.53429044329303,8.563775780785821,rental_1p5b_20260919/evaluation/checkpoint_per_model.csv,0.975,0.93359375,True,
haotian_1p5b_gdpo_s0_save10,1.5B,gdpo,0,30,64.32272390821613,99.7039230199852,77.29166666666667,99.83333333333333,2.375,36.61190497332258,47.99646352496094,78.71638710888037,rental_1p5b_20260919/evaluation/checkpoint_per_model.csv,0.975,0.93359375,True,
haotian_1p5b_gdpo_s0_save10,1.5B,gdpo,0,40,64.10066617320503,99.9259807549963,77.41666666666667,99.875,1.7499999999999998,36.45375674597447,47.75577761329057,78.75157916699025,rental_1p5b_20260919/evaluation/checkpoint_per_model.csv,0.975,0.93359375,True,
haotian_1p5b_gdpo_s0_save10,1.5B,gdpo,0,50,67.65358993338268,99.9259807549963,79.45833333333333,100.0,2.0,53.893061297406454,49.703974422238666,84.60634735080092,rental_1p5b_20260919/evaluation/checkpoint_per_model.csv,0.975,0.93359375,True,
haotian_1p5b_gdpo_s0_save10,1.5B,gdpo,0,60,67.9496669133975,99.9259807549963,79.54166666666667,100.0,3.0000000000000004,52.450646342898544,50.16377786002138,84.12554236596495,rental_1p5b_20260919/evaluation/checkpoint_per_model.csv,0.975,0.93359375,True,
haotian_1p5b_gdpo_s0_save10,1.5B,gdpo,0,70,67.87564766839378,99.9259807549963,79.79166666666666,99.875,3.25,60.76262479206079,50.30577144502014,86.85453518235236,rental_1p5b_20260919/evaluation/checkpoint_per_model.csv,0.975,0.93359375,True,
haotian_1p5b_gdpo_s0_save10,1.5B,gdpo,0,80,68.39378238341969,100.0,80.1875,99.875,3.6249999999999996,74.24547170147582,50.73542746113989,91.37349056715861,rental_1p5b_20260919/evaluation/checkpoint_per_model.csv,0.975,0.93359375,True,
haotian_1p5b_gdpo_s0_save10,1.5B,gdpo,0,90,68.39378238341969,100.0,80.08333333333333,100.0,4.625,77.90673290011313,51.034038572251006,92.63557763337104,rental_1p5b_20260919/evaluation/checkpoint_per_model.csv,0.975,0.93359375,True,
haotian_1p5b_gdpo_s0_save10,1.5B,gdpo,0,100,68.6158401184308,99.9259807549963,80.75,100.0,3.75,90.20074434193606,51.03861337281026,96.70890836564412,rental_1p5b_20260919/evaluation/checkpoint_per_model.csv,0.975,0.93359375,True,
haotian_1p5b_dara_s0_save10,1.5B,dara,0,10,52.47964470762398,92.3019985196151,72.91666666666666,96.41666666666666,1.5,28.485626835465954,42.29877045809688,72.40143067391591,rental_1p5b_20260919/evaluation/checkpoint_per_model.csv,0.975,0.9375,True,
haotian_1p5b_dara_s0_save10,1.5B,dara,0,20,63.06439674315322,99.85196150999259,77.75,99.75,1.5,34.98851819756463,47.43813224771774,78.19682656918575,rental_1p5b_20260919/evaluation/checkpoint_per_model.csv,0.975,0.9375,True,
haotian_1p5b_dara_s0_save10,1.5B,dara,0,30,65.13693560325684,99.7779422649889,78.35416666666666,100.0,3.6249999999999996,62.62985874512385,49.03870075664117,87.46926700337092,rental_1p5b_20260919/evaluation/checkpoint_per_model.csv,0.975,0.9375,True,
haotian_1p5b_dara_s0_save10,1.5B,dara,0,40,66.02516654330127,99.9259807549963,78.4375,100.0,3.375,71.29683602416095,49.27922218110042,90.40760559305242,rental_1p5b_20260919/evaluation/checkpoint_per_model.csv,0.975,0.9375,True,
haotian_1p5b_dara_s0_save10,1.5B,dara,0,50,66.54330125832718,99.9259807549963,79.39583333333333,100.0,4.25,83.63309226217986,50.06304486388683,94.51969100572539,rental_1p5b_20260919/evaluation/checkpoint_per_model.csv,0.975,0.9375,True,
haotian_1p5b_dara_s0_save10,1.5B,dara,0,60,67.43153219837158,100.0,79.83333333333333,100.0,4.5,87.64091705426758,50.588288510568304,95.88030568475587,rental_1p5b_20260919/evaluation/checkpoint_per_model.csv,0.975,0.9375,True,
haotian_1p5b_dara_s0_save10,1.5B,dara,0,70,68.76387860843819,100.0,80.0,100.0,5.125,85.57935420533398,51.2962928694794,95.19311806844466,rental_1p5b_20260919/evaluation/checkpoint_per_model.csv,0.975,0.9375,True,
haotian_1p5b_dara_s0_save10,1.5B,dara,0,80,68.6158401184308,100.0,79.45833333333333,100.0,5.125,93.81005986988818,51.06639115058804,97.93668662329605,rental_1p5b_20260919/evaluation/checkpoint_per_model.csv,0.975,0.9375,True,
haotian_1p5b_dara_s0_save10,1.5B,dara,0,90,68.02368615840119,99.9259807549963,80.4375,100.0,5.0,93.61595367647976,51.15372871946706,97.8473114771587,rental_1p5b_20260919/evaluation/checkpoint_per_model.csv,0.975,0.9375,True,
haotian_1p5b_dara_s0_save10,1.5B,dara,0,100,67.87564766839378,99.9259807549963,80.375,100.0,4.75,90.69749692547704,51.0002158894646,96.87449256015778,rental_1p5b_20260919/evaluation/checkpoint_per_model.csv,0.975,0.9375,True,
haotian_1p5b_grpo_s2_save10,1.5B,grpo,2,10,45.29977794226499,4.66321243523316,55.5625,1.8541666666666665,0.375,0.8886994949494951,33.74575931408833,2.4686928656164406,rental_1p5b_20260919/evaluation/checkpoint_per_model.csv,0.9375,0.87255859375,True,
haotian_1p5b_grpo_s2_save10,1.5B,grpo,2,20,60.399703923019985,1.3323464100666174,77.66666666666666,0.4166666666666667,1.625,0.6378965313068574,46.563790196562216,0.7956365360133805,rental_1p5b_20260919/evaluation/checkpoint_per_model.csv,0.9375,0.87255859375,True,
haotian_1p5b_grpo_s2_save10,1.5B,grpo,2,30,64.17468541820874,77.0540340488527,75.95833333333333,90.22916666666666,2.625,23.57733323739297,47.58600625051402,63.620177984304114,rental_1p5b_20260919/evaluation/checkpoint_per_model.csv,0.9375,0.87255859375,True,
haotian_1p5b_grpo_s2_save10,1.5B,grpo,2,40,64.24870466321244,99.9259807549963,75.85416666666667,99.72916666666667,2.0,25.180067382969433,47.36762377662637,74.94507160154413,rental_1p5b_20260919/evaluation/checkpoint_per_model.csv,0.9375,0.87255859375,True,
haotian_1p5b_grpo_s2_save10,1.5B,grpo,2,50,62.99037749814952,99.7039230199852,76.875,99.41666666666666,2.0,22.687495318660822,47.28845916604984,73.93602833510423,rental_1p5b_20260919/evaluation/checkpoint_per_model.csv,0.9375,0.87255859375,True,
haotian_1p5b_grpo_s2_save10,1.5B,grpo,2,60,63.13841598815693,99.6299037749815,77.27083333333333,99.79166666666667,2.25,25.5744756812802,47.55308310716342,74.99868204097612,rental_1p5b_20260919/evaluation/checkpoint_per_model.csv,0.9375,0.87255859375,True,
haotian_1p5b_grpo_s2_save10,1.5B,grpo,2,70,64.76683937823834,99.9259807549963,77.9375,99.875,2.625,26.618260920813597,48.443113126079446,75.4730805586033,rental_1p5b_20260919/evaluation/checkpoint_per_model.csv,0.9375,0.87255859375,True,
haotian_1p5b_grpo_s2_save10,1.5B,grpo,2,80,65.35899333826795,99.9259807549963,77.41666666666667,100.0,3.4999999999999996,23.3932765668522,48.7585533349782,74.43975244061618,rental_1p5b_20260919/evaluation/checkpoint_per_model.csv,0.9375,0.87255859375,True,
haotian_1p5b_grpo_s2_save10,1.5B,grpo,2,90,64.76683937823834,99.7779422649889,78.54166666666667,100.0,2.375,31.06379268817757,48.561168681635,76.94724498438882,rental_1p5b_20260919/evaluation/checkpoint_per_model.csv,0.9375,0.87255859375,True,
haotian_1p5b_grpo_s2_save10,1.5B,grpo,2,100,64.54478164322724,99.85196150999259,78.79166666666666,100.0,1.7500000000000002,35.48118703322428,48.3621494366313,78.44438284773896,rental_1p5b_20260919/evaluation/checkpoint_per_model.csv,0.9375,0.87255859375,True,
haotian_1p5b_gdpo_s1_save10,1.5B,gdpo,1,10,58.40118430792006,1.4063656550703183,77.0625,2.25,1.5,0.4936189906584644,45.654561435973356,1.3833282152429276,rental_1p5b_20260919/evaluation/checkpoint_per_model.csv,0.975,0.943359375,True,
haotian_1p5b_gdpo_s1_save10,1.5B,gdpo,1,20,63.36047372316802,99.6299037749815,76.9375,98.875,3.375,32.23426700870873,47.89099124105601,76.91305692789673,rental_1p5b_20260919/evaluation/checkpoint_per_model.csv,0.975,0.943359375,True,
haotian_1p5b_gdpo_s1_save10,1.5B,gdpo,1,30,64.54478164322724,100.0,78.27083333333333,100.0,1.625,35.53490545883087,48.14687165885353,78.51163515294363,rental_1p5b_20260919/evaluation/checkpoint_per_model.csv,0.975,0.943359375,True,
haotian_1p5b_gdpo_s1_save10,1.5B,gdpo,1,40,65.95114729829756,99.85196150999259,79.95833333333333,100.0,2.75,59.11548291723583,49.55316021054363,86.3224814757428,rental_1p5b_20260919/evaluation/checkpoint_per_model.csv,0.975,0.943359375,True,
haotian_1p5b_gdpo_s1_save10,1.5B,gdpo,1,50,68.17172464840858,100.0,79.72916666666667,100.0,3.375,64.44195139771767,50.42529710502508,88.14731713257255,rental_1p5b_20260919/evaluation/checkpoint_per_model.csv,0.975,0.943359375,True,
haotian_1p5b_gdpo_s1_save10,1.5B,gdpo,1,60,68.46780162842339,100.0,80.14583333333334,100.0,3.875,76.10281555268303,50.82954498725224,92.03427185089434,rental_1p5b_20260919/evaluation/checkpoint_per_model.csv,0.975,0.943359375,True,
haotian_1p5b_gdpo_s1_save10,1.5B,gdpo,1,70,68.6898593634345,100.0,80.04166666666667,100.0,5.500000000000001,92.0359546401275,51.41050867670038,97.34531821337583,rental_1p5b_20260919/evaluation/checkpoint_per_model.csv,0.975,0.943359375,True,
haotian_1p5b_gdpo_s1_save10,1.5B,gdpo,1,80,68.46780162842339,99.9259807549963,79.29166666666667,100.0,4.5,90.62798757025831,50.75315609836335,96.85132277508487,rental_1p5b_20260919/evaluation/checkpoint_per_model.csv,0.975,0.943359375,True,
haotian_1p5b_gdpo_s1_save10,1.5B,gdpo,1,90,69.43005181347151,100.0,80.8125,100.0,5.5,89.8502626711794,51.914183937823836,96.61675422372646,rental_1p5b_20260919/evaluation/checkpoint_per_model.csv,0.975,0.943359375,True,
haotian_1p5b_gdpo_s1_save10,1.5B,gdpo,1,100,68.5418208734271,100.0,79.5,100.0,5.75,88.48114532083538,51.26394029114236,96.16038177361179,rental_1p5b_20260919/evaluation/checkpoint_per_model.csv,0.975,0.943359375,True,
haotian_1p5b_dara_s1_save10,1.5B,dara,1,10,49.592894152479644,92.8941524796447,71.41666666666666,97.08333333333333,1.875,28.705446856941553,40.96152027304877,72.8943108899732,rental_1p5b_20260919/evaluation/checkpoint_per_model.csv,0.975,0.9462890625,True,
haotian_1p5b_dara_s1_save10,1.5B,dara,1,20,63.43449296817173,100.0,77.72916666666667,99.875,1.25,34.26829576146771,47.47121987827947,78.04776525382258,rental_1p5b_20260919/evaluation/checkpoint_per_model.csv,0.975,0.9462890625,True,
haotian_1p5b_dara_s1_save10,1.5B,dara,1,30,65.50703182827536,100.0,77.58333333333334,99.875,2.625,62.91200333002034,48.57178838720289,87.59566777667345,rental_1p5b_20260919/evaluation/checkpoint_per_model.csv,0.975,0.9462890625,True,
haotian_1p5b_dara_s1_save10,1.5B,dara,1,40,67.06143597335307,100.0,78.77083333333333,100.0,3.125,83.46260205147544,49.6524231022288,94.48753401715848,rental_1p5b_20260919/evaluation/checkpoint_per_model.csv,0.975,0.9462890625,True,
haotian_1p5b_dara_s1_save10,1.5B,dara,1,50,67.87564766839378,99.7779422649889,79.83333333333333,100.0,4.25,90.89259485255607,50.65299366724238,96.89017903918166,rental_1p5b_20260919/evaluation/checkpoint_per_model.csv,0.975,0.9462890625,True,
haotian_1p5b_dara_s1_save10,1.5B,dara,1,60,68.76387860843819,100.0,80.0625,100.0,4.75,91.91554361928998,51.19212620281273,97.30518120642999,rental_1p5b_20260919/evaluation/checkpoint_per_model.csv,0.975,0.9462890625,True,
haotian_1p5b_dara_s1_save10,1.5B,dara,1,70,69.059955588453,100.0,80.25,100.0,5.75,95.26292486172181,51.68665186281767,98.42097495390728,rental_1p5b_20260919/evaluation/checkpoint_per_model.csv,0.975,0.9462890625,True,
haotian_1p5b_dara_s1_save10,1.5B,dara,1,80,69.059955588453,100.0,79.9375,100.0,4.625,92.66721620331342,51.20748519615099,97.5557387344378,rental_1p5b_20260919/evaluation/checkpoint_per_model.csv,0.975,0.9462890625,True,
haotian_1p5b_dara_s1_save10,1.5B,dara,1,90,68.8378978534419,100.0,80.79166666666666,100.0,5.375,94.01239826525845,51.66818817336952,98.00413275508615,rental_1p5b_20260919/evaluation/checkpoint_per_model.csv,0.975,0.9462890625,True,
haotian_1p5b_dara_s1_save10,1.5B,dara,1,100,69.059955588453,100.0,81.60416666666667,100.0,4.75,95.4330576046565,51.80470741837322,98.47768586821883,rental_1p5b_20260919/evaluation/checkpoint_per_model.csv,0.975,0.9462890625,True,
haotian_1p5b_grpo_s5_save10,1.5B,grpo,5,10,49.592894152479644,1.924500370096225,67.41666666666667,0.9166666666666666,0.8750000000000001,0.5806051587301587,39.294853606382105,1.140590731831017,rental_1p5b_20260919/evaluation/checkpoint_per_model.csv,0.925,0.89794921875,True,
haotian_1p5b_grpo_s5_save10,1.5B,grpo,5,20,61.213915618060696,0.8882309400444115,78.22916666666666,0.125,2.125,0.3625568875568876,47.18936076157579,0.45859594253376634,rental_1p5b_20260919/evaluation/checkpoint_per_model.csv,0.925,0.89794921875,True,
haotian_1p5b_grpo_s5_save10,1.5B,grpo,5,30,62.54626202812731,4.219096965210955,77.14583333333334,4.833333333333333,2.125,3.803878054901211,47.27236512048688,4.285436117815166,rental_1p5b_20260919/evaluation/checkpoint_per_model.csv,0.925,0.89794921875,True,
haotian_1p5b_grpo_s5_save10,1.5B,grpo,5,40,61.5099925980755,99.48186528497409,74.79166666666667,98.625,2.6250000000000004,33.98158636610777,46.30888642158072,77.36281721702728,rental_1p5b_20260919/evaluation/checkpoint_per_model.csv,0.925,0.89794921875,True,
haotian_1p5b_grpo_s5_save10,1.5B,grpo,5,50,63.730569948186535,99.48186528497409,77.41666666666667,99.5625,2.875,30.580512426145972,48.007412204951066,76.54162590370669,rental_1p5b_20260919/evaluation/checkpoint_per_model.csv,0.925,0.89794921875,True,
haotian_1p5b_grpo_s5_save10,1.5B,grpo,5,60,63.50851221317543,99.85196150999259,76.70833333333333,99.875,2.6250000000000004,23.623999438663507,47.61394851550292,74.4503203162187,rental_1p5b_20260919/evaluation/checkpoint_per_model.csv,0.925,0.89794921875,True,
haotian_1p5b_grpo_s5_save10,1.5B,grpo,5,70,63.65655070318282,99.85196150999259,76.1875,99.75,3.5000000000000004,23.953073594005833,47.78135023439427,74.51834503466614,rental_1p5b_20260919/evaluation/checkpoint_per_model.csv,0.925,0.89794921875,True,
haotian_1p5b_grpo_s5_save10,1.5B,grpo,5,80,65.28497409326425,99.85196150999259,77.3125,99.79166666666667,3.375,34.891664995743554,48.65749136442142,78.1784310574676,rental_1p5b_20260919/evaluation/checkpoint_per_model.csv,0.925,0.89794921875,True,
haotian_1p5b_grpo_s5_save10,1.5B,grpo,5,90,61.5840118430792,99.7779422649889,77.22916666666666,99.875,2.875,30.54504555907146,47.22939283658195,76.73266260802012,rental_1p5b_20260919/evaluation/checkpoint_per_model.csv,0.925,0.89794921875,True,
haotian_1p5b_grpo_s5_save10,1.5B,grpo,5,100,64.17468541820874,99.9259807549963,77.58333333333334,100.0,2.875,32.82273820771975,48.21100625051402,77.58290632090535,rental_1p5b_20260919/evaluation/checkpoint_per_model.csv,0.925,0.89794921875,True,
haotian_1p5b_gdpo_s5_save10,1.5B,gdpo,5,10,60.84381939304219,0.0,78.02083333333333,0.0,2.25,0.0,47.03821757545851,0.0,rental_1p5b_20260919/evaluation/checkpoint_per_model.csv,0.0875,0.0859375,False,step100 RLLA validation Format < 0.8
haotian_1p5b_gdpo_s5_save10,1.5B,gdpo,5,20,64.32272390821613,0.0,78.20833333333333,0.0,2.75,0.0,48.427019080516494,0.0,rental_1p5b_20260919/evaluation/checkpoint_per_model.csv,0.0875,0.0859375,False,step100 RLLA validation Format < 0.8
haotian_1p5b_gdpo_s5_save10,1.5B,gdpo,5,30,64.47076239822354,0.0,79.54166666666667,0.0,2.375,0.43636885721347796,48.79580968829673,0.14545628573782599,rental_1p5b_20260919/evaluation/checkpoint_per_model.csv,0.0875,0.0859375,False,step100 RLLA validation Format < 0.8
haotian_1p5b_gdpo_s5_save10,1.5B,gdpo,5,40,65.80310880829016,0.0,79.64583333333333,0.0,2.375,1.99341088770689,49.27464738054116,0.6644702959022967,rental_1p5b_20260919/evaluation/checkpoint_per_model.csv,0.0875,0.0859375,False,step100 RLLA validation Format < 0.8
haotian_1p5b_gdpo_s5_save10,1.5B,gdpo,5,50,65.06291635825315,0.0,80.1875,0.0,2.0,4.216110887862666,49.08347211941771,1.4053702959542218,rental_1p5b_20260919/evaluation/checkpoint_per_model.csv,0.0875,0.0859375,False,step100 RLLA validation Format < 0.8
haotian_1p5b_gdpo_s5_save10,1.5B,gdpo,5,60,66.69133974833457,0.07401924500370095,80.60416666666667,0.0,2.375,13.986354729696862,49.890168805000414,4.686791324900188,rental_1p5b_20260919/evaluation/checkpoint_per_model.csv,0.0875,0.0859375,False,step100 RLLA validation Format < 0.8
haotian_1p5b_gdpo_s5_save10,1.5B,gdpo,5,70,66.17320503330866,0.07401924500370095,79.85416666666667,0.0,2.375,21.569743945461894,49.467457233325106,7.214587730155199,rental_1p5b_20260919/evaluation/checkpoint_per_model.csv,0.0875,0.0859375,False,step100 RLLA validation Format < 0.8
haotian_1p5b_gdpo_s5_save10,1.5B,gdpo,5,80,66.46928201332346,0.0,81.0625,0.0,3.375,28.08781150577105,50.302260671107824,9.362603835257016,rental_1p5b_20260919/evaluation/checkpoint_per_model.csv,0.0875,0.0859375,False,step100 RLLA validation Format < 0.8
haotian_1p5b_gdpo_s5_save10,1.5B,gdpo,5,90,66.98741672834937,0.07401924500370095,80.8125,0.0,2.75,46.08997071567473,50.18330557611645,15.387996653559476,rental_1p5b_20260919/evaluation/checkpoint_per_model.csv,0.0875,0.0859375,False,step100 RLLA validation Format < 0.8
haotian_1p5b_gdpo_s5_save10,1.5B,gdpo,5,100,66.17320503330866,0.8882309400444115,81.08333333333333,0.125,2.875,62.0779483296621,50.043846122214,21.030393089902173,rental_1p5b_20260919/evaluation/checkpoint_per_model.csv,0.0875,0.0859375,False,step100 RLLA validation Format < 0.8
haotian_1p5b_dara_s2_save10,1.5B,dara,2,10,50.259067357512954,95.26276831976314,71.58333333333333,97.58333333333333,2.125,29.539879463325768,41.32246689694876,74.12866037214074,rental_1p5b_20260919/evaluation/checkpoint_per_model.csv,0.975,0.92724609375,True,
haotian_1p5b_dara_s2_save10,1.5B,dara,2,20,63.28645447816432,99.9259807549963,76.54166666666666,100.0,1.625,34.682572756410444,47.15104038161033,78.20285117046892,rental_1p5b_20260919/evaluation/checkpoint_per_model.csv,0.975,0.92724609375,True,
haotian_1p5b_dara_s2_save10,1.5B,dara,2,30,64.47076239822354,99.9259807549963,77.8125,100.0,2.25,50.77945432623846,48.17775413274118,83.56847836041159,rental_1p5b_20260919/evaluation/checkpoint_per_model.csv,0.975,0.92724609375,True,
haotian_1p5b_dara_s2_save10,1.5B,dara,2,40,65.72908956328646,99.9259807549963,78.41666666666667,100.0,2.375,80.85960676708194,48.84025207665104,93.59519584069275,rental_1p5b_20260919/evaluation/checkpoint_per_model.csv,0.975,0.92724609375,True,
haotian_1p5b_dara_s2_save10,1.5B,dara,2,50,66.69133974833457,99.9259807549963,79.75,99.875,4.375,71.61009536426839,50.27211324944485,90.47035870642156,rental_1p5b_20260919/evaluation/checkpoint_per_model.csv,0.975,0.92724609375,True,
haotian_1p5b_dara_s2_save10,1.5B,dara,2,60,68.9119170984456,99.9259807549963,79.625,100.0,4.625,85.01504326663168,51.053972366148535,94.98034134054267,rental_1p5b_20260919/evaluation/checkpoint_per_model.csv,0.975,0.92724609375,True,
haotian_1p5b_dara_s2_save10,1.5B,dara,2,70,68.6898593634345,100.0,79.39583333333333,100.0,4.875,91.1802848426656,50.986897565589274,97.0600949475552,rental_1p5b_20260919/evaluation/checkpoint_per_model.csv,0.975,0.92724609375,True,
haotian_1p5b_dara_s2_save10,1.5B,dara,2,80,68.39378238341969,100.0,80.54166666666667,100.0,4.25,88.88227158036956,51.061816350028785,96.29409052678986,rental_1p5b_20260919/evaluation/checkpoint_per_model.csv,0.975,0.92724609375,True,
haotian_1p5b_dara_s2_save10,1.5B,dara,2,90,67.87564766839378,99.9259807549963,81.16666666666667,100.0,4.25,91.07274961342118,51.09743811168681,96.9995767894725,rental_1p5b_20260919/evaluation/checkpoint_per_model.csv,0.975,0.92724609375,True,
haotian_1p5b_dara_s2_save10,1.5B,dara,2,100,68.6898593634345,99.85196150999259,79.77083333333333,100.0,5.0,92.28243151016852,51.153564232255945,97.37813100672037,rental_1p5b_20260919/evaluation/checkpoint_per_model.csv,0.975,0.92724609375,True,
haotian_1p5b_gd2po_hard_s0_save10,1.5B,gd2po_hard,0,10,55.662472242783124,0.1480384900074019,76.47916666666667,0.16666666666666669,1.5,0.0,44.5472129698166,0.1049017188913562,rental_1p5b_20260919/evaluation/checkpoint_per_model.csv,0.975,0.9267578125,True,
haotian_1p5b_gd2po_hard_s0_save10,1.5B,gd2po_hard,0,20,63.13841598815693,0.0,76.75,0.0,2.375,0.13459821428571428,47.421138662718974,0.04486607142857143,rental_1p5b_20260919/evaluation/checkpoint_per_model.csv,0.975,0.9267578125,True,
haotian_1p5b_gd2po_hard_s0_save10,1.5B,gd2po_hard,0,30,64.84085862324204,0.0,76.72916666666667,0.0,2.375,0.2914263237472956,47.98167509663624,0.0971421079157652,rental_1p5b_20260919/evaluation/checkpoint_per_model.csv,0.975,0.9267578125,True,
haotian_1p5b_gd2po_hard_s0_save10,1.5B,gd2po_hard,0,40,65.28497409326425,0.0,78.85416666666667,0.0,2.75,1.288443875368776,48.963046919976975,0.429481291789592,rental_1p5b_20260919/evaluation/checkpoint_per_model.csv,0.975,0.9267578125,True,
haotian_1p5b_gd2po_hard_s0_save10,1.5B,gd2po_hard,0,50,65.80310880829016,0.0,79.41666666666667,0.0,2.125,2.6043306424398107,49.11492515831894,0.8681102141466035,rental_1p5b_20260919/evaluation/checkpoint_per_model.csv,0.975,0.9267578125,True,
haotian_1p5b_gd2po_hard_s0_save10,1.5B,gd2po_hard,0,60,65.21095484826056,3.4048852701702446,80.0625,1.3958333333333333,2.6250000000000004,19.562761757053053,49.29948494942018,8.121160120185543,rental_1p5b_20260919/evaluation/checkpoint_per_model.csv,0.975,0.9267578125,True,
haotian_1p5b_gd2po_hard_s0_save10,1.5B,gd2po_hard,0,70,67.28349370836418,100.0,77.95833333333333,99.5,3.5000000000000004,67.04772840416034,49.58060901389917,88.84924280138678,rental_1p5b_20260919/evaluation/checkpoint_per_model.csv,0.975,0.9267578125,True,
haotian_1p5b_gd2po_hard_s0_save10,1.5B,gd2po_hard,0,80,69.1339748334567,100.0,79.52083333333333,99.875,4.375,71.10003747186312,51.00993605559667,90.32501249062103,rental_1p5b_20260919/evaluation/checkpoint_per_model.csv,0.975,0.9267578125,True,
haotian_1p5b_gd2po_hard_s0_save10,1.5B,gd2po_hard,0,90,68.17172464840858,99.9259807549963,80.9375,99.875,4.75,73.65937555055496,51.286408216136195,91.15345210185042,rental_1p5b_20260919/evaluation/checkpoint_per_model.csv,0.975,0.9267578125,True,
haotian_1p5b_gd2po_hard_s0_save10,1.5B,gd2po_hard,0,100,69.80014803849001,99.9259807549963,79.8125,100.0,4.375,75.52217272776792,51.32921601283,91.8160511609214,rental_1p5b_20260919/evaluation/checkpoint_per_model.csv,0.975,0.9267578125,True,
haotian_1p5b_dvao_s3_save10,1.5B,dvao,3,10,57.735011102886745,0.07401924500370095,77.75,0.0,1.875,0.0,45.786670367628915,0.024673081667900318,rental_1p5b_20260919/evaluation/checkpoint_per_model.csv,0.975,0.947265625,True,
haotian_1p5b_dvao_s3_save10,1.5B,dvao,3,20,65.72908956328646,0.0,78.8125,0.0,3.6249999999999996,0.2785204542189836,49.38886318776215,0.09284015140632787,rental_1p5b_20260919/evaluation/checkpoint_per_model.csv,0.975,0.947265625,True,
haotian_1p5b_dvao_s3_save10,1.5B,dvao,3,30,65.21095484826056,4.885270170244263,80.35416666666666,7.75,3.0,2.2444056987026517,49.521707171642404,4.959891956315639,rental_1p5b_20260919/evaluation/checkpoint_per_model.csv,0.975,0.947265625,True,
haotian_1p5b_dvao_s3_save10,1.5B,dvao,3,40,66.54330125832718,99.7779422649889,78.3125,99.54166666666666,2.25,46.946269134824234,49.03526708610906,82.08862602215993,rental_1p5b_20260919/evaluation/checkpoint_per_model.csv,0.975,0.947265625,True,
haotian_1p5b_dvao_s3_save10,1.5B,dvao,3,50,67.65358993338268,99.48186528497409,78.6875,100.0,2.125,50.415194897402046,49.48869664446089,83.29902006079205,rental_1p5b_20260919/evaluation/checkpoint_per_model.csv,0.975,0.947265625,True,
haotian_1p5b_dvao_s3_save10,1.5B,dvao,3,60,68.09770540340489,99.85196150999259,79.54166666666667,100.0,2.25,57.03761163522083,49.96312402335719,85.62985771507114,rental_1p5b_20260919/evaluation/checkpoint_per_model.csv,0.975,0.947265625,True,
haotian_1p5b_dvao_s3_save10,1.5B,dvao,3,70,68.02368615840119,100.0,80.14583333333334,100.0,3.875,73.70088821728399,50.68150649724485,91.23362940576133,rental_1p5b_20260919/evaluation/checkpoint_per_model.csv,0.975,0.947265625,True,
haotian_1p5b_dvao_s3_save10,1.5B,dvao,3,80,66.98741672834937,99.9259807549963,81.10416666666667,100.0,4.0,80.18500761178409,50.697194465005346,93.37032945559346,rental_1p5b_20260919/evaluation/checkpoint_per_model.csv,0.975,0.947265625,True,
haotian_1p5b_dvao_s3_save10,1.5B,dvao,3,90,65.58105107327906,99.9259807549963,80.0625,100.0,4.5,83.17511824106819,50.047850357759685,94.36703299868816,rental_1p5b_20260919/evaluation/checkpoint_per_model.csv,0.975,0.947265625,True,
haotian_1p5b_dvao_s3_save10,1.5B,dvao,3,100,63.06439674315322,99.9259807549963,77.16666666666667,100.0,4.5,84.00431051854767,48.243687803273296,94.64343042451466,rental_1p5b_20260919/evaluation/checkpoint_per_model.csv,0.975,0.947265625,True,
