step,val/test_score/rlla,val/test_format/rlla,val/test_correctness/rlla,val/test_length/rlla,global_seqlen/min,global_seqlen/max,global_seqlen/minmax_diff,global_seqlen/balanced_min,global_seqlen/balanced_max,global_seqlen/mean,critic/kl,critic/kl_coeff,actor/entropy_loss,actor/pg_loss,actor/pg_clipfrac,actor/ppo_kl,actor/grad_norm,mfu/actor,actor/lr,critic/score/mean,critic/score/max,critic/score/min,critic/format_score/mean,critic/format_score/max,critic/format_score/min,critic/correctness_score/mean,critic/correctness_score/max,critic/correctness_score/min,critic/length_score/mean,critic/length_score/max,critic/length_score/min,critic/rewards/mean,critic/rewards/max,critic/rewards/min,critic/advantages/mean,critic/advantages/var,critic/advantages/max,critic/advantages/min,critic/returns/mean,critic/returns/max,critic/returns/min,response_length/mean,response_length/max,response_length/min,response_length/clip_ratio,prompt_length/mean,prompt_length/max,prompt_length/min,prompt_length/clip_ratio,timing_s/gen,timing_s/ref,timing_s/adv,timing_s/update_actor,timing_s/step,timing_per_token_ms/ref,timing_per_token_ms/adv,timing_per_token_ms/gen,timing_per_token_ms/update_actor,timing_s/testing,timing_s/save_checkpoint
0,-2.51875,0.025,-2.54375,0.0,,,,,,,,,,,,,,,,,,,,,,,,,,,,,,,,,,,,,,,,,,,,,,,,,,,,,,,,
1,,,,,444328,459850,15522,452100,452101,452100.25,2.1220272174105048e-05,0.001,0.6839602710679173,-0.0009108885715249926,0.0,0.0,1.9045298993587494,0.3469599050370429,1e-06,-2.462324619293213,4.0,-3.0,0.0068359375,1.0,0.0,-2.469160556793213,3.0,-3.0,0.0,0.0,0.0,-2.4620368480682373,3.9999961853027344,-3.0016226768493652,-0.003618559567257762,0.13782335817813873,1.732051134109497,-1.605910062789917,-0.003618559567257762,1.732051134109497,-1.605910062789917,117.90673828125,1024.0,1.0,0.00341796875,765.1015625,2048.0,420.0,0.00390625,40.95845706399996,11.518570623000414,1.11842591399909,47.125641917000394,100.82548650899844,0.0063694781317862655,0.0006184612339846582,0.16961919992711383,0.02605928768951156,,
2,,,,,442079,465187,23108,449130,449131,449130.5,-0.0006095208809711039,0.001,0.5508348455031713,-0.01648405387531966,0.0003709493020627027,0.00026219089058182967,23.793145835399628,0.3878990893461107,1e-06,-2.4093832969665527,4.0,-3.0,0.0048828125,1.0,0.0,-2.4142661094665527,3.0,-3.0,0.0,0.0,0.0,-2.408524751663208,4.00032901763916,-3.002441644668579,-0.004236497450619936,0.13321445882320404,1.732051134109497,-1.732050895690918,-0.004236497450619936,1.732051134109497,-1.732050895690918,118.5751953125,1024.0,1.0,0.00439453125,758.6328125,2048.0,389.0,0.001953125,44.84444893,11.63397547599925,1.118379448000269,41.88420020100057,99.58887117599988,0.006475832456267861,0.000622524771753571,0.1846651276550185,0.02331404803336701,,
3,,,,,453714,467910,14196,461132,461132,461132.0,0.011806000024080276,0.001,0.5717910047500364,-0.0034295598705930096,0.002380767874720116,0.00223651324256113,31.406683087348938,0.39125375774458365,1e-06,-2.1440227031707764,4.0,-3.0,0.0048828125,1.0,0.0,-2.1489055156707764,3.0,-3.0,0.0,0.0,0.0,-2.143611431121826,4.000239372253418,-3.0028350353240967,-0.004736838862299919,0.28431394696235657,1.732050895690918,-1.732050895690918,-0.004736838862299919,1.732050895690918,-1.732050895690918,112.416015625,1024.0,1.0,0.0048828125,788.232421875,2048.0,407.0,0.00390625,45.96743814399997,12.731851975999234,1.205297258000428,42.734010139998645,102.74509573099931,0.006902498620784956,0.0006534448151507746,0.19966050238893607,0.023167992104212377,,
4,,,,,444304,457661,13357,453310,453310,453310.0,0.0511457622051239,0.001,0.5953528510947381,0.01340828406354112,0.003357154728409143,0.0012584491759621268,43.310354351997375,0.3931676568436471,1e-06,-1.4006187915802002,4.0,-3.0,0.00732421875,1.0,0.0,-1.4079430103302002,3.0,-3.0,0.0,0.0,0.0,-1.4017162322998047,4.000478744506836,-3.0294981002807617,-0.005566815380007029,0.535838782787323,1.732051134109497,-1.732050895690918,-0.005566815380007029,1.732051134109497,-1.732050895690918,103.87109375,1024.0,1.0,0.00439453125,781.5,2048.0,399.0,0.009765625,43.46621918500023,11.383419969000897,1.216771057999722,41.76344709299883,97.958534065001,0.006277944435927344,0.0006710479903375846,0.20432768222801054,0.023032498231342145,,
5,,,,,439287,451496,12209,445495,445496,445495.25,0.09425292909145355,0.001,0.43544623736412297,-0.011354296806178266,0.003978280666013879,0.008736333098978878,4.101707816123962,0.3875257888690605,1e-06,-0.18085022270679474,4.0,-3.0,0.005859375,1.0,0.0,-0.18670959770679474,3.0,-3.0,0.0,0.0,0.0,-0.18149079382419586,4.0034074783325195,-3.008971691131592,0.013117922469973564,0.7196872234344482,1.7320520877838135,-1.7320512533187866,0.013117922469973564,1.7320520877838135,-1.7320512533187866,92.05517578125,1024.0,1.0,0.001953125,778.052734375,2048.0,393.0,0.005859375,39.99302247700143,11.719918128001154,1.1619197969994275,41.561346952999884,94.5317269219995,0.006576904090448301,0.0006520382635950818,0.21213193979176376,0.0233231145298406,,
6,,,,,423726,427660,3934,425969,425970,425969.75,0.13308677077293396,0.001,0.4363513471824782,-0.08083387244758862,0.0015637285957512046,0.013241648941012889,72.6320248246193,0.38283623764517394,1e-06,0.522145688533783,4.0,-3.0,0.00390625,1.0,0.0,0.518239438533783,3.0,-3.0,0.0,0.0,0.0,0.5205528140068054,4.659158706665039,-3.01401424407959,0.009348194114863873,0.7452475428581238,1.7320516109466553,-1.7320520877838135,0.009348194114863873,1.7320516109466553,-1.7320520877838135,90.75732421875,1024.0,1.0,0.0048828125,741.21484375,2048.0,418.0,0.001953125,34.472404280000774,11.257920691001345,1.158294457998636,40.15272017299867,87.1373535340008,0.006607230144277466,0.0006797985408580281,0.18546413523358013,0.023565476288515012,,
7,,,,,419876,469138,49262,434890,434891,434890.5,0.11021068692207336,0.001,0.3631570652641099,-0.019561663711572003,0.0013910439126354095,0.0002127537005309995,20.67509090900421,0.3788786468068711,1e-06,0.8255011439323425,3.0,-3.0,0.0048828125,1.0,0.0,0.8206183314323425,3.0,-3.0,0.0,0.0,0.0,0.8238888382911682,4.121352672576904,-3.0149383544921875,0.0019651385955512524,0.6420730352401733,1.732051134109497,-1.7320510149002075,0.0019651385955512524,1.732051134109497,-1.7320510149002075,89.3486328125,1024.0,1.0,0.00341796875,760.046875,2048.0,413.0,0.0078125,48.152543350001,10.94465868899897,1.2215292000000773,41.51535240800149,101.93576912599929,0.006291617481296424,0.0007022050378199094,0.2631487837867432,0.02386540543424235,,
8,,,,,420954,437947,16993,429146,429147,429146.25,0.10245103389024734,0.001,0.32325744070112705,0.06291754776611924,0.0017812665090397267,0.00013902969528446971,187.6994395852089,0.37329560958970165,1e-06,1.1923494338989258,4.0,-3.0,0.001953125,1.0,0.0,1.1903963088989258,3.0,-3.0,0.0,0.0,0.0,1.188697338104248,3.996931552886963,-3.0160305500030518,-0.015869498252868652,0.6465649604797363,1.732053279876709,-1.7320514917373657,-0.015869498252868652,1.732053279876709,-1.7320514917373657,83.77392578125,1024.0,1.0,0.0009765625,754.40234375,2048.0,389.0,0.001953125,34.72864742799902,10.830829624999751,1.201380254000469,41.53121597799873,88.41479625300053,0.006309521302469584,0.0006998664522878093,0.20241796261561834,0.024194092327498334,,
9,,,,,413014,462620,49606,436149,436149,436149.0,0.10575784742832184,0.001,0.37339987220435306,0.013097115985021508,0.0013098104893037215,0.0015848901492627819,2.6568288803100586,0.36837204397305523,1e-06,1.303078293800354,4.0,-3.0,0.00537109375,1.0,0.0,1.297707200050354,3.0,-3.0,0.0,0.0,0.0,1.2996129989624023,3.9997191429138184,-3.015807867050171,-0.021442903205752373,0.6502452492713928,1.7320520877838135,-1.7320514917373657,-0.021442903205752373,1.7320520877838135,-1.7320514917373657,87.255859375,1024.0,1.0,0.00146484375,764.59765625,2048.0,413.0,0.00390625,35.45015790400066,11.467963999000858,1.449416008001208,42.81397952799853,91.27042284900017,0.006573421009219818,0.00083080323926067,0.19837805206491696,0.024540913499743508,,
10,1.5304703634232282,0.025,1.5054703634232283,0.0,420199,445954,25755,435573,435573,435573.0,0.0933823212981224,0.001,0.3734782888953175,0.08434985145244614,0.0009736224830183866,0.00017245615559399345,9.189566373825073,0.36393361243464956,1e-06,1.2662501335144043,3.0,-3.0,0.00341796875,1.0,0.0,1.2628321647644043,3.0,-3.0,0.0,0.0,0.0,1.2627754211425781,3.127711534500122,-3.0162978172302246,-0.04321075603365898,0.5874565839767456,1.7320512533187866,-1.732058048248291,-0.04321075603365898,1.7320512533187866,-1.732058048248291,86.716796875,1024.0,1.0,0.00244140625,764.01171875,2048.0,402.0,0.00390625,45.202600884000276,11.165199035000114,1.4039217099998496,43.24528635899878,140.60870243700083,0.0064083397243401875,0.0008057901373592082,0.254524881664003,0.024820917710119076,25.912556138999207,13.551400846999968
11,,,,,414414,447765,33351,429744,429745,429744.5,0.1172681450843811,0.001,0.4288914789413584,0.04601140240817491,0.0009326400949844513,-0.003945567507140242,8.309000670909882,0.3782421617182025,1e-06,1.3288217782974243,4.0,-3.0,0.00830078125,1.0,0.0,1.3205209970474243,3.0,-3.0,0.0,0.0,0.0,1.3267135620117188,3.9961495399475098,-3.0252137184143066,-0.051209915429353714,0.5827767252922058,1.7320512533187866,-1.7320512533187866,-0.051209915429353714,1.7320512533187866,-1.7320512533187866,82.0947265625,1024.0,1.0,0.0048828125,757.25,2048.0,419.0,0.0078125,36.65865041699908,11.19678222100083,1.2076060039998993,41.05652899599954,90.2171585420001,0.006513627411753281,0.0007025139379328294,0.218037532962583,0.023884266695675886,,
12,,,,,437213,456205,18992,447265,447266,447265.5,0.10908782482147217,0.001,0.31855137310922144,0.02015487812459469,0.000807131656135122,-7.258906480274163e-05,2.331722855567932,0.37459067481044156,1e-06,1.283928394317627,3.0,-3.0,0.0068359375,1.0,0.0,1.277092456817627,3.0,-3.0,0.0,0.0,0.0,1.2787882089614868,2.9999661445617676,-3.024515390396118,-0.030879199504852295,0.5512024760246277,1.7320514917373657,-1.732054352760315,-0.030879199504852295,1.7320514917373657,-1.732054352760315,86.8369140625,1024.0,1.0,0.001953125,786.728515625,2048.0,393.0,0.0078125,37.26263881699924,11.506024458998581,1.2805997209998168,43.22568860000138,93.35962283700064,0.006431316778847565,0.0007157939305623935,0.20952665184264258,0.024161090336724707,,
13,,,,,424375,444016,19641,434864,434865,434864.75,0.11983965337276459,0.001,0.40349663485740794,0.007758269118594712,0.001000564258369007,-0.003982991415404254,339.9973201751709,0.36884142400632897,1e-06,1.3317207098007202,3.0,-3.0,0.00439453125,1.0,0.0,1.3273261785507202,3.0,-3.0,0.0,0.0,0.0,1.3260986804962158,2.9992637634277344,-3.0159859657287598,-0.04196702316403389,0.5715598464012146,1.7320520877838135,-1.732054352760315,-0.04196702316403389,1.7320520877838135,-1.732054352760315,83.45458984375,1024.0,1.0,0.0029296875,765.890625,2048.0,399.0,0.001953125,36.11031006899975,11.027317342999595,1.2174465959997178,42.58654150199982,91.02966187099992,0.006339509780339516,0.0006998995641746761,0.21127642435713515,0.02448263598164706,,
14,,,,,423517,459223,35706,444193,444194,444193.25,0.10938247293233871,0.001,0.3156370105842749,0.014959464098016422,0.0005664899731831004,-9.172352532308045e-05,17.59842139482498,0.37598454395476855,1e-06,1.4000227451324463,3.0,-3.0,0.0078125,1.0,0.0,1.3922102451324463,3.0,-3.0,0.0,0.0,0.0,1.3941534757614136,3.107187271118164,-3.0319063663482666,0.018915995955467224,0.5088492631912231,1.7320514917373657,-1.7320520877838135,0.018915995955467224,1.7320514917373657,-1.7320520877838135,95.32275390625,1024.0,1.0,0.001953125,772.2421875,2048.0,407.0,0.005859375,40.725327329999345,11.137162115001047,1.2032074819999252,42.781872801000645,95.9963063690011,0.006268196395938618,0.0006771869462221258,0.20861140620117377,0.024078412268196694,,
15,,,,,427437,451578,24141,438533,438534,438533.25,0.0974602997303009,0.001,0.34136320278048515,-0.04275728726098614,0.0067668106198506125,0.0037461970902269615,13.796943187713623,0.3687806919815378,1e-06,1.432713508605957,3.0,-3.0,0.01171875,1.0,0.0,1.420994758605957,3.0,-3.0,0.0,0.0,0.0,1.4333781003952026,4.275523662567139,-3.022726058959961,-0.007903799414634705,0.5114552974700928,1.7320517301559448,-1.7320525646209717,-0.007903799414634705,1.7320517301559448,-1.7320525646209717,89.67822265625,1024.0,1.0,0.00390625,766.83203125,2048.0,424.0,0.009765625,36.51120036099928,11.131574996999916,1.2919726140007697,43.015195797999695,92.05670081900098,0.006345912765451603,0.0007365305903262578,0.1987966980523861,0.024522197460511656,,
16,,,,,419198,444613,25415,433006,433007,433006.25,0.11045550554990768,0.001,0.3769838293748243,-0.018032591390822614,0.006167035868981786,-0.002713143476804752,65.31419289112091,0.3813542189586715,1e-06,1.543687105178833,3.0,-3.0,0.00341796875,1.0,0.0,1.540269136428833,3.0,-3.0,0.0,0.0,0.0,1.547364592552185,7.615931510925293,-3.024320125579834,0.019051115959882736,0.4446357190608978,1.7320514917373657,-1.7320547103881836,0.019051115959882736,1.7320514917373657,-1.7320547103881836,85.70556640625,1024.0,1.0,0.00341796875,760.009765625,2048.0,399.0,0.005859375,33.45384320700032,10.890083305001099,1.231454565000604,41.06756604200018,86.74932010399971,0.006287486211227378,0.000710991218371908,0.19059303920809184,0.02371072359925531,,
17,,,,,428473,443300,14827,438380,438380,438380.0,0.10995649546384811,0.001,0.3025007974356413,2.2001455410073203,0.0007149407989345491,-0.029077528250218164,9023.491551756859,0.38733378893200654,1e-06,1.5446550846099854,3.0,-3.0,0.01220703125,1.0,0.0,1.5324480533599854,3.0,-3.0,0.0,0.0,0.0,1.5415431261062622,4.290176868438721,-3.022754192352295,0.006380478851497173,0.4708460569381714,1.7320517301559448,-1.7320513725280762,0.006380478851497173,1.7320517301559448,-1.7320513725280762,87.44921875,1024.0,1.0,0.00341796875,768.76171875,2048.0,389.0,0.00390625,34.26129874799881,11.080055413998707,1.2011267859998043,40.968561243000295,87.6391087209995,0.006318750521236546,0.000684980374332659,0.1913013062714902,0.02336361218748591,,
18,,,,,414330,459770,45440,438952,438953,438952.75,0.11086580157279968,0.001,0.28147927006440504,-0.0514794743092872,0.00045618024679632593,0.0001937927046193571,135.97731465101242,0.38371167887723595,1e-06,1.4620200395584106,3.0,-3.0,0.0078125,1.0,0.0,1.4542075395584106,3.0,-3.0,0.0,0.0,0.0,1.456510066986084,4.835046768188477,-3.0239417552948,-0.0355750136077404,0.5101914405822754,1.7320528030395508,-1.732053279876709,-0.0355750136077404,1.7320528030395508,-1.732053279876709,88.51318359375,1024.0,1.0,0.00439453125,768.81640625,2047.0,399.0,0.0,33.33615869499954,11.171369020999919,1.3297789280004508,41.41611988099976,87.3482069290003,0.006362512264133166,0.0007573588091203728,0.1838982689008387,0.02358802848427294,,
19,,,,,421480,432230,10750,425699,425700,425699.25,0.12270929664373398,0.001,0.3430106147591557,0.04062406186546598,0.0005686385816911102,0.015979251722455956,1.9871819019317627,0.37765325769888397,1e-06,1.5332502126693726,3.0,-3.0,0.009765625,1.0,0.0,1.5234845876693726,3.0,-3.0,0.0,0.0,0.0,1.5298856496810913,4.74241828918457,-3.032235860824585,-0.006611556746065617,0.45026829838752747,1.732051134109497,-1.7320526838302612,-0.006611556746065617,1.732051134109497,-1.7320526838302612,81.98486328125,1024.0,1.0,0.0029296875,749.458984375,1981.0,407.0,0.0,33.399179137999454,10.856952264000938,1.2688277590004873,40.69800586100064,86.31608141400102,0.006375952191600607,0.0007451432901282345,0.1989171206217769,0.023900679799765116,,
20,1.6795572137460113,0.025,1.6545572137460112,0.0,433793,470101,36308,444317,444318,444317.5,0.11228620260953903,0.001,0.4473938713299817,-0.009975454657627591,0.004463197942421739,0.0019370561761614478,29.82630431652069,0.37996524757037814,1e-06,1.5447989702224731,3.0,-3.0,0.00927734375,1.0,0.0,1.5355216264724731,3.0,-3.0,0.0,0.0,0.0,1.5433602333068848,6.329480171203613,-3.0146186351776123,0.0035353931598365307,0.45267006754875183,1.732053279876709,-1.7320513725280762,0.0035353931598365307,1.732053279876709,-1.7320513725280762,89.6025390625,1024.0,1.0,0.00390625,778.205078125,2048.0,416.0,0.01171875,34.94004278600005,11.429105232999063,1.3205916019996948,42.34115356199982,121.22903632199996,0.006430708464667194,0.0007430450083553399,0.19040272681002282,0.023823703523943925,17.583611011999892,13.255763014998593
21,,,,,425961,444076,18115,434726,434726,434726.0,0.10676425695419312,0.001,0.2602282659760837,0.09431469457320354,0.000496279000673957,0.009019958346596406,2.140301436185837,0.37255947976164594,1e-06,1.63243567943573,3.0,-3.0,0.013671875,1.0,0.0,1.61876380443573,3.0,-3.0,0.0,0.0,0.0,1.627779245376587,4.64737606048584,-3.02327823638916,0.0014913976192474365,0.43450620770454407,1.7320514917373657,-1.7320510149002075,0.0014913976192474365,1.7320514917373657,-1.7320510149002075,82.07421875,1024.0,1.0,0.001953125,767.0,2034.0,402.0,0.0,33.62814342799902,10.77194023300035,1.1861350529998163,42.175060311999914,87.85823218199948,0.006194672180293076,0.0006821164670389029,0.20006272564370461,0.024253817526441894,,
22,,,,,434709,452348,17639,443893,443894,443893.25,0.10411249846220016,0.001,0.4161124660167843,0.021002732988563366,0.0037696269664593274,-0.013988709271558264,61.411725997924805,0.3674647690174708,1e-06,1.541683554649353,3.0,-3.0,0.01513671875,1.0,0.0,1.526546835899353,3.0,-3.0,0.0,0.0,0.0,1.5435856580734253,5.607109546661377,-3.02468204498291,-0.013593239709734917,0.4605797231197357,1.7320514917373657,-1.732051134109497,-0.013593239709734917,1.7320514917373657,-1.732051134109497,86.46728515625,1024.0,1.0,0.00537109375,780.51171875,2048.0,389.0,0.00390625,35.163133895999636,11.633769450998443,1.3515140250001423,43.704832785999315,91.95135000200025,0.006552121174966303,0.0007611706333674494,0.1985664166699587,0.024614495031181096,,
23,,,,,419679,463069,43390,442498,442499,442498.75,0.10212807357311249,0.001,0.3402545323535319,0.06378339934012582,0.008569133668882591,0.0057363961146151155,60.65397322177887,0.3733393326112374,1e-06,1.6289525032043457,3.0,-3.0,0.017578125,1.0,0.0,1.6113743782043457,3.0,-3.0,0.0,0.0,0.0,1.6310386657714844,5.321642875671387,-3.0220470428466797,-0.04441561922430992,0.4847399592399597,1.7320513725280762,-1.7320512533187866,-0.04441561922430992,1.7320513725280762,-1.7320512533187866,89.78271484375,1024.0,1.0,0.005859375,774.47265625,2048.0,399.0,0.00390625,37.25100031900001,11.839737195999987,1.2408752030005417,42.88167459700162,93.32391366699994,0.00668913595575128,0.0007010614171229533,0.20258871689462957,0.024227003238428142,,
24,,,,,409222,444768,35546,430185,430186,430185.5,0.11156231164932251,0.001,0.39572409221104216,-0.02707339889769043,0.00043193912175151387,0.025145439636617084,19.46153399348259,0.3715984789098283,1e-06,1.6723357439041138,3.0,-3.0,0.015625,1.0,0.0,1.6567107439041138,3.0,-3.0,0.0,0.0,0.0,1.672022819519043,5.764652252197266,-3.0253350734710693,-0.004684910178184509,0.42385584115982056,1.7320510149002075,-1.7320526838302612,-0.004684910178184509,1.7320510149002075,-1.7320526838302612,90.6943359375,1024.0,1.0,0.0078125,749.51171875,2048.0,402.0,0.0078125,36.016093127000204,11.064351214001363,1.1825953729985486,41.874016636000306,90.23899467900083,0.006429988466604152,0.0006872589690950466,0.1939038727213027,0.02433486056364075,,
25,,,,,412128,451488,39360,432658,432658,432658.0,0.10487513989210129,0.001,0.27445649946558065,-0.08091742815128689,0.000471510798951354,0.010317068169350588,38.55081757903099,0.37527887162044987,1e-06,1.4836409091949463,3.0,-3.0,0.0078125,1.0,0.0,1.4758284091949463,3.0,-3.0,0.0,0.0,0.0,1.491479516029358,6.080962181091309,-3.0349063873291016,-0.015475714579224586,0.4078320264816284,1.732051134109497,-1.7320514917373657,-0.015475714579224586,1.732051134109497,-1.7320514917373657,89.580078125,1024.0,1.0,0.00732421875,755.455078125,2048.0,399.0,0.001953125,34.13788870600001,10.873028800000611,1.2545359029991232,41.666946833998736,88.01766658999986,0.006282692565490879,0.0007249004427279302,0.1860781026163742,0.024076144919311985,,
26,,,,,416850,459763,42913,437391,437392,437391.5,0.11540114134550095,0.001,0.3684974504185134,-0.019865618087351322,0.0024388909925995715,0.006416286893062503,54.13233298063278,0.3816045185103286,1e-06,1.5858262777328491,3.0,-3.0,0.017578125,1.0,0.0,1.5682481527328491,3.0,-3.0,0.0,0.0,0.0,1.5893317461013794,7.054157257080078,-3.027712821960449,-0.028700033202767372,0.4431268870830536,1.7320514917373657,-1.7320514917373657,-0.028700033202767372,1.7320514917373657,-1.7320514917373657,86.3583984375,1024.0,1.0,0.005859375,767.921875,2048.0,419.0,0.001953125,36.21342192599877,11.133828434998577,1.2191205180006364,41.45321992500067,90.10735491500054,0.006363765891083032,0.000696813105650565,0.20475524378328172,0.023693430213550484,,
27,,,,,411253,458758,47505,425149,425149,425149.0,0.10900688171386719,0.001,0.19429434887294111,0.022572882134258617,0.0005008974594288859,-9.297854009266051e-05,20.662250518798828,0.36933837860053065,1e-06,1.8035868406295776,3.0,-3.0,0.00927734375,1.0,0.0,1.7943094968795776,3.0,-3.0,0.0,0.0,0.0,1.8092825412750244,6.7332763671875,-3.0254650115966797,-0.025408858433365822,0.3935229778289795,1.732050895690918,-1.7320513725280762,-0.025408858433365822,1.732050895690918,-1.7320513725280762,77.88671875,1024.0,1.0,0.00537109375,752.482421875,2048.0,393.0,0.0078125,34.881383675001416,10.890030518999993,1.190601353000602,41.56480048799858,88.62846080100098,0.006403655259097395,0.0007001082873302079,0.21867560857491233,0.02444131380292473,,
28,,,,,437144,445511,8367,441615,441616,441615.5,0.11092634499073029,0.001,0.17411191119202252,0.03166135284921218,0.0005277537877253931,9.002695210726634e-05,7.161836385726929,0.37699888045011265,1e-06,1.812367558479309,3.0,-3.0,0.0146484375,1.0,0.0,1.797719120979309,3.0,-3.0,0.0,0.0,0.0,1.8129156827926636,9.078113555908203,-3.026639938354492,-0.0014696272555738688,0.3892001509666443,1.7320510149002075,-1.7320517301559448,-0.0014696272555738688,1.7320510149002075,-1.7320517301559448,77.9267578125,1024.0,1.0,0.00244140625,784.603515625,2048.0,425.0,0.00390625,40.61567123600071,11.150193725999998,1.1481478580008115,42.38329759999942,95.3875221319995,0.006312161668917869,0.0006499703124102367,0.2544937230472368,0.023993325415434592,,
29,,,,,421945,440930,18985,432485,432485,432485.0,0.09970676898956299,0.001,0.21828889332968612,-0.010584599266214103,0.00216951872952732,0.005049892531744639,60.59641885757446,0.3733329864025872,1e-06,1.6548027992248535,3.0,-3.0,0.02099609375,1.0,0.0,1.6338067054748535,3.0,-3.0,0.0,0.0,0.0,1.673898696899414,12.573774337768555,-3.023735284805298,-0.009455380029976368,0.38361719250679016,1.732051134109497,-1.7320525646209717,-0.009455380029976368,1.732051134109497,-1.7320525646209717,79.5078125,1024.0,1.0,0.00634765625,765.189453125,2048.0,399.0,0.0078125,35.83673027400073,10.866794853000101,1.4507734359995084,41.87190845199984,90.12461020099909,0.0062816021671272424,0.0008386264471597329,0.22008407606613398,0.02420425474409508,,
30,1.7856573648750782,0.0375,1.7481573648750781,0.0,412075,468197,56122,436793,436793,436793.0,0.09837482124567032,0.001,0.2618141454954942,0.03228601034109791,0.004412910831160843,-0.005017163212839174,18.272031635046005,0.3740086205540588,1e-06,1.633919596672058,3.0,-3.0,0.01904296875,1.0,0.0,1.614876627922058,3.0,-3.0,0.0,0.0,0.0,1.6531869173049927,9.616228103637695,-3.032452344894409,-0.0005137157277204096,0.362403005361557,1.7320536375045776,-1.7320513725280762,-0.0005137157277204096,1.7320536375045776,-1.7320513725280762,78.412109375,1024.0,1.0,0.00439453125,774.69921875,2048.0,420.0,0.0078125,36.76609243400162,11.088416344000507,1.298337583999455,42.25278811200042,113.31011635100003,0.006346493844910808,0.000743108053471241,0.22894669859517286,0.024183530935706625,7.859332033000101,13.872748329000387
31,,,,,428646,439391,10745,432592,432593,432592.75,0.09092361479997635,0.001,0.28420110465958714,-0.05785577025796686,0.004272786515814785,0.006461244369542588,24.16081202030182,0.38310555292084264,1e-06,1.6943265199661255,3.0,-3.0,0.0185546875,1.0,0.0,1.6757718324661255,3.0,-3.0,0.0,0.0,0.0,1.725886344909668,12.627685546875,-3.0174813270568848,0.0033143707551062107,0.3652607500553131,1.7320520877838135,-1.7320513725280762,0.0033143707551062107,1.7320520877838135,-1.7320513725280762,77.72802734375,1024.0,1.0,0.00634765625,767.1796875,2048.0,413.0,0.0078125,37.73723122499905,11.223282618000667,1.2189072250002937,40.84483870499935,91.11585783199916,0.0064860556597404065,0.0007044195868980083,0.2370622678045258,0.023604671313261345,,
32,,,,,430880,451222,20342,439738,439739,439738.25,0.11938042938709259,0.001,0.3054251017048955,-0.01758206613982717,0.000516928683888788,-0.016385768300945833,2.154297560453415,0.3869586543692477,1e-06,1.711559534072876,3.0,-3.0,0.02783203125,1.0,0.0,1.683727502822876,3.0,-3.0,0.0,0.0,0.0,1.7202670574188232,11.14516830444336,-3.025881290435791,0.0010633096098899841,0.4181731939315796,1.7320520877838135,-1.7320524454116821,0.0010633096098899841,1.7320520877838135,-1.7320524454116821,80.02197265625,1024.0,1.0,0.00341796875,778.841796875,2048.0,393.0,0.005859375,35.01773409599991,11.262154366000686,1.325860618999286,41.17567051400147,88.87434998199933,0.006402760259086335,0.000753778309596269,0.21367260027458226,0.023409193147287885,,
33,,,,,420114,459276,39162,437897,437898,437897.5,0.10402949154376984,0.001,0.2963313714697443,-0.06831318653863051,0.0005753049827662522,-0.01100352327043295,48.47502022981644,0.390608034287333,1e-06,1.7512978315353394,3.0,-3.0,0.02392578125,1.0,0.0,1.7273720502853394,3.0,-3.0,0.0,0.0,0.0,1.769052267074585,11.750532150268555,-3.022507905960083,-0.01860511675477028,0.4146764576435089,1.732050895690918,-1.7320518493652344,-0.01860511675477028,1.732050895690918,-1.7320518493652344,82.1318359375,1024.0,1.0,0.0048828125,773.13671875,2048.0,399.0,0.001953125,46.694948268999724,11.139898154000548,1.3090476260003925,40.57802357200126,99.83713954799896,0.006359877684846652,0.0007473481956396145,0.2776057231549393,0.02316639371770863,,
34,,,,,414164,435802,21638,424775,424776,424775.25,0.09772887825965881,0.001,0.17716805789885776,-0.05702585397687342,0.00032329393018569263,0.0003029335084647755,20.70628136396408,0.3892728881580161,1e-06,1.6713919639587402,3.0,-3.0,0.0146484375,1.0,0.0,1.6567435264587402,3.0,-3.0,0.0,0.0,0.0,1.6885285377502441,10.727530479431152,-3.022568941116333,-0.005109335761517286,0.32180255651474,1.7320514917373657,-1.7320512533187866,-0.005109335761517286,1.7320514917373657,-1.7320512533187866,83.03369140625,1024.0,1.0,0.0048828125,746.60546875,2048.0,389.0,0.001953125,34.06726830199841,10.971972355999242,1.3973826300007204,39.43708136399982,86.01062332100082,0.006457516272428326,0.000822424699885834,0.20033323906075406,0.02321055744420127,,
35,,,,,403814,436864,33050,425653,425654,425653.5,0.10974312573671341,0.001,0.2672109762871904,-0.004900000349152833,0.016004505654564127,0.023424504061300207,24.152934789657593,0.3878450145744306,1e-06,1.7862238883972168,3.0,-3.0,0.0224609375,1.0,0.0,1.7637629508972168,3.0,-3.0,0.0,0.0,0.0,1.8026920557022095,10.727943420410156,-3.0200066566467285,-0.012072401121258736,0.3374064266681671,1.7320520877838135,-1.7320525646209717,-0.012072401121258736,1.7320520877838135,-1.7320525646209717,76.1455078125,1024.0,1.0,0.00439453125,755.208984375,2048.0,407.0,0.00390625,33.08604415299851,11.562049795000348,1.6658654079983535,39.70050845100013,86.11957925500064,0.006790763963529225,0.0009784163691819482,0.21216346782218531,0.023317386354746367,,
36,,,,,420623,445947,25324,433242,433243,433242.25,0.13491423428058624,0.001,0.23657055984118155,0.025419131233190586,0.0005042561502445356,0.008004852251328234,2.1297793686389923,0.37979857344513673,1e-06,1.7198292016983032,3.0,-3.0,0.033203125,1.0,0.0,1.6866260766983032,3.0,-3.0,0.0,0.0,0.0,1.7250046730041504,11.754579544067383,-3.030118942260742,-0.005294570699334145,0.36761927604675293,1.7320513725280762,-1.7320514917373657,-0.005294570699334145,1.7320513725280762,-1.7320514917373657,73.18994140625,1024.0,1.0,0.001953125,772.986328125,2048.0,399.0,0.00390625,34.29370836599992,11.05660965000061,1.2216239389999828,41.268805855999744,87.95466706600018,0.006380154318975475,0.0007049312128491524,0.22878792449280433,0.023813931960698514,,
37,,,,,393499,450332,56833,418233,418234,418233.75,0.10358584672212601,0.001,0.23070255406843176,-0.022922680697179044,0.0003372741509871236,-0.002348110391251574,36.43946409225464,0.373481725320508,1e-06,1.7310571670532227,3.0,-3.0,0.02587890625,1.0,0.0,1.7051782608032227,3.0,-3.0,0.0,0.0,0.0,1.7564408779144287,13.168838500976562,-3.028221607208252,-0.02814619056880474,0.33669963479042053,1.732051134109497,-1.7320520877838135,-0.02814619056880474,1.732051134109497,-1.7320520877838135,82.92919921875,1024.0,1.0,0.005859375,733.93359375,2048.0,414.0,0.001953125,38.35593492500084,11.236647660000017,1.9693600959999458,40.44448922400079,92.11443962500016,0.006716726985806392,0.0011771886510832433,0.22583702756728924,0.02417576846918786,,
38,,,,,425756,459939,34183,438150,438151,438150.25,0.10517647862434387,0.001,0.18846420366317035,0.009154799859970808,0.0004693116624063502,6.0158392287235074e-05,32.39456406235695,0.37751144525068764,1e-06,1.7429167032241821,3.0,-3.0,0.02783203125,1.0,0.0,1.7150846719741821,3.0,-3.0,0.0,0.0,0.0,1.7581703662872314,13.477657318115234,-3.020042896270752,-0.026556849479675293,0.360228031873703,1.732050895690918,-1.7320526838302612,-0.026556849479675293,1.732050895690918,-1.7320526838302612,81.23095703125,1024.0,3.0,0.00341796875,774.53125,2048.0,399.0,0.01171875,35.213599812999746,11.617841945999317,1.4081630239998049,42.03084615399894,90.38342692200058,0.006628914365562565,0.0008034703985675034,0.21166980129357088,0.02398198229602684,,
39,,,,,405214,462392,57178,433840,433840,433840.0,0.0513230636715889,0.001,0.28149263939723884,-0.04591098835627581,0.00026468434652056675,0.021476237393252287,14.840667724609375,0.37269680038128733,1e-06,1.790627121925354,3.0,-3.0,0.03271484375,1.0,0.0,1.757912278175354,3.0,-3.0,0.0,0.0,0.0,1.86427903175354,14.249589920043945,-3.030790090560913,-0.006500649731606245,0.2566085159778595,1.7320520877838135,-1.7320516109466553,-0.006500649731606245,1.7320520877838135,-1.7320516109466553,79.33984375,1024.0,1.0,0.0087890625,768.00390625,2048.0,422.0,0.005859375,35.01041969299877,10.85321241299971,1.3186823110008845,42.10227437499998,89.40207127699978,0.006254156148003705,0.0007598897698465358,0.21546464780783053,0.024261406494905945,,
40,1.8555474750697614,0.0625,1.7930474750697614,0.0,415423,465195,49772,435439,435439,435439.0,0.019638927653431892,0.001,0.39372440067858533,0.05795857347226862,0.01979784174934672,0.03335396777427001,43.69450044631958,0.37509373114120126,1e-06,1.7250972986221313,3.0,-3.0,0.02685546875,1.0,0.0,1.6982418298721313,3.0,-3.0,0.0,0.0,0.0,1.8291441202163696,16.377506256103516,-3.0393731594085693,-0.014147448353469372,0.34192711114883423,1.732051134109497,-1.7320512533187866,-0.014147448353469372,1.732051134109497,-1.7320512533187866,81.83984375,1024.0,7.0,0.009765625,768.626953125,2048.0,413.0,0.00390625,33.340694410999276,10.961441961999299,1.8177198999983375,42.03259909299959,110.85796635000042,0.00629332809073102,0.0010436133993500453,0.19892066256383512,0.024132311927158333,8.969760355999824,13.642645001000346
41,,,,,433118,455389,22271,444988,444989,444988.5,0.05008745938539505,0.001,0.3317039219726776,0.0282126703411983,0.007920596134399289,0.013025247535740069,34.26216769218445,0.38488609494217524,1e-06,1.7549391984939575,3.0,-3.0,0.03564453125,1.0,0.0,1.719294786453247,3.0,-3.0,0.0,0.0,0.0,1.8233387470245361,18.83051109313965,-3.026792526245117,-0.013893271796405315,0.360341340303421,1.7320513725280762,-1.7320513725280762,-0.013893271796405315,1.7320513725280762,-1.7320513725280762,84.1455078125,1024.0,1.0,0.0068359375,784.97265625,2048.0,393.0,0.00390625,39.150223051001376,11.18480158300008,1.373062659000425,41.88682184599929,93.70352019600068,0.006283758784215817,0.0007714034514377478,0.2271817040039539,0.02353253052944025,,
42,,,,,410921,450063,39142,431237,431238,431237.5,0.09981615841388702,0.001,0.243741685139208,-0.033900913260555984,0.0043914472957238045,0.005411307744186067,16.763920456171036,0.3774058256064304,1e-06,1.7769997119903564,4.0,-3.0,0.03173828125,1.0,0.0,1.7452614307403564,3.0,-3.0,0.0,0.0,0.0,1.808227777481079,19.17619514465332,-3.02020001411438,-0.0011247852817177773,0.26440995931625366,1.732053279876709,-1.7320514917373657,-0.0011247852817177773,1.732053279876709,-1.7320514917373657,76.2275390625,1024.0,1.0,0.0029296875,766.033203125,2048.0,407.0,0.001953125,32.549509899999975,10.849626391000129,1.280860732000292,41.304243184998995,86.08473535300072,0.006289820801182718,0.0007425494837533216,0.20849834031541037,0.02394518286616945,,
43,,,,,407184,436856,29672,423694,423694,423694.0,0.0818929672241211,0.001,0.3570376854789044,0.1347652191761881,0.03451300000389373,0.0572682238838362,32.77563950419426,0.3836902409851343,1e-06,1.8250850439071655,3.0,-3.0,0.029296875,1.0,0.0,1.7957881689071655,3.0,-3.0,0.0,0.0,0.0,1.8769941329956055,19.478364944458008,-3.0290515422821045,-0.049706827849149704,0.3404463529586792,1.732051134109497,-1.7320514917373657,-0.049706827849149704,1.732051134109497,-1.7320514917373657,76.306640625,1024.0,15.0,0.005859375,751.220703125,2048.0,389.0,0.00390625,36.98775189800108,10.847607268999127,1.188571579001291,39.91871214099956,89.07359720100067,0.006400614163169131,0.0007013148516389723,0.23668222822443036,0.023553975357805138,,
44,,,,,417597,456536,38939,435741,435742,435741.25,0.07271859049797058,0.001,0.21108778913815815,-0.01200013665560012,0.0004447369195986539,0.0003011460947997572,23.44700002670288,0.38543064932550797,1e-06,1.821843147277832,4.0,-3.0,0.03271484375,1.0,0.0,1.789128303527832,3.0,-3.0,0.0,0.0,0.0,1.8813973665237427,20.742305755615234,-3.026186466217041,-0.011501481756567955,0.3028968274593353,1.7320513725280762,-1.732053279876709,-0.011501481756567955,1.7320513725280762,-1.732053279876709,80.49462890625,1024.0,1.0,0.005859375,770.5625,2048.0,399.0,0.0078125,46.34038425300059,11.049182565999217,1.3094368130005023,40.915925908000645,99.70423221300007,0.00633930260561699,0.0007512697116697709,0.28110124931302793,0.023474898180973598,,
45,,,,,423550,437921,14371,433066,433067,433066.75,0.02481026202440262,0.001,0.2577220472906317,0.02750616968426454,0.028769936343970976,0.06851155551290893,11.349052667617798,0.38857499372630844,1e-06,1.8007586002349854,3.0,-3.0,0.03173828125,1.0,0.0,1.7690203189849854,3.0,-3.0,0.0,0.0,0.0,1.9051470756530762,21.77069664001465,-3.031832695007324,-0.023567121475934982,0.34008437395095825,1.732051134109497,-1.7320526838302612,-0.023567121475934982,1.732051134109497,-1.7320526838302612,78.64990234375,1024.0,1.0,0.0068359375,767.18359375,2048.0,416.0,0.00390625,32.60439394599962,10.899022252000577,1.3553976089988282,40.37761506099923,85.58819365899944,0.006291768100414415,0.0007824415110365944,0.20241746978736377,0.02330911750959825,,
46,,,,,408859,447485,38626,429941,429942,429941.5,0.012663353234529495,0.001,0.2810802940150787,0.08899121289944341,0.012044667089679119,-0.015424438361182622,71.44907420873642,0.371139575315511,1e-06,1.7193063497543335,3.0,-3.0,0.033203125,1.0,0.0,1.6861032247543335,3.0,-3.0,0.0,0.0,0.0,1.8366737365722656,23.359172821044922,-3.0292234420776367,-0.037156231701374054,0.3520386219024658,1.7320512533187866,-1.732053279876709,-0.037156231701374054,1.7320512533187866,-1.732053279876709,84.7041015625,1024.0,1.0,0.0078125,755.025390625,2048.0,393.0,0.001953125,33.697781999000654,11.170780164000462,1.1900962439995055,41.85515389500142,88.02304387600088,0.0064955233235221895,0.0006920105665535343,0.1942526372770597,0.024337702858994434,,
47,,,,,414151,453275,39124,434022,434023,434022.75,-0.008334973827004433,0.001,0.3240936070937535,0.03777572300670476,0.00017133380631627194,0.13816259447029833,43.77741661667824,0.3801621198538828,1e-06,1.827712893486023,3.0,-3.0,0.0400390625,1.0,0.0,1.787673830986023,3.0,-3.0,0.0,0.0,0.0,1.9606306552886963,22.46481704711914,-3.0288503170013428,-0.010172964073717594,0.2946779131889343,1.7320514917373657,-1.732051134109497,-0.010172964073717594,1.7320514917373657,-1.732051134109497,83.34521484375,1024.0,1.0,0.00830078125,764.35546875,2048.0,399.0,0.00390625,33.916192192999006,10.923620382998706,1.2728219400014495,41.2800111079996,87.51763828399999,0.006292078228041448,0.0007331539302959635,0.1986993584488872,0.023777561837484095,,
48,,,,,427215,469320,42105,443711,443711,443711.0,-0.015689339488744736,0.001,0.3182559590165814,0.08941915789619088,0.019898018966584156,-0.04950399838174538,212.47740894556046,0.39008450038881765,1e-06,1.634905457496643,4.0,-3.0,0.0263671875,1.0,0.0,1.608538269996643,3.0,-3.0,0.0,0.0,0.0,1.786543369293213,23.53485679626465,-3.040125846862793,-0.01709306240081787,0.30412229895591736,1.732050895690918,-1.7320514917373657,-0.01709306240081787,1.732050895690918,-1.7320514917373657,85.2734375,1024.0,1.0,0.00927734375,781.349609375,2048.0,416.0,0.001953125,33.47278611399997,11.565440761998616,1.179071265998573,41.18076421800106,87.5329458870001,0.006516313975762724,0.0006643238876197418,0.191667350629867,0.023202469748327775,,
49,,,,,417465,469828,52363,440315,440316,440315.75,-0.04560958594083786,0.001,0.3353622337182363,0.07610054168229302,0.0069083144859177995,0.03432254839713096,38.22693654894829,0.3803370078041372,1e-06,1.863776683807373,3.0,-3.0,0.03662109375,1.0,0.0,1.827155590057373,3.0,-3.0,0.0,0.0,0.0,2.0360655784606934,23.783832550048828,-3.0246098041534424,-0.0033384356647729874,0.25913193821907043,1.7320528030395508,-1.7320513725280762,-0.0033384356647729874,1.7320528030395508,-1.7320513725280762,87.06005859375,1024.0,1.0,0.01123046875,772.931640625,2048.0,425.0,0.0078125,33.846783625998796,11.642826921999585,1.3032964949998131,41.91997442699903,88.81046814800175,0.006610498785246488,0.0007399783536018262,0.18983159538751646,0.02380108730325853,,
50,1.8463808074593544,0.0625,1.7838808074593544,0.0,419751,441058,21307,434659,434660,434659.25,-0.10677098482847214,0.001,0.25058370485002623,-0.0016973194734450302,0.00027061330158552473,0.01656316042883567,47.52397918701172,0.37396125886610526,1e-06,1.7851312160491943,3.0,-3.0,0.02978515625,1.0,0.0,1.7553460597991943,3.0,-3.0,0.0,0.0,0.0,2.0264241695404053,26.251155853271484,-3.0584001541137695,-0.016286110505461693,0.2446763664484024,1.732051134109497,-1.7320513725280762,-0.016286110505461693,1.732051134109497,-1.7320513725280762,84.51416015625,1024.0,1.0,0.01318359375,764.4296875,2048.0,402.0,0.005859375,35.29928749300052,11.058352054000352,1.2676706049987843,42.013296226999955,110.37297370399938,0.0063603570233466515,0.0007291174667275483,0.20394192155877472,0.024164501403685736,7.267620901000555,13.341455899999346
51,,,,,420187,445890,25703,433587,433588,433587.25,-0.08987359702587128,0.001,0.2508925339539668,0.06820882306367691,0.013189678488873011,0.0568021077272728,212.2989022731781,0.3771638256371049,1e-06,1.7995809316635132,3.0,-3.0,0.03271484375,1.0,0.0,1.7668659687042236,3.0,-3.0,0.0,0.0,0.0,2.022512197494507,27.664087295532227,-3.0380454063415527,-0.014240330085158348,0.25783178210258484,1.7320510149002075,-1.7320517301559448,-0.014240330085158348,1.7320510149002075,-1.7320517301559448,84.95751953125,1024.0,1.0,0.01123046875,761.892578125,2048.0,393.0,0.00390625,32.93569869900057,10.86147734699989,1.196634444000665,41.57303675900039,86.66967876499984,0.00626256730738732,0.0006899617343456623,0.18929323995218525,0.02397039855242537,,
52,,,,,421007,437882,16875,429681,429682,429681.75,-0.2137793004512787,0.001,0.41448113661525504,-0.049282914925632734,0.007765795226857465,-0.13426796879619068,31.07311876118183,0.3785333231143521,1e-06,1.8626031875610352,3.0,-3.0,0.03125,1.0,0.0,1.8313531875610352,3.0,-3.0,0.0,0.0,0.0,2.216320514678955,30.735416412353516,-3.0291941165924072,0.01327488198876381,0.23664049804210663,1.7320528030395508,-1.7320513725280762,0.01327488198876381,1.7320528030395508,-1.7320513725280762,84.95263671875,1024.0,1.0,0.01513671875,754.26953125,2048.0,407.0,0.00390625,33.07089343900043,11.027966436999122,1.84291194600155,41.08871704500052,87.1281513490012,0.006416357244052792,0.0010722540263820549,0.19008117712075565,0.02390648255656688,,
53,,,,,424534,456516,31982,446432,446432,446432.0,-0.10178665816783905,0.001,0.4379025895388857,0.03804769809357822,0.000659659840992742,-0.12286445286055471,320.09831047058105,0.373755886648407,1e-06,1.818812608718872,3.0,-3.0,0.03857421875,1.0,0.0,1.780238389968872,3.0,-3.0,0.0,0.0,0.0,2.0589706897735596,25.960567474365234,-3.024484872817993,-0.004739506635814905,0.2483081817626953,1.732051134109497,-1.7320514917373657,-0.004739506635814905,1.732051134109497,-1.7320514917373657,84.591796875,1024.0,1.0,0.01318359375,787.345703125,2048.0,399.0,0.0078125,35.42636290700102,11.180246678999538,1.278909869999552,43.30485855100051,91.29456687199854,0.006260890056604107,0.0007161840269064225,0.20448825302464166,0.024250534544454982,,
54,,,,,422252,447516,25264,434843,434844,434843.25,-0.024455226957798004,0.001,0.3781442928748826,-0.024959656689316035,0.0073855618131347,0.027236840663681504,22.776782631874084,0.3693093065852435,1e-06,1.7717394828796387,3.0,-3.0,0.04150390625,1.0,0.0,1.7302355766296387,3.0,-3.0,0.0,0.0,0.0,1.9415286779403687,23.939590454101562,-3.0269455909729004,0.002023426815867424,0.22772231698036194,1.7320514917373657,-1.732050895690918,0.002023426815867424,1.7320514917373657,-1.732050895690918,85.99267578125,1024.0,1.0,0.01025390625,763.310546875,2048.0,389.0,0.001953125,36.42068089500026,11.036969557999328,1.2187268280013086,42.57928938999976,91.35838877099923,0.0063453724750236595,0.0007006702001245901,0.2068029100350358,0.024479677096286855,,
55,,,,,416879,450779,33900,432990,432991,432990.25,-0.03801663964986801,0.001,0.46161988512452307,0.14266563020646572,0.015849680268478675,0.05786979261612377,347.231463432312,0.37385686230929255,1e-06,1.7305644750595093,4.0,-3.0,0.033203125,1.0,0.0,1.6973613500595093,3.0,-3.0,0.0,0.0,0.0,1.9079701900482178,27.60529899597168,-3.0304410457611084,-0.01822049543261528,0.39830464124679565,1.732051134109497,-1.7320512533187866,-0.01822049543261528,1.732051134109497,-1.7320512533187866,84.01220703125,1024.0,1.0,0.01025390625,761.671875,2048.0,418.0,0.005859375,35.557986465000795,10.806363626001257,1.2180148589995952,41.87697710700013,89.56309160399906,0.006239380462955723,0.0007032576709288461,0.20666399196197072,0.02417893769374722,,
56,,,,,427027,447811,20784,437659,437660,437659.5,0.0054009100422263145,0.001,0.3224530837809046,0.04869879122513036,0.00020998877783616384,0.004421752593710456,98.45350819826126,0.36633623834978496,1e-06,1.8990617990493774,4.0,-3.0,0.04052734375,1.0,0.0,1.8585344552993774,3.0,-3.0,0.0,0.0,0.0,2.016584634780884,25.04950523376465,-3.0212366580963135,-0.015905113890767097,0.28972771763801575,1.732050895690918,-1.732050895690918,-0.015905113890767097,1.732050895690918,-1.732050895690918,86.4619140625,1024.0,1.0,0.0078125,768.341796875,2048.0,413.0,0.001953125,34.70938244299941,11.233460527999341,1.5842402530015534,43.281646852999984,90.9234078540012,0.006416780926724624,0.000904950225575792,0.19601625559370328,0.024723356200996426,,
57,,,,,407747,458466,50719,434940,434941,434940.75,-0.07312866300344467,0.001,0.5015911994309261,0.01843170138429208,0.016899019727635935,-0.01751210449407969,95.90274429321289,0.38648700174629314,1e-06,1.7557120323181152,3.0,-3.0,0.03173828125,1.0,0.0,1.7239737510681152,3.0,-3.0,0.0,0.0,0.0,1.9680845737457275,26.253978729248047,-3.026590347290039,0.0019732769578695297,0.2940460741519928,1.732050895690918,-1.7320512533187866,0.0019732769578695297,1.732050895690918,-1.7320512533187866,88.90771484375,1024.0,16.0,0.01318359375,760.5859375,2048.0,407.0,0.005859375,33.635340766999434,10.867373122000572,1.267435605999708,40.71786734200032,86.59264636599983,0.006246467548741163,0.0007285104959696856,0.18472532178731366,0.023404261006815478,,
58,,,,,429469,450598,21129,436934,436935,436934.5,-0.13016292452812195,0.001,0.5397069856524468,-0.023044802279522023,0.0007352939302412172,0.03626257024673881,20.38867747783661,0.3882304390803191,1e-06,1.8504801988601685,4.0,-3.0,0.0400390625,1.0,0.0,1.8104411363601685,3.0,-3.0,0.0,0.0,0.0,2.1064326763153076,28.075191497802734,-3.0473310947418213,-0.0016675941878929734,0.21334904432296753,1.7320513725280762,-1.7320518493652344,-0.0016675941878929734,1.7320513725280762,-1.7320518493652344,85.9072265625,1024.0,1.0,0.01220703125,767.48046875,2048.0,413.0,0.00390625,33.852296813000066,11.430191840998305,1.2089216370004578,40.69425716600017,87.32908862000113,0.006539991601142908,0.0006917064439867176,0.19241037645647938,0.023283957415814138,,
59,,,,,422602,454752,32150,440290,440291,440290.5,-0.14152729511260986,0.001,0.5124093036167323,-0.032879375111466894,0.034754920449146694,-0.08759581423943624,541.4601690471172,0.3913996317877622,1e-06,1.8277052640914917,3.0,-3.0,0.03955078125,1.0,0.0,1.7881544828414917,3.0,-3.0,0.0,0.0,0.0,2.100229024887085,28.543081283569336,-3.025480270385742,0.017964962869882584,0.2595018148422241,1.732051968574524,-1.7320526838302612,0.017964962869882584,1.732051968574524,-1.7320526838302612,91.8466796875,1024.0,1.0,0.01611328125,768.095703125,2048.0,389.0,0.0078125,36.02109829499932,11.137466107000364,1.3207706890007103,40.743439634001334,89.32478910699865,0.0063239305112195035,0.0007499427588153221,0.1914976889932022,0.02313440764336349,,
60,1.8176308065652846,0.0625,1.7551308065652846,0.0,429202,450296,21094,439616,439617,439616.5,-0.07239419221878052,0.001,0.3690150409679988,-0.02900312111737078,0.00023774786727856202,-0.08843470647178915,188.06919872760773,0.387228886562861,1e-06,1.829452395439148,3.0,-3.0,0.03759765625,1.0,0.0,1.791854739189148,3.0,-3.0,0.0,0.0,0.0,2.0349364280700684,23.817176818847656,-3.0258231163024902,-0.011212502606213093,0.282470166683197,1.7320512533187866,-1.7320513725280762,-0.011212502606213093,1.7320512533187866,-1.7320513725280762,90.8505859375,1024.0,7.0,0.01318359375,767.775390625,2048.0,393.0,0.00390625,35.256905967999046,11.190138370999193,1.4147981790010817,41.12965848299973,112.92287634700006,0.006363579603472114,0.0008045638522445596,0.18949009452762544,0.023389510222546088,9.717568312000367,14.096552847999192
61,,,,,426619,452241,25622,444132,444133,444132.5,-0.1768171191215515,0.001,0.7113988752765902,0.024340528561251944,0.00019773069452012665,-0.17485332765851314,63.95406684279442,0.3860155746579277,1e-06,1.780180811882019,3.0,-3.0,0.04296875,1.0,0.0,1.737212061882019,3.0,-3.0,0.0,0.0,0.0,2.094663619995117,23.643543243408203,-3.0256152153015137,-0.0038424201775342226,0.16510716080665588,1.732050895690918,-1.7320523262023926,-0.0038424201775342226,1.732050895690918,-1.7320523262023926,95.3115234375,1024.0,1.0,0.02001953125,772.134765625,2048.0,420.0,0.00390625,35.36349328200049,11.141037949999372,1.2318245979986386,41.67635780600176,89.52663864500028,0.006271235470270343,0.0006933880080824071,0.18116729311775986,0.023459416844073426,,
62,,,,,438175,457393,19218,448468,448469,448468.5,-0.17176005244255066,0.001,0.6524124743356821,-0.007610807856244426,0.009321862971597922,0.06901118203706809,39.27689239382744,0.37224325151797333,1e-06,1.8481922149658203,3.0,-3.0,0.05419921875,1.0,0.0,1.7939929962158203,3.0,-3.0,0.0,0.0,0.0,2.1489531993865967,21.51019859313965,-3.0344667434692383,-0.0003680399968288839,0.19878217577934265,1.7320523262023926,-1.7320513725280762,-0.0003680399968288839,1.7320523262023926,-1.7320513725280762,103.6279296875,1024.0,16.0,0.0224609375,772.287109375,2048.0,399.0,0.00390625,34.35473574899879,11.205546621000394,1.3023927690010169,43.66587383499791,90.62847386700014,0.006246562813776438,0.000726022434686615,0.16187502119869382,0.02434166158548366,,
63,,,,,422459,450755,28296,433049,433049,433049.0,-0.07040609419345856,0.001,0.5878773839878184,0.010266232225278924,0.00673989098556506,0.01020487457157872,75.94746780395508,0.3776913616445883,1e-06,1.893523097038269,3.0,-3.0,0.025390625,1.0,0.0,1.868132472038269,3.0,-3.0,0.0,0.0,0.0,2.098679304122925,24.479400634765625,-3.02459454536438,0.002120041288435459,0.2342240810394287,1.7320512533187866,-1.7320526838302612,0.002120041288435459,1.7320512533187866,-1.7320526838302612,86.77734375,1024.0,11.0,0.013671875,759.021484375,2048.0,416.0,0.005859375,30.84367638600088,11.520106723997742,1.3091250780016708,41.485545761999674,85.27904924900213,0.0066505792208259,0.0007557603631469365,0.173552084098587,0.02394968338571367,,
64,,,,,425437,450746,25309,434202,434202,434202.0,-0.06886172294616699,0.001,0.5301277959911987,-0.029602488936406785,0.04324790507209776,-0.03892924734878009,24.506936967372894,0.3807357654230646,1e-06,1.9629095792770386,3.0,-3.0,0.0439453125,1.0,0.0,1.9189642667770386,3.0,-3.0,0.0,0.0,0.0,2.167335033416748,23.229917526245117,-3.0262999534606934,0.004406740423291922,0.2826293408870697,1.732050895690918,-1.7320517301559448,0.004406740423291922,1.732050895690918,-1.7320517301559448,89.544921875,1024.0,1.0,0.013671875,758.505859375,2048.0,399.0,0.005859375,32.938648112998635,10.87563936099832,1.2690639489992463,41.238592426998366,86.42521801299881,0.006261854713358253,0.0007306875308032012,0.17961179637161992,0.02374389824724343,,
65,,,,,431876,448099,16223,439843,439844,439843.5,-0.0642310306429863,0.001,0.4436775666886362,0.01148437138582612,0.00021747565338516543,-0.0766404946590573,150.36198437213898,0.37401550207750933,1e-06,1.7759240865707397,4.0,-3.0,0.0546875,1.0,0.0,1.7212365865707397,3.0,-3.0,0.0,0.0,0.0,1.9716050624847412,18.507633209228516,-3.0372753143310547,-0.009173020720481873,0.21683508157730103,1.732050895690918,-1.7320514917373657,-0.009173020720481873,1.732050895690918,-1.7320514917373657,95.0888671875,1024.0,1.0,0.01513671875,763.98046875,2048.0,414.0,0.00390625,31.623030922000908,11.126987140996789,1.3317512489993533,42.53538450700216,86.70941068600223,0.006324401259196049,0.0007569460779796412,0.1623842361791545,0.02417643122326587,,
66,,,,,439918,448374,8456,444724,444725,444724.75,-0.038330238312482834,0.001,0.46166287374993165,0.04637300223112106,0.004493107982367898,-0.000558789781644009,72.15830999612808,0.38620523274542606,1e-06,1.768837809562683,4.0,-3.0,0.05859375,1.0,0.0,1.710244059562683,3.0,-3.0,0.0,0.0,0.0,1.9404561519622803,19.95665168762207,-3.028181314468384,-0.027847295626997948,0.3019544780254364,1.732050895690918,-1.7320523262023926,-0.027847295626997948,1.732050895690918,-1.7320523262023926,89.82763671875,1024.0,1.0,0.0146484375,778.775390625,2048.0,416.0,0.00390625,36.85826480799733,11.195212973998423,1.534893172000011,41.70392460899893,91.38968761500291,0.006293338168158183,0.0008628332311165564,0.20035258936655667,0.023443671961701554,,
67,,,,,420090,444349,24259,431653,431654,431653.25,-0.020847365260124207,0.001,0.4360680057635081,0.013913529025840348,0.025151732028461993,0.024112450473004518,47.77194166183472,0.38185994858131217,1e-06,1.87631094455719,3.0,-3.0,0.07666015625,1.0,0.0,1.79965078830719,3.0,-3.0,0.0,0.0,0.0,2.027442455291748,21.02389144897461,-3.038306713104248,-0.026394100859761238,0.29934045672416687,1.7320512533187866,-1.7320526838302612,-0.026394100859761238,1.7320512533187866,-1.7320526838302612,88.08251953125,1024.0,16.0,0.0126953125,754.990234375,2048.0,399.0,0.001953125,33.950199868999334,10.817945967999549,1.1901562540006125,40.868903678001516,86.91177342899755,0.006265414408439847,0.0006893011080077658,0.18820131528939224,0.023669984923084395,,
68,,,,,425986,431296,5310,428496,428496,428496.0,0.048959702253341675,0.001,0.2501203304777543,0.0483829976990819,0.0008186190156266093,0.0031701796867613058,27.335693895816803,0.36778934416261355,1e-06,1.8621935844421387,4.0,-3.0,0.05615234375,1.0,0.0,1.8060412406921387,3.0,-3.0,0.0,0.0,0.0,1.9494786262512207,20.791976928710938,-3.024289131164551,-0.01455868873745203,0.32979851961135864,1.7320514917373657,-1.732053279876709,-0.01455868873745203,1.7320514917373657,-1.732053279876709,79.455078125,1024.0,1.0,0.00830078125,757.451171875,2048.0,393.0,0.00390625,41.46969686600278,11.220056576999923,1.1884545649991196,42.118632575002266,96.07094837099794,0.006546185131833158,0.0006933871990631882,0.25484683799564156,0.0245735272762186,,
69,,,,,442754,490737,47983,463624,463624,463624.0,-0.02067752555012703,0.001,0.2986468314643829,0.02531110550532298,0.00029224379930735357,0.011201043818390087,34.53037881851196,0.3901580549637381,1e-06,1.8056036233901978,4.0,-3.0,0.0712890625,1.0,0.0,1.7343145608901978,3.0,-3.0,0.0,0.0,0.0,1.9517561197280884,20.27969741821289,-3.033795118331909,-0.004945334047079086,0.29099398851394653,1.7320510149002075,-1.7320526838302612,-0.004945334047079086,1.7320510149002075,-1.7320526838302612,91.55078125,1024.0,1.0,0.013671875,813.96484375,2048.0,413.0,0.01171875,35.79745384900161,12.01748548699834,1.1839114219983458,43.137384534002194,92.20751587099949,0.006480189489218817,0.0006384006339179732,0.19092382690298254,0.02326097469824804,,
70,1.8931115761399269,0.0875,1.805611576139927,0.0,427141,438827,11686,433070,433071,433070.5,-0.0646018236875534,0.001,0.6144570369007332,0.058422862485583336,0.012309498865631343,-0.06786199928930207,175.97729921340942,0.37565813424790834,1e-06,1.8734012842178345,3.0,-3.0,0.06298828125,1.0,0.0,1.8104130029678345,3.0,-3.0,0.0,0.0,0.0,2.067434787750244,20.339176177978516,-3.0225186347961426,-0.014277486130595207,0.32735395431518555,1.732051134109497,-1.732051134109497,-0.014277486130595207,1.732051134109497,-1.732051134109497,85.8056640625,1024.0,1.0,0.013671875,760.03515625,2048.0,389.0,0.00390625,35.535597400998086,10.859241322003072,1.1635321600006137,41.70858584300004,110.15214971199748,0.0062687491540078764,0.0006716759511445675,0.20221702271096617,0.02407724945649729,7.4570303760010574,13.34378047300197
71,,,,,417080,445787,28707,434890,434890,434890.0,0.0396464467048645,0.001,0.30164423816162966,0.027976588627066593,0.0070415843009210095,-0.001602535275369205,34.01981467008591,0.3859328204544157,1e-06,1.855243444442749,4.0,-3.0,0.0537109375,1.0,0.0,1.801532506942749,3.0,-3.0,0.0,0.0,0.0,1.9510736465454102,20.1353759765625,-3.0245089530944824,-0.007942864671349525,0.26822495460510254,1.732050895690918,-1.7320526838302612,-0.007942864671349525,1.732050895690918,-1.7320526838302612,82.052734375,1024.0,1.0,0.0078125,767.341796875,2048.0,399.0,0.005859375,32.26809121200131,10.798919729000772,1.2571088219992816,40.748737203997734,85.15000054399934,0.006207845506335379,0.00072265907585785,0.19202168010759865,0.02342473798201714,,
72,,,,,424297,454519,30222,435494,435495,435494.75,0.045288749039173126,0.001,0.3115927404884634,-0.0062749574386418375,0.0005821120766681973,0.013577418068962288,2.3234513998031616,0.3723329804492017,1e-06,1.8658815622329712,3.0,-3.0,0.07568359375,1.0,0.0,1.7901979684829712,3.0,-3.0,0.0,0.0,0.0,1.9546148777008057,18.393268585205078,-3.0290939807891846,-0.012621823698282242,0.252041757106781,1.7320528030395508,-1.732054352760315,-0.012621823698282242,1.7320528030395508,-1.732054352760315,83.13037109375,1024.0,1.0,0.009765625,767.4453125,2048.0,393.0,0.00390625,33.01910296999995,10.973461661997135,1.3185764589979954,42.31390928700057,87.71091015399725,0.006299422474092474,0.0007569416502713267,0.1939436653529198,0.024290711476430294,,
73,,,,,426548,438607,12059,432493,432494,432493.25,-0.10049087554216385,0.001,0.7945588008899774,-0.005364220290045653,0.019229266652213743,-0.05162101489856598,108.92116928100586,0.3876189054557093,1e-06,1.8178757429122925,4.0,-3.0,0.07470703125,1.0,0.0,1.7431687116622925,3.0,-3.0,0.0,0.0,0.0,2.050206422805786,21.177114486694336,-3.0286929607391357,0.01663403958082199,0.25001129508018494,1.732051134109497,-1.732051134109497,0.01663403958082199,1.732051134109497,-1.732051134109497,92.17041015625,1024.0,1.0,0.01611328125,752.54296875,2048.0,418.0,0.001953125,32.30557404800129,11.302667818999907,1.3205496820010012,40.35625093899944,85.38477876399702,0.006533435966341618,0.0007633354289350188,0.17114175852515714,0.023327676755070418,,
74,,,,,409629,452648,43019,429890,429891,429890.5,0.008573655039072037,0.001,0.3640926836679379,-0.048472909101595484,0.010978810694844772,-0.005839239154496075,37.95279550552368,0.375320233410497,1e-06,1.8512811660766602,4.0,-3.0,0.0625,1.0,0.0,1.7887811660766602,3.0,-3.0,0.0,0.0,0.0,1.978790283203125,20.948463439941406,-3.029758930206299,0.0033300339709967375,0.32047736644744873,1.732050895690918,-1.7320513725280762,0.0033300339709967375,1.732050895690918,-1.7320513725280762,86.3173828125,1024.0,17.0,0.009765625,753.3125,2048.0,389.0,0.0078125,31.09645940000337,10.788372659997549,1.640677396000683,41.45595685099761,85.07585023399952,0.006273907343845438,0.0009541251760626736,0.1759068402176932,0.024108439736978144,,
75,,,,,426237,457445,31208,440912,440913,440912.5,-0.08481256663799286,0.001,0.508642909489572,-0.05989994550279031,0.023829963565610037,-0.0493363373085837,155.54444694519043,0.37501459530815334,1e-06,1.9065284729003906,3.0,-3.0,0.0703125,1.0,0.0,1.8362159729003906,3.0,-3.0,0.0,0.0,0.0,2.120434045791626,19.635087966918945,-3.0341734886169434,0.004065765533596277,0.2594372630119324,1.732051134109497,-1.7320513725280762,0.004065765533596277,1.732051134109497,-1.7320513725280762,87.7197265625,1024.0,16.0,0.015625,773.4375,2048.0,418.0,0.005859375,38.129538597000646,11.658598584999709,1.375993343997834,43.079952545002016,94.35387714099852,0.0066104944773621235,0.0007801963790989335,0.2122434656109137,0.02442658835086441,,
76,,,,,419293,464882,45589,447501,447501,447501.0,-0.08846946060657501,0.001,0.6315914082431024,-0.026198552951457038,0.0005457700237691883,0.09794345948959686,36.91239786148071,0.3804788539601711,1e-06,1.8824002742767334,4.0,-3.0,0.080078125,1.0,0.0,1.8023221492767334,3.0,-3.0,0.0,0.0,0.0,2.0970869064331055,20.358333587646484,-3.034562826156616,-0.004071065690368414,0.3161543905735016,1.7320512533187866,-1.7320525646209717,-0.004071065690368414,1.7320512533187866,-1.7320525646209717,91.73828125,1024.0,1.0,0.0166015625,782.287109375,2048.0,407.0,0.001953125,38.04747269899963,11.322976021998329,1.2836597550012812,42.58422279499791,93.31849562499701,0.0063256707929134955,0.000717126752231437,0.2025094352725124,0.023790015438511822,,
77,,,,,423994,453514,29520,440941,440941,440941.0,-0.07097804546356201,0.001,0.6159619466071168,0.013881426124322799,0.012729033208151738,0.018378737630912162,61.61400604248047,0.3817743105180813,1e-06,1.8823113441467285,4.0,-3.0,0.0771484375,1.0,0.0,1.8051629066467285,3.0,-3.0,0.0,0.0,0.0,2.087576389312744,24.653535842895508,-3.032087564468384,-0.033680908381938934,0.2974548041820526,1.7320512533187866,-1.7320526838302612,-0.033680908381938934,1.7320512533187866,-1.7320526838302612,93.4921875,1024.0,15.0,0.01513671875,767.720703125,2048.0,399.0,0.005859375,32.00289304800026,11.132588892000058,1.2142742189971614,41.80460181400122,86.24976049999896,0.006311835876001584,0.0006884561761081196,0.16714137340185645,0.023701924868633907,,
78,,,,,419719,457403,37684,442326,442327,442326.75,-0.06959277391433716,0.001,0.4368577725414572,-0.057649336851619444,0.00034246706014402724,0.02414724235734019,52.155850648880005,0.3739106923690561,1e-06,1.8693236112594604,3.0,-3.0,0.08056640625,1.0,0.0,1.7887572050094604,3.0,-3.0,0.0,0.0,0.0,2.0731136798858643,20.625463485717773,-3.031921148300171,-0.008179652504622936,0.27236148715019226,1.7320512533187866,-1.7320516109466553,-0.008179652504622936,1.7320512533187866,-1.7320516109466553,88.90380859375,1024.0,17.0,0.013671875,775.015625,2048.0,416.0,0.005859375,40.477385633002996,11.283322209001199,1.2876998520005145,42.80010992499956,95.96836322700256,0.00637725516770193,0.0007277989924871798,0.22231160583826992,0.024190324191900873,,
79,,,,,424296,474034,49738,450689,450689,450689.0,-0.09318453073501587,0.001,0.40895226041996674,-0.06301915644097232,0.00044254876669466253,0.010604339872271896,38.678831696510315,0.389806856433289,1e-06,1.7603970766067505,4.0,-3.0,0.07568359375,1.0,0.0,1.6847134828567505,3.0,-3.0,0.0,0.0,0.0,1.9796357154846191,20.08082389831543,-3.0335991382598877,-0.0006186583195813,0.2603439390659332,1.732053279876709,-1.7320514917373657,-0.0006186583195813,1.732053279876709,-1.7320514917373657,95.66015625,1024.0,1.0,0.015625,784.591796875,2048.0,389.0,0.001953125,33.75064254799872,11.597652868000296,1.2495489360007923,41.912662745999114,88.6098814299985,0.006433290399810233,0.0006931325903232564,0.1722745035934436,0.023249215504482643,,
80,1.8739449087530375,0.0875,1.7864449087530374,0.0,413293,440422,27129,427302,427303,427302.5,-0.048168718814849854,0.001,0.46136657265014946,-0.0048632874552692685,0.009624419350335043,0.03507039621199835,59.68007177114487,0.3848749864415271,1e-06,1.8467159271240234,4.0,-3.0,0.06298828125,1.0,0.0,1.7837276458740234,3.0,-3.0,0.0,0.0,0.0,2.0299808979034424,21.44356918334961,-3.0259716510772705,-0.024504678323864937,0.21460068225860596,1.732050895690918,-1.7320512533187866,-0.024504678323864937,1.732050895690918,-1.7320512533187866,85.1845703125,1024.0,1.0,0.0126953125,749.390625,2048.0,393.0,0.001953125,33.18019301300228,10.843030438001733,1.1892092199996114,40.14422254999954,109.46662100399772,0.006343884272852214,0.0006957654237920509,0.19019014899289388,0.023487004259277407,8.336140409999643,15.457065193000744
81,,,,,429380,471139,41759,449718,449719,449718.25,-0.02242983877658844,0.001,0.46260137651115657,0.0011550710846980413,0.0002822342425740013,0.05363407581990032,23.116904348134995,0.38009003716580364,1e-06,1.960574984550476,4.0,-3.0,0.0673828125,1.0,0.0,1.893192172050476,3.0,-3.0,0.0,0.0,0.0,2.112111806869507,24.617788314819336,-3.024932384490967,-0.0039334590546786785,0.2253558337688446,1.732050895690918,-1.7320513725280762,-0.0039334590546786785,1.732050895690918,-1.7320513725280762,86.37939453125,1024.0,16.0,0.0107421875,791.9765625,2048.0,399.0,0.0078125,34.63176352899973,11.780897033000656,1.274883370999305,42.873549054998875,90.66869168900303,0.006549043224841696,0.0007087122720721836,0.1957647524320948,0.02383356082113572,,
82,,,,,420151,477267,57116,439082,439083,439082.5,-0.07740949094295502,0.001,0.4737913363195699,0.05700591346248984,0.00047378036281864707,0.0028677046801272683,29.545018196105957,0.3741607268367256,1e-06,1.9179307222366333,4.0,-3.0,0.076171875,1.0,0.0,1.8417588472366333,3.0,-3.0,0.0,0.0,0.0,2.1366653442382812,24.842716217041016,-3.0351922512054443,-0.012477782554924488,0.2803637683391571,1.732050895690918,-1.7320512533187866,-0.012477782554924488,1.732050895690918,-1.7320512533187866,88.4091796875,1024.0,15.0,0.013671875,769.173828125,2048.0,407.0,0.005859375,38.509644246998505,11.173624862996803,1.1653659270014032,42.47747099499975,93.42688230599742,0.006361916532198848,0.0006635233281908316,0.21268761113319473,0.024185358671206292,,
83,,,,,419785,437964,18179,430024,430025,430024.5,-0.14824941754341125,0.001,0.8401806800559696,-0.026565966395927326,0.003372084662260022,-0.08718729676261969,7.832021623849869,0.3834565191438103,1e-06,1.965529203414917,3.0,-3.0,0.0908203125,1.0,0.0,1.874708890914917,3.0,-3.0,0.0,0.0,0.0,2.2462782859802246,21.765060424804688,-3.024531364440918,0.004673141986131668,0.1585937887430191,1.7320523262023926,-1.732050895690918,0.004673141986131668,1.7320523262023926,-1.732050895690918,89.9990234375,1024.0,1.0,0.01806640625,749.892578125,2048.0,414.0,0.005859375,28.61226445200009,11.390673414996854,1.3367589070003305,40.53751330900195,81.97410433500045,0.006622107237492779,0.0007771411320752251,0.15523315385366643,0.023566978921550952,,
84,,,,,431069,443222,12153,434504,434504,434504.0,-0.11742661148309708,0.001,0.6839622208582503,0.09457387035113893,0.015416783637192566,-0.0962052409678498,184.73808306455612,0.37706929649445353,1e-06,1.9165544509887695,4.0,-3.0,0.06494140625,1.0,0.0,1.851613163948059,3.0,-3.0,0.0,0.0,0.0,2.163820743560791,21.187936782836914,-3.0517027378082275,-0.002234409796074033,0.22339682281017303,1.7320510149002075,-1.732051134109497,-0.002234409796074033,1.7320510149002075,-1.732051134109497,88.94140625,1024.0,17.0,0.0166015625,759.69921875,2048.0,426.0,0.005859375,33.82877937200101,10.8406604970005,1.2904377289996773,41.71937827799775,87.76440101599655,0.006237376696762572,0.0007424774737399871,0.18571730956564303,0.024004024288612848,,
85,,,,,423199,439883,16684,432904,432905,432904.75,-0.09960624575614929,0.001,0.7559241845582922,0.032235154734614,0.0002481610446314638,-0.011957635140849259,98.03281021118164,0.3651100301050486,1e-06,1.9484189748764038,4.0,-3.0,0.08935546875,1.0,0.0,1.8590632677078247,3.0,-3.0,0.0,0.0,0.0,2.185305595397949,19.63610076904297,-3.0221033096313477,-0.0059069180861115456,0.29008176922798157,1.732051134109497,-1.7320514917373657,-0.0059069180861115456,1.732051134109497,-1.7320514917373657,88.56787109375,1024.0,1.0,0.01806640625,756.94921875,2048.0,389.0,0.0078125,32.644742053998925,10.923139829003048,1.3838119530009863,42.899671326002135,87.95855544000005,0.006308050344217202,0.00079914343340018,0.17997288699851105,0.024774313128928555,,
86,,,,,410622,461971,51349,442041,442042,442041.25,-0.06363852322101593,0.001,0.6331086270661364,-0.022022897678036845,0.0010314425735193635,0.018732944444749475,23.48079940676689,0.373071440116906,1e-06,1.8774471282958984,3.0,-3.0,0.0615234375,1.0,0.0,1.8159236907958984,3.0,-3.0,0.0,0.0,0.0,2.07318115234375,20.965892791748047,-3.0368950366973877,-0.021394308656454086,0.2860492169857025,1.7320510149002075,-1.7320526838302612,-0.021394308656454086,1.7320510149002075,-1.7320526838302612,92.62353515625,1024.0,17.0,0.01513671875,770.73828125,2048.0,416.0,0.001953125,31.53701615599857,11.219806442000845,1.4449922050007444,42.903178577998915,87.23879395599943,0.006345452173298785,0.0008172270150131602,0.16625292528453117,0.02426423924124667,,
87,,,,,431644,462739,31095,449027,449027,449027.0,-0.12311333417892456,0.001,0.6058801045020421,0.030365974533682068,0.0011546540539711715,0.013638959815913647,33.553213119506836,0.38953179297215723,1e-06,1.8563467264175415,4.0,-3.0,0.0703125,1.0,0.0,1.7860342264175415,3.0,-3.0,0.0,0.0,0.0,2.1133668422698975,22.117351531982422,-3.0355029106140137,0.00565227959305048,0.2417888194322586,1.732050895690918,-1.7320514917373657,0.00565227959305048,1.732050895690918,-1.7320514917373657,93.359375,1024.0,1.0,0.01806640625,783.646484375,2048.0,420.0,0.00390625,37.568164898999385,11.35739820299932,1.352327974000218,41.818372003999684,92.2235578510008,0.006323338130557472,0.0007529213020599085,0.19648621809100097,0.0232827714168634,,
88,,,,,409775,461432,51657,441025,441026,441025.75,-0.18150462210178375,0.001,0.769077105820179,-0.06598970592021942,0.0031709722136535373,-0.07757613075100381,134.10454842448235,0.3810595128600118,1e-06,1.9232193231582642,4.0,-3.0,0.060546875,1.0,0.0,1.8626724481582642,3.0,-3.0,0.0,0.0,0.0,2.238926887512207,22.779891967773438,-3.022390127182007,0.03697289153933525,0.2714458107948303,1.7320514917373657,-1.7320512533187866,0.03697289153933525,1.7320514917373657,-1.7320512533187866,95.23388671875,1024.0,16.0,0.02099609375,766.14453125,2048.0,399.0,0.005859375,33.7671088850002,11.201716340998246,1.266746126999351,41.892385705999914,88.26162875799855,0.006349808566165494,0.0007180681213054742,0.17313003494173063,0.023747131378383187,,
89,,,,,415336,453873,38537,437723,437724,437723.75,-0.13148388266563416,0.001,0.8718124135429489,-0.011210603286223165,0.0005641135282750273,0.027603924859281034,54.6737006008625,0.3770698512677583,1e-06,1.8971624374389648,4.0,-3.0,0.05810546875,1.0,0.0,1.8390569686889648,3.0,-3.0,0.0,0.0,0.0,2.1607866287231445,18.244426727294922,-3.0286495685577393,-0.031590819358825684,0.27504414319992065,1.732051134109497,-1.7320512533187866,-0.031590819358825684,1.732051134109497,-1.7320512533187866,92.69091796875,1024.0,1.0,0.02001953125,762.23828125,2048.0,393.0,0.001953125,30.270181142001093,11.175519710999652,1.1874782420018164,41.98988294899755,84.73378952799976,0.006382746944276871,0.00067821213836456,0.15945857706065444,0.023981953771641102,,
90,1.8771500393748284,0.0875,1.7896500393748282,0.0,435945,449724,13779,442522,442523,442522.75,-0.3480519652366638,0.001,1.5483013925052458,-0.014929627849450034,0.0192540250164682,-0.02170626737065064,105.680344581604,0.3784936864391289,1e-06,1.8424220085144043,4.0,-3.0,0.08544921875,1.0,0.0,1.7569727897644043,3.0,-3.0,0.0,0.0,0.0,2.3313088417053223,21.65174674987793,-3.042659282684326,0.006471731700003147,0.19614042341709137,1.732053279876709,-1.732051134109497,0.006471731700003147,1.732053279876709,-1.732051134109497,108.52880859375,1024.0,1.0,0.03564453125,755.7734375,2047.0,419.0,0.0,33.553651477999665,11.27652933400168,1.2274540539983718,42.33364788799736,110.67660764899847,0.006370593000021852,0.0006934412151682438,0.15096101300687761,0.023916085606896682,8.399770184998488,13.756593549001991
91,,,,,436399,467229,30830,451616,451617,451616.75,-0.5032503604888916,0.001,1.795342517475928,-0.008323131294380273,0.0038589811123411863,-0.0024444181327717453,66.20054149627686,0.38117317698555364,1e-06,1.8033829927444458,3.0,-3.0,0.0791015625,1.0,0.0,1.7242814302444458,3.0,-3.0,0.0,0.0,0.0,2.452451705932617,20.69234848022461,-3.0301692485809326,0.004267195239663124,0.220899298787117,1.732051134109497,-1.7320514917373657,0.004267195239663124,1.732051134109497,-1.7320514917373657,120.35107421875,1024.0,17.0,0.0478515625,761.712890625,2048.0,399.0,0.009765625,34.26981475100183,11.402142810999067,1.2930592310003703,42.948589386000094,90.01020690400037,0.006311846721251518,0.0007157945486966384,0.13903746262765523,0.023774909470253316,,
92,,,,,450633,487135,36502,469748,469748,469748.0,-0.728850781917572,0.001,2.174209774006158,-0.00858206193697697,0.01772383893148799,0.06158463256497271,97.3712511062622,0.386581387470534,1e-06,1.7970149517059326,3.0,-3.0,0.06396484375,1.0,0.0,1.7330501079559326,3.0,-3.0,0.0,0.0,0.0,2.669856309890747,22.336994171142578,-3.026949644088745,-0.012043832801282406,0.22802689671516418,1.732050895690918,-1.7320512533187866,-0.012043832801282406,1.732050895690918,-1.7320512533187866,133.845703125,1024.0,1.0,0.0595703125,783.630859375,2048.0,416.0,0.001953125,36.10896034600228,12.074868062998576,1.3094713280006545,44.12220765500024,93.71253366000019,0.0064262477237788,0.0006969009596638274,0.13172875843074566,0.02348184965928553,,
93,,,,,454758,474014,19256,466152,466153,466152.5,-0.7894706130027771,0.001,2.293459052219987,0.010658156068529934,0.021163023512599466,0.06728472111311135,113.9716682434082,0.39186537388645637,1e-06,1.8946458101272583,4.0,-3.0,0.07373046875,1.0,0.0,1.8209153413772583,3.0,-3.0,0.0,0.0,0.0,2.830317497253418,21.736679077148438,-3.029581069946289,0.0029029471334069967,0.24558676779270172,1.732050895690918,-1.7320512533187866,0.0029029471334069967,1.732050895690918,-1.7320512533187866,135.8544921875,1024.0,1.0,0.0634765625,774.599609375,2048.0,389.0,0.001953125,33.931364731997746,11.762347460000456,1.2612357470025017,43.24372635899999,90.30700928999795,0.006308207861161559,0.0006764072631823822,0.12195437131868507,0.023191834409876592,,
94,,,,,452187,463413,11226,457878,457879,457878.75,-0.6648280024528503,0.001,1.9032801110297441,0.062116405490087345,0.0024851688749549794,-0.0015049821395223262,103.2482852935791,0.3822236011597665,1e-06,1.910022258758545,4.0,-3.0,0.08154296875,1.0,0.0,1.828479290008545,3.0,-3.0,0.0,0.0,0.0,2.7158751487731934,22.16788101196289,-3.045177698135376,-0.0019203504780307412,0.16745176911354065,1.732051134109497,-1.732050895690918,-0.0019203504780307412,1.732051134109497,-1.732050895690918,128.88623046875,1024.0,1.0,0.05419921875,765.408203125,2048.0,425.0,0.00390625,32.787573205001536,11.565212446999794,1.2450568690001091,43.456358408002416,89.13339557600193,0.006314560594371214,0.0006797961627396495,0.12421464395986322,0.023727001093631454,,
95,,,,,442263,465292,23029,456059,456060,456059.5,-0.6776668429374695,0.001,2.0208690382780565,-0.037975642093149346,0.033697598314310816,-0.12833635489157807,63.76395320892334,0.3900217782046477,1e-06,1.9197555780410767,4.0,-3.0,0.076171875,1.0,0.0,1.8435837030410767,3.0,-3.0,0.0,0.0,0.0,2.7501533031463623,20.88750648498535,-3.026401996612549,0.02158365771174431,0.17203861474990845,1.732050895690918,-1.7320510149002075,0.02158365771174431,1.732050895690918,-1.7320510149002075,129.5185546875,1024.0,1.0,0.05908203125,761.22265625,2048.0,402.0,0.005859375,33.639746545999515,12.16843548900215,1.326618310999038,42.411527750999085,89.63498576799975,0.006670421013596992,0.0007272177813416001,0.1268208831761237,0.023248900500372805,,
96,,,,,459525,480800,21275,468340,468341,468340.5,-0.6747578978538513,0.001,1.9748966812621802,-0.0038478175483760424,0.02738478996707272,-0.12774966344659333,74.51517248153687,0.37757205943697625,1e-06,1.9507713317871094,4.0,-3.0,0.0791015625,1.0,0.0,1.8716697692871094,3.0,-3.0,0.0,0.0,0.0,2.766028642654419,20.985767364501953,-3.036086082458496,0.022372355684638023,0.22009967267513275,1.732050895690918,-1.7320526838302612,0.022372355684638023,1.732050895690918,-1.7320526838302612,139.1279296875,1024.0,16.0,0.05859375,775.599609375,2048.0,414.0,0.009765625,34.671374706998904,11.906159056001343,1.9527777579969552,45.10944166599802,93.76311969800008,0.006355503664535388,0.001042392104674353,0.12168212535885119,0.024079404656440144,,
97,,,,,447725,492653,44928,462524,462525,462524.75,-0.7492042779922485,0.001,2.0019638945659,0.008365291248386105,0.0005967293274200832,0.018881373203475958,75.81520938873291,0.38878667310961945,1e-06,1.8966697454452515,4.0,-3.0,0.0693359375,1.0,0.0,1.8273338079452515,3.0,-3.0,0.0,0.0,0.0,2.792978525161743,19.548381805419922,-3.035165309906006,-0.0035622850991785526,0.19073669612407684,1.7320525646209717,-1.732053279876709,-0.0035622850991785526,1.7320525646209717,-1.732053279876709,139.90185546875,1024.0,1.0,0.06640625,763.466796875,2048.0,424.0,0.00390625,38.56876432499848,11.55433811599869,1.3129742970013467,43.165173028002755,94.71675284600133,0.006245253965327633,0.0007096778588612537,0.13461154173021156,0.023331277422452935,,
98,,,,,446167,480716,34549,462483,462484,462483.75,-0.6855298280715942,0.001,2.317168442712676,-0.024421479192472274,0.04760355328307337,-0.11578244480264285,164.01876083016396,0.3803293656245212,1e-06,1.9072529077529907,4.0,-3.0,0.0556640625,1.0,0.0,1.8515888452529907,3.0,-3.0,0.0,0.0,0.0,2.7352705001831055,19.608402252197266,-3.0322208404541016,0.024120496585965157,0.19558043777942657,1.7320510149002075,-1.7320516109466553,0.024120496585965157,1.7320510149002075,-1.7320516109466553,139.47802734375,1024.0,16.0,0.06298828125,763.810546875,2048.0,407.0,0.005859375,34.07080884500101,11.970122942999296,1.7738068230028148,44.20356381199963,92.1266492729992,0.0064705640700885685,0.0009588481881811062,0.11927425020392371,0.023894657818788027,,
99,,,,,443183,484502,41319,470929,470930,470929.25,-0.8448865413665771,0.001,2.442590717691928,0.004025155445560813,0.00784453603773727,0.0787150998312427,40.145813941955566,0.3727446504923672,1e-06,2.0221238136291504,4.0,-3.0,0.07373046875,1.0,0.0,1.9483933448791504,3.0,-3.0,0.0,0.0,0.0,3.018049478530884,18.19426918029785,-3.039693593978882,-0.01590597629547119,0.19864150881767273,1.732053279876709,-1.7320525646209717,-0.01590597629547119,1.732053279876709,-1.7320525646209717,152.77001953125,1024.0,16.0,0.080078125,767.013671875,2048.0,399.0,0.00390625,35.085663147998275,11.917132937000133,1.817797140996845,45.885250213999825,94.83173173800242,0.006326392412979303,0.0009650054339355885,0.11214027144559702,0.024358887356221676,,
100,1.8646500393748284,0.0875,1.7771500393748283,0.0,476051,507344,31293,489837,489837,489837.0,-1.1819051504135132,0.001,3.2023804308846593,-0.049779288048739545,0.028167770621621457,-0.09664952382445335,126.41382789611816,0.3776613700436312,1e-06,1.8262808322906494,4.0,-3.0,0.0615234375,1.0,0.0,1.7647573947906494,3.0,-3.0,0.0,0.0,0.0,3.16581130027771,18.87270736694336,-3.032599687576294,0.02368958294391632,0.20676131546497345,1.732051134109497,-1.732051134109497,0.02368958294391632,1.732051134109497,-1.732051134109497,176.740234375,1024.0,1.0,0.1044921875,779.97265625,2048.0,414.0,0.009765625,35.272526592998474,12.301063339000393,1.2992029589986487,47.19708051600173,146.27803497599962,0.006278141166857747,0.0006630792278853214,0.09744760968769954,0.02408815611928138,7.930843404999905,42.14134487600313
