step,val/test_score/rlla,val/test_format/rlla,val/test_correctness/rlla,val/test_length/rlla,global_seqlen/min,global_seqlen/max,global_seqlen/minmax_diff,global_seqlen/balanced_min,global_seqlen/balanced_max,global_seqlen/mean,critic/kl,critic/kl_coeff,gdpo/pi_correctness,gdpo/w_correctness,gdpo/active_groups_correctness,gdpo/pi_format,gdpo/w_format,gdpo/active_groups_format,actor/entropy_loss,actor/pg_loss,actor/pg_clipfrac,actor/ppo_kl,actor/grad_norm,mfu/actor,actor/lr,critic/score/mean,critic/score/max,critic/score/min,critic/format_score/mean,critic/format_score/max,critic/format_score/min,critic/correctness_score/mean,critic/correctness_score/max,critic/correctness_score/min,critic/length_score/mean,critic/length_score/max,critic/length_score/min,critic/rewards/mean,critic/rewards/max,critic/rewards/min,critic/advantages/mean,critic/advantages/var,critic/advantages/max,critic/advantages/min,critic/returns/mean,critic/returns/max,critic/returns/min,response_length/mean,response_length/max,response_length/min,response_length/clip_ratio,prompt_length/mean,prompt_length/max,prompt_length/min,prompt_length/clip_ratio,timing_s/gen,timing_s/ref,timing_s/adv,timing_s/update_actor,timing_s/step,timing_per_token_ms/adv,timing_per_token_ms/ref,timing_per_token_ms/gen,timing_per_token_ms/update_actor,timing_s/testing,timing_s/save_checkpoint
0,-2.51875,0.025,-2.54375,0.0,,,,,,,,,,,,,,,,,,,,,,,,,,,,,,,,,,,,,,,,,,,,,,,,,,,,,,,,,,,,,,
1,,,,,444328,459850,15522,452100,452101,452100.25,2.1220272174105048e-05,0.001,0.146484375,1.0,75.0,0.0234375,1.0,12.0,0.6839602710679173,-0.03390693356777774,0.0,0.0,5.0194315910339355,0.3500988119848399,1e-06,-2.462324619293213,4.0,-3.0,0.0068359375,1.0,0.0,-2.469160556793213,3.0,-3.0,0.0,0.0,0.0,-2.4620368480682373,3.9999961853027344,-3.0016226768493652,-6.066283919636817e-09,0.9999997615814209,8.405543327331543,-3.8786089420318604,-6.066283919636817e-09,8.405543327331543,-3.8786089420318604,117.90673828125,1024.0,1.0,0.00341796875,765.1015625,2048.0,420.0,0.00390625,50.53312366899627,11.440008618999855,1.445350394002162,46.72668867900211,110.26070223299757,0.0007992422001548118,0.006326035331212411,0.2092702855764258,0.02583867664251574,,
2,,,,,442079,465187,23108,449130,449131,449130.5,-0.0006095208809711039,0.001,0.1484375,1.0,76.0,0.015625,1.0,8.0,0.5507911175489426,-0.058538685583819944,0.002715822553727776,0.00028200611074377473,113.27853989601135,0.3833742695832326,1e-06,-2.4093832969665527,4.0,-3.0,0.0048828125,1.0,0.0,-2.4142661094665527,3.0,-3.0,0.0,0.0,0.0,-2.408524751663208,4.00032901763916,-3.002441644668579,3.5187166513850343e-09,0.9999998807907104,9.189756393432617,-4.576875686645508,3.5187166513850343e-09,9.189756393432617,-4.576875686645508,118.5751953125,1024.0,1.0,0.00439453125,758.6328125,2048.0,389.0,0.001953125,47.301775681000436,11.690107091002574,1.4354510490011307,42.37489141400147,102.90832379700441,0.0007990166827910434,0.006507077058339711,0.19478416287545167,0.023587182018367417,,
3,,,,,455499,470517,15018,462770,462771,462770.25,0.013935700058937073,0.001,0.3359375,1.0,172.0,0.0234375,1.0,12.0,0.6616594707593322,-0.014297020112280734,0.01397977740271017,0.017005658267407853,122.65306413173676,0.37852166466251536,1e-06,-2.1140193939208984,4.0,-3.0,0.00634765625,1.0,0.0,-2.1203670501708984,3.0,-3.0,0.0,0.0,0.0,-2.113304853439331,4.000116348266602,-3.2162981033325195,-8.248655980480635e-09,1.0000001192092896,5.747448921203613,-2.8597207069396973,-8.248655980480635e-09,5.747448921203613,-2.8597207069396973,115.61572265625,1024.0,1.0,0.00830078125,788.232421875,2048.0,407.0,0.00390625,39.906375187994854,12.0270788179987,1.263489593002305,44.29612571399775,97.59170550800627,0.0006825685061876303,0.006497327139114225,0.16853706669029547,0.023929868932800753,,
4,,,,,440166,454350,14184,449593,449594,449593.5,0.07389432191848755,0.001,0.65625,1.0,336.0,0.01171875,1.0,6.0,0.4893242255333931,-0.032391295558021914,0.00905827369781271,0.004009371347614609,214.73861169815063,0.3777218045336549,1e-06,-1.1828758716583252,4.0,-3.0,0.00390625,1.0,0.0,-1.1867821216583252,3.0,-3.0,0.0,0.0,0.0,-1.1827449798583984,4.0005202293396,-3.1900970935821533,2.4677868637468237e-09,1.0000001192092896,4.356350421905518,-2.1644370555877686,2.4677868637468237e-09,4.356350421905518,-2.1644370555877686,96.6123046875,1024.0,1.0,0.00390625,781.5,2048.0,399.0,0.009765625,35.035591569001554,11.286655497002357,1.6160631980019389,43.105982688997756,91.14932226199744,0.0008986246453751771,0.006276033515276776,0.17707084517998178,0.02396942053710616,,
5,,,,,438197,446448,8251,442154,442154,442154.0,0.1438029706478119,0.001,0.724609375,1.0,371.0,0.0078125,1.0,4.0,0.36742949537162123,0.007074514259423675,0.0043533801518637555,0.0008802914328792463,141.7309765815735,0.3851048323096675,1e-06,-0.2306152880191803,3.5,-3.0,0.00244140625,1.0,0.0,-0.2330566942691803,3.0,-3.0,0.0,0.0,0.0,-0.23212724924087524,3.502880811691284,-3.0112545490264893,-1.9512963689294338e-08,0.9999999403953552,3.2677063941955566,-2.4593422412872314,-1.9512963689294338e-08,3.2677063941955566,-2.4593422412872314,85.529296875,1024.0,1.0,0.00244140625,778.052734375,2048.0,393.0,0.005859375,34.73732946900418,11.711153837000893,1.3640857760037761,41.48728151899559,89.40847471799498,0.0007712730044304564,0.006621648699887874,0.19831317775915244,0.023457483998219845,,
6,,,,,417838,425813,7975,423083,423084,423083.75,0.16329652070999146,0.001,0.685546875,1.0,351.0,0.005859375,1.0,3.0,0.35390265339187216,-0.01481358940613323,0.002096973334638668,6.814517558138635e-05,26.65161246061325,0.3698681582942079,1e-06,0.5129646062850952,3.0,-3.0,0.00146484375,1.0,0.0,0.5114997625350952,3.0,-3.0,0.0,0.0,0.0,0.5097934007644653,2.9989280700683594,-3.0738096237182617,1.8206176122248507e-08,1.0000001192092896,2.025752305984497,-2.092372417449951,1.8206176122248507e-08,2.025752305984497,-2.092372417449951,85.12060546875,1024.0,1.0,0.0029296875,741.21484375,2048.0,418.0,0.001953125,36.848459250002634,11.241002121001657,1.5265017290003016,41.299558302998776,91.02989661600441,0.000902009193806369,0.006642303161609053,0.21137551412003094,0.024403890661718143,,
7,,,,,420102,469211,49109,434767,434768,434767.75,0.12959007918834686,0.001,0.595703125,1.0,305.0,0.01171875,1.0,6.0,0.3525183493721074,0.012309950374966037,0.001879858222372573,-0.0002583117607016526,3.94264417886734,0.37724651176323926,1e-06,0.7758629322052002,3.0,-3.0,0.0029296875,1.0,0.0,0.7729332447052002,3.0,-3.0,0.0,0.0,0.0,0.7714577913284302,2.9999172687530518,-3.0203118324279785,-8.695657527368894e-09,1.0,2.0912387371063232,-2.0433404445648193,-8.695657527368894e-09,2.0912387371063232,-2.0433404445648193,89.10888671875,1024.0,1.0,0.00341796875,760.046875,2048.0,413.0,0.0078125,43.81286397099757,10.888018716999795,1.4304288420025841,41.66608726599952,97.89628282899503,0.000822524693932901,0.006260824725959892,0.24007706496615014,0.023958818970588044,,
8,,,,,417610,434561,16951,427225,427226,427225.5,0.12103531509637833,0.001,0.595703125,1.0,305.0,0.01171875,1.0,6.0,0.3556781778378146,0.023264128415446197,0.007510574208156738,-0.0009820498853514437,14.674602091312408,0.3772002671109402,1e-06,1.1524124145507812,3.0,-3.0,0.00390625,1.0,0.0,1.1485061645507812,3.0,-3.0,0.0,0.0,0.0,1.1496531963348389,4.5627593994140625,-3.0180978775024414,-1.4896979205758498e-09,1.0000001192092896,2.0665228366851807,-2.0458295345306396,-1.4896979205758498e-09,2.0665228366851807,-2.0458295345306396,80.0224609375,1024.0,1.0,0.001953125,754.40234375,2048.0,389.0,0.001953125,39.94111493199307,10.98665752299712,1.2889574199944036,40.8930816639986,93.22810003599443,0.0007542605836931572,0.006429074062173911,0.24371279384445937,0.02392944806899319,,
9,,,,,411228,463942,52714,435750,435751,435750.5,0.12064117193222046,0.001,0.5,1.0,256.0,0.00390625,1.0,2.0,0.3032286937038104,-0.09543087656299273,0.0016717254164783904,-0.010721428157739864,299.9106812477112,0.36973063570011766,1e-06,1.2950738668441772,3.0,-3.0,0.00146484375,1.0,0.0,1.2936090230941772,3.0,-3.0,0.0,0.0,0.0,1.2914271354675293,3.0001449584960938,-3.0162465572357178,6.892499904154192e-09,1.0000001192092896,2.216365337371826,-2.216665506362915,6.892499904154192e-09,2.216365337371826,-2.216665506362915,86.4775390625,1024.0,1.0,0.0029296875,764.59765625,2048.0,413.0,0.00390625,34.89321962900431,11.081780175001768,2.0810042239972972,42.63697901600244,90.7963365579999,0.0011939195847149328,0.0063578700282626,0.1970188453751104,0.024461807281920756,,
10,1.571452504582703,0.025,1.5464525045827031,0.0,417547,440257,22710,433579,433580,433579.25,0.10513274371623993,0.001,0.462890625,1.0,237.0,0.0078125,1.0,4.0,0.38856707718865624,0.06206392485584165,0.015859595108536427,0.025449467331656768,55.12700301408768,0.3764877314826971,1e-06,1.2224730253219604,3.0,-3.0,0.001953125,1.0,0.0,1.2205199003219604,3.0,-3.0,0.0,0.0,0.0,1.2175706624984741,2.9993295669555664,-3.0185885429382324,-5.757320842292302e-09,0.9999999403953552,2.3164520263671875,-2.2934014797210693,-5.757320842292302e-09,2.3164520263671875,-2.2934014797210693,82.82275390625,1024.0,1.0,0.00341796875,764.01171875,2048.0,402.0,0.00390625,34.16277373599587,10.90955435000069,1.638538088001951,41.610573959995236,112.81223938100447,0.00094477427598412,0.0062904038592717995,0.20140651060892148,0.023992484626510168,10.104679806005151,14.275566166004864
11,,,,,416876,448806,31930,430502,430503,430502.5,0.1153087243437767,0.001,0.40625,1.0,208.0,0.015625,1.0,8.0,0.35542674979259226,0.012683927755931327,0.001609477965193319,0.00016023071657400578,11.356763541698456,0.37493473757630025,1e-06,1.357552170753479,3.0,-3.0,0.005859375,1.0,0.0,1.351692795753479,3.0,-3.0,0.0,0.0,0.0,1.352853536605835,4.760494232177734,-3.0257413387298584,-4.747143123040587e-09,1.0,2.3433170318603516,-2.3339037895202637,-4.747143123040587e-09,2.3433170318603516,-2.3339037895202637,83.5751953125,1024.0,1.0,0.00390625,757.25,2048.0,419.0,0.0078125,40.146610273004626,10.887220541997522,1.3811005919997115,41.489126761996886,94.019573288002,0.0008020282065723843,0.006322391009342293,0.2345532902922648,0.024093429632811008,,
12,,,,,436900,459802,22902,447820,447821,447820.75,0.10161644965410233,0.001,0.423828125,1.0,217.0,0.009765625,1.0,5.0,0.29919701913992564,0.022403254499658944,0.0012199337147952368,-0.00011842572251528812,74.29099321365356,0.37174817599333426,1e-06,1.2701070308685303,3.0,-3.0,0.00439453125,1.0,0.0,1.2657124996185303,3.0,-3.0,0.0,0.0,0.0,1.2652286291122437,3.0006749629974365,-3.754744291305542,-2.2922545639403324e-08,1.0,2.398776054382324,-2.377720355987549,-2.2922545639403324e-08,2.398776054382324,-2.377720355987549,87.92138671875,1024.0,1.0,0.00341796875,786.728515625,2048.0,393.0,0.0078125,35.33829341099772,11.234877818002133,1.766931605998252,43.637569848004205,92.10648634799873,0.000986405613182424,0.006271972557101325,0.19625516297627899,0.024361069606535765,,
13,,,,,423227,442981,19754,436044,436045,436044.5,0.10338161885738373,0.001,0.40234375,1.0,206.0,0.0078125,1.0,4.0,0.29276811198464464,0.10135126496399087,0.003550041121863095,-0.0019443922131228777,125.00136405229568,0.389329461075804,1e-06,1.3132648468017578,3.0,-3.0,0.00439453125,1.0,0.0,1.3088703155517578,3.0,-3.0,0.0,0.0,0.0,1.3133351802825928,5.326763153076172,-3.018174171447754,1.5985612833446794e-08,1.0,2.443147659301758,-2.472221612930298,1.5985612833446794e-08,2.443147659301758,-2.472221612930298,85.7587890625,1024.0,1.0,0.0029296875,765.890625,2048.0,399.0,0.001953125,34.83573356799752,11.128375237996806,1.575327592996473,40.496014682998066,88.14901230399846,0.0009031919867103432,0.006380297904225834,0.19834276716351915,0.023217822196471956,,
14,,,,,425978,456358,30380,444414,444415,444414.75,0.11658335477113724,0.001,0.416015625,1.0,213.0,0.009765625,1.0,5.0,0.35066864086735633,-0.04172056667026012,0.0044155986247313836,-0.002015542653445605,138.9730858206749,0.3766464582739265,1e-06,1.4168378114700317,3.0,-3.0,0.00390625,1.0,0.0,1.4129315614700317,3.0,-3.0,0.0,0.0,0.0,1.4106959104537964,3.000542163848877,-3.0239760875701904,-1.2449357988941756e-08,0.9999998211860657,2.345914840698242,-2.3590941429138184,-1.2449357988941756e-08,2.345914840698242,-2.3590941429138184,95.75537109375,1024.0,1.0,0.00439453125,772.2421875,2048.0,407.0,0.005859375,39.8700281709971,11.3018808659981,1.858108472006279,42.72651283899904,96.32677473500371,0.001045255851660121,0.006357732763144169,0.2033075217661639,0.024035269328368962,,
15,,,,,425656,450562,24906,438011,438012,438011.25,0.1019156202673912,0.001,0.373046875,1.0,191.0,0.01953125,1.0,10.0,0.35470054786780786,-0.002216955289597912,0.001260256599474313,-2.9905712616364954e-05,44.16102623939514,0.37825485575669265,1e-06,1.3831534385681152,3.0,-3.0,0.0078125,1.0,0.0,1.3753409385681152,3.0,-3.0,0.0,0.0,0.0,1.3771041631698608,2.9987354278564453,-3.0208468437194824,-6.722932877067933e-09,1.0000001192092896,2.529651165008545,-2.502614736557007,-6.722932877067933e-09,2.529651165008545,-2.502614736557007,88.65869140625,1024.0,1.0,0.00537109375,766.83203125,2048.0,424.0,0.009765625,39.02048412300064,11.898113604998798,1.3313112879986875,41.87890214800427,94.22786855200684,0.0007598613551585077,0.006790986307428633,0.21490245864198224,0.02390286901763612,,
16,,,,,421640,442817,21177,430970,430971,430970.25,0.113807313144207,0.001,0.365234375,1.0,187.0,0.005859375,1.0,3.0,0.27813259166266235,0.06079417509525748,0.0008949631301220506,0.00024587217870118493,69.11516243219376,0.3811859345373345,1e-06,1.4670392274856567,3.0,-3.0,0.00146484375,1.0,0.0,1.4655743837356567,3.0,-3.0,0.0,0.0,0.0,1.4685178995132446,5.9133195877075195,-3.019639253616333,7.885514463623622e-09,0.9999998807907104,2.5311543941497803,-2.467674732208252,7.885514463623622e-09,2.5311543941497803,-2.467674732208252,81.72900390625,1024.0,1.0,0.00390625,760.009765625,2048.0,399.0,0.005859375,43.9056274320028,11.369953891000478,1.600815974001307,40.886148008998134,97.86300546100392,0.0009286116466283386,0.0065955561265542565,0.2623095060490904,0.02371750022710276,,
17,,,,,426542,439371,12829,435164,435165,435164.5,0.10606574267148972,0.001,0.359375,1.0,184.0,0.017578125,1.0,9.0,0.28812425304204226,0.050865129135282974,0.007511624612171934,0.0029678485801858706,36.37526196241379,0.3807044783147743,1e-06,1.4797903299331665,3.0,-3.0,0.0068359375,1.0,0.0,1.4729543924331665,3.0,-3.0,0.0,0.0,0.0,1.4829767942428589,6.378087997436523,-3.0216753482818604,1.1749251349613132e-08,1.0,2.5665109157562256,-2.554314136505127,1.1749251349613132e-08,2.5665109157562256,-2.554314136505127,81.1689453125,1024.0,1.0,0.00537109375,768.76171875,2048.0,389.0,0.00390625,36.00776921099896,10.965818832002697,1.380509450995305,41.34021786499943,89.82121177199588,0.0007930963181712348,0.006299812388190384,0.2166089320536049,0.023749764666579784,,
18,,,,,409284,457230,47946,436249,436250,436249.75,0.0981096401810646,0.001,0.416015625,1.0,213.0,0.01171875,1.0,6.0,0.22857413573988847,0.005639968273629036,0.0006892840756336227,3.850878163445616e-05,94.70056813955307,0.3883071611101103,1e-06,1.4511451721191406,3.0,-3.0,0.00927734375,1.0,0.0,1.4418678283691406,3.0,-3.0,0.0,0.0,0.0,1.4556221961975098,7.59329891204834,-3.026886463165283,2.8644413063716456e-08,1.0,2.2991268634796143,-2.3184163570404053,2.8644413063716456e-08,2.2991268634796143,-2.3184163570404053,83.23388671875,1024.0,1.0,0.00390625,768.81640625,2047.0,399.0,0.0,33.78722214199661,11.581214555997576,1.8589023699969403,40.6460871149975,87.98276125800476,0.0010652741749404672,0.006636802975816935,0.19820853875619113,0.023292899947219167,,
19,,,,,418334,432358,14024,426168,426169,426168.25,0.08676452934741974,0.001,0.326171875,1.0,167.0,0.01171875,1.0,6.0,0.31040496698447634,-0.030043103931737796,0.011618941113868329,0.006727385663128059,50.91877895593643,0.37676484181406483,1e-06,1.5754151344299316,3.0,-3.0,0.00830078125,1.0,0.0,1.5671143531799316,3.0,-3.0,0.0,0.0,0.0,1.5905588865280151,9.155755043029785,-3.0168280601501465,-8.62784244048953e-09,1.0000001192092896,2.5537848472595215,-2.530330181121826,-8.62784244048953e-09,2.5537848472595215,-2.530330181121826,82.90087890625,1024.0,1.0,0.00341796875,749.458984375,1981.0,407.0,0.0,42.55080362899753,11.229102517994761,1.3055781319999369,40.850002597995626,96.0463495139993,0.0007658818623864735,0.006587247242136622,0.250621704601796,0.023963541745540422,,
20,1.5541310774162411,0.025,1.5291310774162412,0.0,432695,464201,31506,441518,441519,441518.5,0.10425829142332077,0.001,0.35546875,1.0,182.0,0.017578125,1.0,9.0,0.3850817352790257,-0.002471694144709357,0.011432148754026676,-0.04043563898449065,160.69099581241608,0.37453529025181986,1e-06,1.4969137907028198,3.0,-3.0,0.0068359375,1.0,0.0,1.4900778532028198,3.0,-3.0,0.0,0.0,0.0,1.5140849351882935,10.267050743103027,-3.0203959941864014,1.700242258095841e-08,0.9999998807907104,2.585043430328369,-2.6369388103485107,1.700242258095841e-08,2.585043430328369,-2.6369388103485107,84.1357421875,1024.0,1.0,0.005859375,778.205078125,2048.0,416.0,0.01171875,47.4711604969998,11.311184575999505,1.342008439001802,42.67833195999992,136.53677812599926,0.000759882337320974,0.0064047059047353085,0.27549858102837793,0.024165653285196386,18.643692470999667,14.975447201999486
21,,,,,422326,441370,19044,431124,431125,431124.5,0.11326386034488678,0.001,0.365234375,1.0,187.0,0.017578125,1.0,9.0,0.23368665975119388,0.043956630929772346,0.0010550419891452683,-0.007914473261020507,95.63953286409378,0.3787842818743752,1e-06,1.5771329402923584,3.0,-3.0,0.0087890625,1.0,0.0,1.5683438777923584,3.0,-3.0,0.0,0.0,0.0,1.5774283409118652,6.4152750968933105,-3.0248820781707764,1.4098906042647741e-08,0.9999999403953552,2.4329140186309814,-2.4427618980407715,1.4098906042647741e-08,2.4329140186309814,-2.4427618980407715,75.0400390625,1024.0,1.0,0.0029296875,767.0,2034.0,402.0,0.0,35.958957948001625,10.834037332999287,1.5672357680014102,41.11827729599463,89.57352934499795,0.0009088069501973387,0.006282429630535546,0.2339828864018013,0.02384362132979837,,
22,,,,,425225,448978,23753,438048,438049,438048.75,0.12495766580104828,0.001,0.3203125,1.0,164.0,0.01953125,1.0,10.0,0.26139964664290694,-0.011651019822677662,0.005692899720903872,0.002224445395705547,3.7327171564102173,0.3777990702113079,1e-06,1.4908621311187744,3.0,-3.0,0.0087890625,1.0,0.0,1.4820730686187744,3.0,-3.0,0.0,0.0,0.0,1.490561842918396,6.656487464904785,-3.027176856994629,-1.2706805385676034e-08,1.0,5.31687068939209,-2.6895339488983154,-1.2706805385676034e-08,5.31687068939209,-2.6895339488983154,75.05224609375,1024.0,1.0,0.00390625,780.51171875,2048.0,389.0,0.00390625,35.69072778300324,11.20065855300345,1.338013601001876,41.926306620000105,90.29076531500323,0.0007636214011579053,0.006392358472089836,0.2321997552681611,0.02392787710271979,,
23,,,,,411744,457315,45571,435393,435394,435393.5,0.11164005845785141,0.001,0.30859375,1.0,158.0,0.0234375,1.0,12.0,0.3411536767457922,0.05986467410499851,0.009631209191866219,0.005362695670798227,26.367905497550964,0.3789343516288613,1e-06,1.5885862112045288,3.0,-3.0,0.01025390625,1.0,0.0,1.5783323049545288,3.0,-3.0,0.0,0.0,0.0,1.5934001207351685,8.27720832824707,-3.020634174346924,2.5913262646781732e-08,1.0000001192092896,2.505915403366089,-2.5071146488189697,2.5913262646781732e-08,2.505915403366089,-2.5071146488189697,75.9052734375,1024.0,1.0,0.0029296875,774.47265625,2048.0,399.0,0.00390625,39.14123526799813,10.947536606996437,1.324288115996751,41.538414385999204,93.05693622599938,0.0007603972705131972,0.006286001402752014,0.25178660740796716,0.0238510763171701,,
24,,,,,406455,435972,29517,423617,423617,423617.0,0.11346433311700821,0.001,0.2890625,1.0,148.0,0.01953125,1.0,10.0,0.2372941716041948,-0.054022288016442745,0.0011231560451311193,0.00013424759604926554,3.2908281683921814,0.3773615343534758,1e-06,1.6623928546905518,3.0,-3.0,0.01171875,1.0,0.0,1.6506741046905518,3.0,-3.0,0.0,0.0,0.0,1.6612974405288696,9.697426795959473,-3.022885322570801,-2.7557449655546407e-08,1.0000001192092896,2.7786247730255127,-2.7603180408477783,-2.7557449655546407e-08,2.7786247730255127,-2.7603180408477783,77.865234375,1024.0,1.0,0.00341796875,749.51171875,2048.0,402.0,0.0078125,38.089644414998475,10.84677937500237,1.4869793920006487,40.565912521997234,91.09499464599503,0.0008775494090184345,0.006401289003393614,0.2388544687021752,0.02394020572946626,,
25,,,,,406243,445461,39218,427604,427605,427604.25,0.10986408591270447,0.001,0.326171875,1.0,167.0,0.01171875,1.0,6.0,0.27141897646444185,-0.12553547555580735,0.006375773354583154,0.003596158693588742,4.776825129985809,0.38220931455514545,1e-06,1.4594004154205322,3.0,-3.0,0.00732421875,1.0,0.0,1.4520761966705322,3.0,-3.0,0.0,0.0,0.0,1.4660964012145996,10.681129455566406,-3.021094560623169,-7.47773665210616e-09,1.0,2.639512300491333,-2.666980743408203,-7.47773665210616e-09,2.639512300491333,-2.666980743408203,79.70947265625,1024.0,1.0,0.0048828125,755.455078125,2048.0,399.0,0.001953125,35.383526386001904,11.184894338999584,1.334452784001769,40.432125620995066,88.44022787399444,0.0007801914878078089,0.006539279216120738,0.2167510575270416,0.023638753368912416,,
26,,,,,411647,453477,41830,432492,432493,432492.25,0.12089815735816956,0.001,0.291015625,1.0,149.0,0.0234375,1.0,12.0,0.19026963938293712,-0.03050927578338555,0.0007183825073298067,-0.00027751162750584105,4.243055045604706,0.38108070099823266,1e-06,1.591095209121704,3.0,-3.0,0.01318359375,1.0,0.0,1.577911615371704,3.0,-3.0,0.0,0.0,0.0,1.5904338359832764,9.226263999938965,-3.0199756622314453,7.762077647299748e-10,1.000000238418579,2.791642904281616,-2.797966480255127,7.762077647299748e-10,2.791642904281616,-2.797966480255127,76.78955078125,1024.0,1.0,0.00390625,767.921875,2048.0,419.0,0.001953125,33.7366800689997,11.277375797995774,1.818989841005532,41.040684954001335,87.98675654499675,0.0010514580556099746,0.006518831145526754,0.21452122257972023,0.023723364380518572,,
27,,,,,410252,454113,43861,422529,422530,422529.5,0.11982396245002747,0.001,0.28125,1.0,144.0,0.01171875,1.0,6.0,0.16577549773300515,-0.04954368129757972,0.0008557059296310462,-0.005705268730801843,30.863453567028046,0.36973157022679,1e-06,1.7802982330322266,3.0,-3.0,0.00732421875,1.0,0.0,1.7729740142822266,3.0,-3.0,0.0,0.0,0.0,1.7848663330078125,8.943780899047852,-3.0161993503570557,7.371692589686063e-09,0.9999998807907104,2.807032346725464,-2.8255159854888916,7.371692589686063e-09,2.807032346725464,-2.8255159854888916,72.7705078125,1024.0,1.0,0.00390625,752.482421875,2048.0,393.0,0.0078125,38.76412302200333,10.788621677005722,1.341068225003255,41.25679973100341,92.26764133400138,0.0007934760916120976,0.006383354107231402,0.2601025472174358,0.02441060312416258,,
28,,,,,436916,444312,7396,440679,440680,440679.75,0.14128653705120087,0.001,0.2578125,1.0,132.0,0.00390625,1.0,2.0,0.17501140721142291,-0.03278151935276886,0.0008017186638123046,2.5576665461812808e-05,24.17275583744049,0.369896982567034,1e-06,1.769245982170105,3.0,-3.0,0.0078125,1.0,0.0,1.761433482170105,3.0,-3.0,0.0,0.0,0.0,1.7709933519363403,10.989686012268066,-3.020392894744873,2.0364502972824994e-08,0.9999998807907104,2.8682823181152344,-2.9456355571746826,2.0364502972824994e-08,2.8682823181152344,-2.9456355571746826,76.09912109375,1024.0,1.0,0.001953125,784.603515625,2048.0,425.0,0.00390625,43.19407922100072,11.2607096310021,1.3754662629944505,43.09425844300131,99.0400179549979,0.0007803094327538595,0.006388261334337521,0.2771498368377535,0.024447605343223343,,
29,,,,,419129,441328,22199,431080,431081,431080.75,0.12019294500350952,0.001,0.267578125,1.0,137.0,0.01171875,1.0,6.0,0.18263078900054097,-0.03003698041928666,0.0026371002646296154,0.0006933574515609767,3.1775683164596558,0.3802066730832274,1e-06,1.673150658607483,3.0,-3.0,0.01904296875,1.0,0.0,1.654107689857483,3.0,-3.0,0.0,0.0,0.0,1.6773453950881958,11.339170455932617,-3.02348256111145,-5.435182526269955e-09,0.9999999403953552,2.94604754447937,-2.995068073272705,-5.435182526269955e-09,2.94604754447937,-2.995068073272705,76.76513671875,1024.0,1.0,0.00244140625,765.189453125,2048.0,399.0,0.0078125,39.99631814400345,11.268735546000244,1.3399792030031676,40.991666260000784,93.71461121400353,0.0007771045233423017,0.006535165132054867,0.2544052294246952,0.02377261467834088,,
30,1.7465502213686706,0.0375,1.7090502213686705,0.0,411942,467856,55914,437150,437151,437150.25,0.1104612946510315,0.001,0.248046875,1.0,127.0,0.017578125,1.0,9.0,0.23827062882483005,0.013992273186643919,0.013015100848861039,0.006016686655736218,20.951846420764923,0.3690686777556381,1e-06,1.6592180728912354,3.0,-3.0,0.01953125,1.0,0.0,1.6396868228912354,3.0,-3.0,0.0,0.0,0.0,1.668218970298767,11.03445816040039,-3.0203027725219727,-4.520648300143648e-09,1.0,2.892244815826416,-2.963101387023926,-4.520648300143648e-09,2.892244815826416,-2.963101387023926,79.10986328125,1024.0,1.0,0.00244140625,774.69921875,2048.0,420.0,0.0078125,35.177976753999246,11.171902365997084,1.350862496998161,42.83501592600078,112.8634062899946,0.0007725390166185202,0.006389051799694204,0.21712521990901723,0.024496735347858532,7.552640174995759,14.663468771002954
31,,,,,430131,439036,8905,433879,433880,433879.75,0.1053629145026207,0.001,0.228515625,1.0,117.0,0.0234375,1.0,12.0,0.2686157991577472,0.016026880051608065,0.013936901526384255,-0.009736040651530078,40.35171777009964,0.3814679603888983,1e-06,1.7120133638381958,3.0,-3.0,0.02001953125,1.0,0.0,1.6919938325881958,3.0,-3.0,0.0,0.0,0.0,1.723039150238037,10.962413787841797,-3.0312259197235107,-3.881202204070178e-08,0.9999998211860657,3.0021164417266846,-2.961001396179199,-3.881202204070178e-08,3.0021164417266846,-2.961001396179199,80.24169921875,1024.0,1.0,0.0048828125,767.1796875,2048.0,413.0,0.0078125,34.7971300019999,10.874401401000796,1.599220611002238,41.13878857699456,88.52636562800035,0.0009214653432213868,0.006265792192998634,0.21174509387531507,0.023704026620852067,,
32,,,,,430297,449734,19437,438580,438581,438580.75,0.1165216714143753,0.001,0.208984375,1.0,107.0,0.02734375,1.0,14.0,0.23735881609649495,-0.06852498554207127,0.0013915030064928378,0.00012958742934580217,46.090301871299744,0.37137475989804675,1e-06,1.722020149230957,3.0,-3.0,0.02880859375,1.0,0.0,1.693211555480957,3.0,-3.0,0.0,0.0,0.0,1.7290940284729004,8.086827278137207,-3.0203120708465576,-4.599050917875047e-09,1.0000001192092896,2.7681663036346436,-2.7016327381134033,-4.599050917875047e-09,2.7681663036346436,-2.7016327381134033,77.76123046875,1024.0,1.0,0.00244140625,778.841796875,2048.0,393.0,0.005859375,31.226895227999194,11.255617196002277,1.3496698050003033,42.7243352459991,86.96625842400681,0.0007693394004412548,0.006415932069523273,0.19608109778656366,0.024353745146132783,,
33,,,,,420864,458398,37534,436504,436504,436504.0,0.1177191361784935,0.001,0.232421875,1.0,119.0,0.02734375,1.0,14.0,0.2579474598169327,0.012569909915328026,0.0014152634479426619,0.0008252029656432569,30.104490637779236,0.38602437202761014,1e-06,1.7725039720535278,4.0,-3.0,0.02294921875,1.0,0.0,1.7495547533035278,3.0,-3.0,0.0,0.0,0.0,1.7849764823913574,10.170795440673828,-3.0245890617370605,6.755330073104915e-09,0.9999997615814209,3.319335460662842,-3.2265658378601074,6.755330073104915e-09,3.319335460662842,-3.2265658378601074,79.41015625,1024.0,1.0,0.0029296875,773.13671875,2048.0,399.0,0.001953125,36.80591889099742,11.210443855001358,1.7752368010042119,40.94700784199813,90.85756176400173,0.0010167357005916393,0.0064205848371385816,0.2263141257009532,0.023451679619200586,,
34,,,,,410545,432038,21493,422526,422527,422526.25,0.10591823607683182,0.001,0.216796875,1.0,111.0,0.017578125,1.0,9.0,0.1707842339362417,0.005393617254282747,0.0010675137122494302,0.0035754355000920312,6.426965177059174,0.3861809127497458,1e-06,1.695845127105713,4.0,-3.0,0.01513671875,1.0,0.0,1.680708408355713,3.0,-3.0,0.0,0.0,0.0,1.7124699354171753,11.391464233398438,-3.0173630714416504,-2.27379715056486e-09,0.9999998807907104,5.964554309844971,-2.9590377807617188,-2.27379715056486e-09,5.964554309844971,-2.9590377807617188,78.64111328125,1024.0,1.0,0.0029296875,746.60546875,2048.0,389.0,0.001953125,29.524075134002487,10.793674059001205,1.294625349000853,39.505757418999565,81.22736582600191,0.0007660029104705643,0.0063863925963186935,0.18331444851203293,0.023374735545424435,,
35,,,,,400494,435131,34637,423650,423651,423650.25,0.13841797411441803,0.001,0.220703125,1.0,113.0,0.01953125,1.0,10.0,0.14633193963007735,-0.01568650035187602,0.0010806220972361708,0.004106751476878604,9.032724678516388,0.38646263145863624,1e-06,1.807469367980957,3.0,-3.0,0.02001953125,1.0,0.0,1.787449836730957,3.0,-3.0,0.0,0.0,0.0,1.8095887899398804,10.000190734863281,-3.0291359424591064,1.6503459709937829e-09,1.0,3.0203769207000732,-2.9676737785339355,1.6503459709937829e-09,3.0203769207000732,-2.9676737785339355,72.23291015625,1024.0,1.0,0.00244140625,755.208984375,2048.0,407.0,0.00390625,34.73116963099892,11.253299668998807,1.3105763139974442,39.608133096997335,87.03064797999832,0.000773383418278075,0.0066406780528270705,0.23477634896202282,0.023373132139658442,,
36,,,,,418031,445622,27591,431934,431935,431934.25,0.1410740464925766,0.001,0.224609375,1.0,115.0,0.025390625,1.0,13.0,0.22343706020287105,0.05893338139035872,0.0010541106728071878,0.001372301350962906,3.1001784205436707,0.3804516827139226,1e-06,1.7350643873214722,3.0,-3.0,0.033203125,1.0,0.0,1.7018612623214722,3.0,-3.0,0.0,0.0,0.0,1.7384670972824097,10.447454452514648,-3.0235307216644287,-1.0126044891478614e-08,0.9999999403953552,2.883572578430176,-2.880032777786255,-1.0126044891478614e-08,2.883572578430176,-2.880032777786255,70.63525390625,1024.0,1.0,0.0029296875,772.986328125,2048.0,399.0,0.00390625,34.63742046099651,11.408833768000477,1.3235540009991382,41.045893010996224,88.52675768900372,0.0007660621963870301,0.006603339378620981,0.23943855262300487,0.023757026104665364,,
37,,,,,391453,449376,57923,416465,416465,416465.0,0.1299145221710205,0.001,0.208984375,1.0,107.0,0.015625,1.0,8.0,0.1854723642713257,-0.004711860990417855,0.011780484300938301,-0.005917758912346471,3.1107790172100067,0.37652784803051764,1e-06,1.7590224742889404,3.0,-3.0,0.02392578125,1.0,0.0,1.7350966930389404,3.0,-3.0,0.0,0.0,0.0,1.7603384256362915,12.288116455078125,-3.0206387042999268,1.0874760647539006e-08,0.9999997615814209,3.139183282852173,-3.0911643505096436,1.0874760647539006e-08,3.139183282852173,-3.0911643505096436,79.474609375,1024.0,1.0,0.00341796875,733.93359375,2048.0,414.0,0.001953125,34.68378212500102,11.067512918998546,1.3179024170021876,39.922628230000555,87.12154228299914,0.0007911243543888368,0.006643723313482853,0.2130924659322763,0.023965176083224612,,
38,,,,,421925,455695,33770,435078,435078,435078.0,0.130436509847641,0.001,0.212890625,1.0,109.0,0.013671875,1.0,7.0,0.20302912223570305,-0.07786668548039322,0.0008264152666329053,0.00017219512828260436,12.293700218200684,0.3786398347985486,1e-06,1.7271645069122314,4.0,-3.0,0.02490234375,1.0,0.0,1.7022621631622314,3.0,-3.0,0.0,0.0,0.0,1.7293869256973267,11.654680252075195,-3.032219648361206,-3.961469763336112e-10,0.9999999403953552,3.111187219619751,-3.1464245319366455,-3.961469763336112e-10,3.111187219619751,-3.1464245319366455,75.23046875,1024.0,1.0,0.00244140625,774.53125,2048.0,399.0,0.01171875,37.61287933799758,11.089188817000831,1.316475347004598,41.5659269569951,91.69558028299798,0.0007564593860207813,0.006371954463912696,0.2441253396983072,0.02388418108764124,,
39,,,,,399570,452861,53291,428341,428342,428341.5,0.1291072517633438,0.001,0.17578125,1.0,90.0,0.03515625,1.0,18.0,0.15187814639046274,-0.01166884530464123,0.0008371834771643425,7.90684139717306e-05,4.22369784116745,0.3810902578628402,1e-06,1.7990398406982422,3.0,-3.0,0.0224609375,1.0,0.0,1.7765789031982422,3.0,-3.0,0.0,0.0,0.0,1.8074638843536377,9.763421058654785,-3.0210061073303223,1.7377298489051896e-09,0.9999999403953552,4.797245025634766,-3.0611588954925537,1.7377298489051896e-09,4.797245025634766,-3.0611588954925537,68.6005859375,1024.0,1.0,0.001953125,768.00390625,2048.0,422.0,0.005859375,33.18650291499944,10.812675193999894,1.290365777000261,40.61529424400214,86.00706632900255,0.00075311741741126,0.006310779596420084,0.2362129551083992,0.02370497269351799,,
40,1.850636762008071,0.0625,1.788136762008071,0.0,414208,462420,48212,432590,432591,432590.75,0.11135642230510712,0.001,0.2265625,1.0,116.0,0.017578125,1.0,9.0,0.23274147157268277,0.06169016607876482,0.0008334893952043535,-0.0033456193598575394,54.23213440179825,0.3800319681592892,1e-06,1.7582285404205322,4.0,-3.0,0.0244140625,1.0,0.0,1.7338144779205322,3.0,-3.0,0.0,0.0,0.0,1.7664508819580078,11.009997367858887,-3.0200676918029785,1.4065650866257329e-08,1.0,4.333567142486572,-3.704537868499756,1.4065650866257329e-08,4.333567142486572,-3.704537868499756,76.27685546875,1024.0,1.0,0.00390625,768.626953125,2048.0,413.0,0.00390625,34.42726309900172,11.482952439000655,1.3070261320026475,41.13533920600457,110.85761297700083,0.0007553479426008575,0.006636152321218528,0.22038384981596978,0.02377266458309879,8.34021003300586,14.059749694999482
41,,,,,430384,451845,21461,441877,441878,441877.5,0.11854340136051178,0.001,0.2265625,1.0,116.0,0.015625,1.0,8.0,0.17414447899650912,0.027132253628224134,0.00048553344496557937,-8.666206891293455e-05,3.1585466265678406,0.38479097419759173,1e-06,1.791939616203308,3.0,-3.0,0.0341796875,1.0,0.0,1.757759928703308,3.0,-3.0,0.0,0.0,0.0,1.7933350801467896,12.388448715209961,-3.035651683807373,1.5269668196538078e-08,1.0,3.329787015914917,-3.2335638999938965,1.5269668196538078e-08,3.329787015914917,-3.2335638999938965,78.0693359375,1024.0,1.0,0.00244140625,784.97265625,2048.0,393.0,0.00390625,35.73650289900252,11.231603707994509,2.1762771860012435,41.604273995995754,90.86895819100027,0.0012312672550657386,0.006354478168720126,0.22351239570070247,0.023538352821763812,,
42,,,,,410480,447815,37335,427993,427994,427993.75,0.13799820840358734,0.001,0.171875,1.0,88.0,0.01953125,1.0,10.0,0.16671927565974848,-0.01838941825553775,0.0008548235637135804,-6.16915266878745e-05,18.053512513637543,0.3798359824161033,1e-06,1.8128548860549927,4.0,-3.0,0.03466796875,1.0,0.0,1.7781869173049927,3.0,-3.0,0.0,0.0,0.0,1.8092910051345825,8.146574020385742,-3.024630546569824,0.0,0.9999997615814209,4.29046106338501,-5.067054748535156,0.0,4.29046106338501,-5.067054748535156,69.89208984375,1024.0,1.0,0.00048828125,766.033203125,2048.0,407.0,0.001953125,39.56719362799777,10.757891884997662,1.5671480390010402,40.74296837199654,92.7572683660037,0.0009154035771556478,0.00628390711604881,0.27642496893228097,0.023798810363467073,,
43,,,,,404893,432891,27998,421751,421752,421751.5,0.13070261478424072,0.001,0.171875,1.0,88.0,0.02734375,1.0,14.0,0.2988735969577517,0.05966681867305722,0.029597849551854388,-0.020611410323454038,68.99491828680038,0.37832642188443527,1e-06,1.8103771209716797,4.0,-3.0,0.03125,1.0,0.0,1.7791271209716797,3.0,-3.0,0.0,0.0,0.0,1.8185752630233765,9.836732864379883,-3.024286985397339,1.6131535218733006e-08,1.0,4.071743488311768,-4.030454158782959,1.6131535218733006e-08,4.071743488311768,-4.030454158782959,72.5126953125,1024.0,3.0,0.0029296875,751.220703125,2048.0,389.0,0.00390625,33.338276790003874,11.496751130995108,1.2692867419973481,40.27208796599734,86.49127939199388,0.0007523901764411912,0.006814884553460455,0.22449111005618544,0.023871929303154432,,
44,,,,,411963,450920,38957,432030,432030,432030.0,0.12853553891181946,0.001,0.1953125,1.0,100.0,0.021484375,1.0,11.0,0.12498642446409011,0.06809096346641409,0.0007842558693012286,0.00012733470097812423,5.228154540061951,0.378459164643709,1e-06,1.8255398273468018,4.0,-3.0,0.0341796875,1.0,0.0,1.7913601398468018,3.0,-3.0,0.0,0.0,0.0,1.8258075714111328,9.706537246704102,-3.0261802673339844,-1.139262195692936e-08,0.9999998807907104,3.1869447231292725,-5.05571174621582,-1.139262195692936e-08,3.1869447231292725,-5.05571174621582,73.24609375,1024.0,1.0,0.00146484375,770.5625,2048.0,399.0,0.0078125,29.173668007999368,11.352414613000292,1.4273252929997398,41.272337073001836,83.33922311199422,0.000825941076429727,0.006569228186121503,0.19448074774678262,0.023882795797167927,,
45,,,,,419004,437001,17997,429419,429419,429419.0,0.13129299879074097,0.001,0.162109375,1.0,83.0,0.013671875,1.0,7.0,0.16909237156089926,-0.025044031116911874,0.00031390783676345436,0.00014783223325918828,66.87461566925049,0.37523444845761866,1e-06,1.8442318439483643,4.0,-3.0,0.037109375,1.0,0.0,1.8071224689483643,3.0,-3.0,0.0,0.0,0.0,1.8499743938446045,9.65513801574707,-3.0272350311279297,9.16669051775898e-09,0.9999999403953552,3.402406930923462,-6.747092247009277,9.16669051775898e-09,3.402406930923462,-6.747092247009277,71.525390625,1024.0,1.0,0.00341796875,767.18359375,2048.0,416.0,0.00390625,35.335587417997885,11.1702293299968,1.7036332009956823,41.36671472500166,89.69103034800355,0.0009918245355909276,0.006503106132935897,0.24122489430926167,0.024082955531195438,,
46,,,,,408087,439668,31581,425995,425996,425995.75,0.1239643543958664,0.001,0.1875,1.0,96.0,0.029296875,1.0,15.0,0.203924978185179,-0.0035929245641455054,0.031694481594188674,-0.013274059963675557,91.50688534975052,0.3816351845356003,1e-06,1.8066054582595825,4.0,-3.0,0.0361328125,1.0,0.0,1.7704726457595825,3.0,-3.0,0.0,0.0,0.0,1.8161519765853882,8.483392715454102,-3.0213871002197266,-1.1611662742438966e-08,1.0,3.0434234142303467,-4.737748146057129,-1.1611662742438966e-08,3.0434234142303467,-4.737748146057129,76.99755859375,1024.0,1.0,0.00390625,755.025390625,2048.0,393.0,0.001953125,29.59412415100087,11.333341236997512,1.3734645889999229,40.2942095509934,82.73181310999644,0.0008060318612333121,0.006651088207451314,0.18767161189288462,0.023647072506588037,,
47,,,,,415532,444257,28725,431627,431628,431627.5,0.11749517917633057,0.001,0.1796875,1.0,92.0,0.02734375,1.0,14.0,0.2600767270758234,0.14032383663138245,0.009769983396961772,-0.010376197161443496,253.81639575958252,0.38226676861969355,1e-06,1.8436928987503052,4.0,-3.0,0.03759765625,1.0,0.0,1.8060952425003052,3.0,-3.0,0.0,0.0,0.0,1.850996494293213,9.401554107666016,-3.0267555713653564,-2.0457441962662415e-08,1.0000001192092896,3.8960769176483154,-3.8072738647460938,-2.0457441962662415e-08,3.8960769176483154,-3.8072738647460938,78.6669921875,1024.0,1.0,0.00390625,764.35546875,2048.0,399.0,0.00390625,31.542795560999366,10.882773924000503,1.7584545349964174,40.855794357994455,85.14839084500272,0.0010185023747307674,0.006303336745226209,0.19578421923530115,0.023663804066002776,,
48,,,,,423528,464111,40583,440362,440363,440362.5,0.128911092877388,0.001,0.224609375,1.0,115.0,0.01953125,1.0,10.0,0.2819350982705752,-0.020808953419327737,0.0011935375165194272,0.016269430592486363,24.6643243432045,0.3814010196366226,1e-06,1.6672531366348267,4.0,-3.0,0.033203125,1.0,0.0,1.634049892425537,3.0,-3.0,0.0,0.0,0.0,1.6731584072113037,7.987090587615967,-3.042379140853882,-1.96831440035794e-08,1.0000001192092896,3.961024045944214,-4.683374881744385,-1.96831440035794e-08,3.961024045944214,-4.683374881744385,78.7333984375,1024.0,13.0,0.00390625,781.349609375,2048.0,416.0,0.001953125,33.3482872329987,11.259364844001539,1.7624763769999845,41.78876421699533,88.28031101999659,0.001000582688693965,0.006392100169747389,0.2068162139401827,0.023724070633282426,,
49,,,,,411580,467429,55849,436881,436881,436881.0,0.11586637049913406,0.001,0.16796875,1.0,86.0,0.029296875,1.0,15.0,0.2312834501887361,-0.02661293689161539,0.016015703818993643,0.017886957618611633,25.15819400548935,0.3772399296811941,1e-06,1.88350248336792,3.0,-3.0,0.04052734375,1.0,0.0,1.84297513961792,3.0,-3.0,0.0,0.0,0.0,1.8946048021316528,6.563175678253174,-3.0365822315216064,-1.6319560813826683e-08,1.0,5.937394618988037,-2.88730788230896,-1.6319560813826683e-08,5.937394618988037,-2.88730788230896,80.3515625,1024.0,1.0,0.005859375,772.931640625,2048.0,425.0,0.0078125,36.84937701499439,11.832071243996324,1.3327032050001435,41.89327308799693,92.02648220599804,0.0007626236921496606,0.006770763230717475,0.22392669552135627,0.02397293146646165,,
50,1.832134012132883,0.075,1.7571340121328831,0.0,414489,442772,28283,431092,431093,431092.5,0.13251695036888123,0.001,0.1796875,1.0,92.0,0.033203125,1.0,17.0,0.14400460145303182,-0.08701623177954129,0.0008354872905848813,0.0001958872139766754,22.1857967376709,0.3890264412981269,1e-06,1.792112112045288,4.0,-3.0,0.0341796875,1.0,0.0,1.757932424545288,3.0,-3.0,0.0,0.0,0.0,1.8046523332595825,9.056532859802246,-3.0320825576782227,-7.686176139998224e-09,0.9999999403953552,3.0127859115600586,-3.043332576751709,-7.686176139998224e-09,3.0127859115600586,-3.043332576751709,77.5478515625,1024.0,1.0,0.0048828125,764.4296875,2048.0,402.0,0.005859375,34.65139930800069,10.851977794998675,1.3259780480002519,40.05400711299444,108.98734186100046,0.0007689637653173344,0.006293300042913455,0.21818307312773547,0.023228197610138453,7.980217738004285,14.01511592699535
51,,,,,414008,445141,31133,429912,429913,429912.25,0.13729198276996613,0.001,0.18359375,1.0,94.0,0.021484375,1.0,11.0,0.20809847987922175,0.009422763117722102,0.0139582600126492,-0.008242424232126464,4.573442697525024,0.37549143887829567,1e-06,1.831597924232483,4.0,-3.0,0.0400390625,1.0,0.0,1.791558861732483,3.0,-3.0,0.0,0.0,0.0,1.8348567485809326,7.058255195617676,-3.040186643600464,-1.9924467409282443e-08,0.9999998807907104,4.201708793640137,-4.929967403411865,-1.9924467409282443e-08,4.201708793640137,-4.929967403411865,77.77978515625,1024.0,1.0,0.00390625,761.892578125,2048.0,393.0,0.00390625,40.66259229100251,10.861980182999105,1.6394837949992507,41.402381230000174,94.68024471100216,0.0009533828095147619,0.006316393742559734,0.255269172474638,0.02407606507490783,,
52,,,,,415781,437386,21605,425276,425277,425276.25,0.1343115121126175,0.001,0.15625,1.0,80.0,0.01953125,1.0,10.0,0.19659283178459322,-0.07554612628051213,0.010227429142105393,-0.0038610782446214997,57.49160897731781,0.3689676097613987,1e-06,1.9542790651321411,4.0,-3.0,0.04296875,1.0,0.0,1.9113103151321411,3.0,-3.0,0.0,0.0,0.0,1.96216881275177,6.468259334564209,-3.027400493621826,1.3271821863725108e-08,0.9999998211860657,5.5963335037231445,-5.160087585449219,1.3271821863725108e-08,5.5963335037231445,-5.160087585449219,76.34814453125,1024.0,15.0,0.0048828125,754.26953125,2048.0,407.0,0.00390625,41.2229517070009,11.373134312001639,1.3178646480009775,41.63950293400558,95.87359108800592,0.0007747109367152395,0.0066857332804275095,0.2636396013520053,0.02447791461080038,,
53,,,,,431666,458364,26698,450393,450393,450393.0,0.0924767553806305,0.001,0.140625,1.0,72.0,0.017578125,1.0,9.0,0.3670790458638822,-0.11445602822688318,0.002844898255481835,0.03386983603394906,28.836429357528687,0.3717499586943285,1e-06,1.8639289140701294,3.0,-3.0,0.0419921875,1.0,0.0,1.8219367265701294,3.0,-3.0,0.0,0.0,0.0,1.9036837816238403,8.227295875549316,-3.033385992050171,-2.582296376729687e-09,0.9999998211860657,3.3916313648223877,-3.3588457107543945,-2.582296376729687e-09,3.3916313648223877,-3.3588457107543945,92.328125,1024.0,1.0,0.0126953125,787.345703125,2048.0,399.0,0.0078125,36.240894706999825,11.64840632800042,1.3643932479972136,43.87901169699762,93.25234281500161,0.0007573348431243456,0.006465690146161474,0.19166152641627085,0.024355957850697958,,
54,,,,,423991,453520,29529,438662,438662,438662.0,0.11127690225839615,0.001,0.162109375,1.0,83.0,0.013671875,1.0,7.0,0.35128876167748657,0.0007062190145786319,0.017714041295611032,0.01475628515454527,19.593972325325012,0.3802031802841848,1e-06,1.765000343322754,4.0,-3.0,0.04833984375,1.0,0.0,1.716660499572754,3.0,-3.0,0.0,0.0,0.0,1.7899349927902222,7.965392112731934,-3.026370048522949,-2.5512636447899695e-09,0.9999999403953552,4.56735372543335,-4.585392475128174,-2.5512636447899695e-09,4.56735372543335,-4.585392475128174,93.451171875,1024.0,1.0,0.00927734375,763.310546875,2048.0,389.0,0.001953125,34.63090731999546,11.191925245002494,1.733299483996234,41.760203787001956,89.41634707999765,0.0009878331631166103,0.006378444705150261,0.18094607457100476,0.023799761426224492,,
55,,,,,414809,452710,37901,435979,435980,435979.5,0.08686282485723495,0.001,0.17578125,1.0,90.0,0.013671875,1.0,7.0,0.33138557880495983,0.001070338860154152,0.012847707643716906,-0.01085043585638535,85.09454822540283,0.3705505681641924,1e-06,1.7897639274597168,4.0,-3.0,0.05078125,1.0,0.0,1.7389826774597168,3.0,-3.0,0.0,0.0,0.0,1.832283616065979,11.31175708770752,-3.0304718017578125,1.990125397810516e-08,0.9999998807907104,3.0911355018615723,-4.795074462890625,1.990125397810516e-08,3.0911355018615723,-4.795074462890625,89.8505859375,1024.0,1.0,0.0107421875,761.671875,2048.0,418.0,0.005859375,36.73569582399796,11.265544450005109,1.6764738130004844,42.91501803099527,92.6903474589999,0.0009613260560419035,0.006459904909522758,0.1996353311378371,0.024608392155477075,,
56,,,,,425882,447460,21578,438338,438339,438338.25,0.10197259485721588,0.001,0.177734375,1.0,91.0,0.015625,1.0,8.0,0.20089547708630562,0.05628575981947882,0.002906432487712852,-0.0018983553821052392,20.888468205928802,0.3798664746454397,1e-06,1.9265406131744385,4.0,-3.0,0.046875,1.0,0.0,1.8796656131744385,3.0,-3.0,0.0,0.0,0.0,1.9459961652755737,9.149696350097656,-3.0198283195495605,1.3579285473852565e-09,0.9999999403953552,3.224703311920166,-3.2775421142578125,1.3579285473852565e-09,3.224703311920166,-3.2775421142578125,87.78759765625,1024.0,1.0,0.00634765625,768.341796875,2048.0,413.0,0.001953125,35.34332287899451,11.193965851998655,1.3107117610052228,41.79105319399969,89.73510296500172,0.0007475458512947609,0.006384319559152467,0.19658223183284024,0.02383493409142351,,
57,,,,,410426,459851,49425,434034,434035,434034.25,0.126480832695961,0.001,0.181640625,1.0,93.0,0.017578125,1.0,9.0,0.26864412625630696,-0.07598973206198328,0.012408911079789201,0.006293223813069441,53.79010772705078,0.3824921846528837,1e-06,1.7947800159454346,3.0,-3.0,0.0439453125,1.0,0.0,1.7508347034454346,3.0,-3.0,0.0,0.0,0.0,1.8055816888809204,7.595363616943359,-3.035357713699341,0.0,1.0,3.066678047180176,-3.0672051906585693,0.0,3.066678047180176,-3.0672051906585693,87.13720703125,1024.0,1.0,0.00439453125,760.5859375,2048.0,407.0,0.005859375,34.294252633000724,10.972890529999859,1.4438929410025594,41.05115813600423,87.87231566699484,0.0008316699321554459,0.006320290697105043,0.19217095789462293,0.023645114490391157,,
58,,,,,420106,444279,24173,433305,433306,433305.75,0.11944957077503204,0.001,0.14453125,1.0,74.0,0.015625,1.0,8.0,0.17368127971089312,-0.02485389621662242,0.002303660549971807,-0.0003835442950860722,3.85293185710907,0.39352041010030814,1e-06,1.9067878723144531,4.0,-3.0,0.05810546875,1.0,0.0,1.848682165145874,3.0,-3.0,0.0,0.0,0.0,1.912372350692749,7.970089435577393,-3.0271754264831543,-2.873612814369153e-08,0.9999998211860657,4.812959671020508,-4.768986225128174,-2.873612814369153e-08,4.812959671020508,-4.768986225128174,78.81982421875,1024.0,1.0,0.0029296875,767.48046875,2048.0,413.0,0.00390625,28.89743518299656,10.897438772000896,1.3097056320038973,39.82117411199579,81.04071101400041,0.0007556475029490708,0.006287384123105276,0.1790168388829136,0.022975216756294943,,
59,,,,,420621,455010,34389,437243,437244,437243.5,0.11368755996227264,0.001,0.15625,1.0,80.0,0.025390625,1.0,13.0,0.2659956331140009,-0.10261640541159131,0.004548609567854297,0.0051298414888574844,15.221417784690857,0.3869877256909886,1e-06,1.858443021774292,3.0,-3.0,0.068359375,1.0,0.0,1.790083646774292,3.0,-3.0,0.0,0.0,0.0,1.8707212209701538,8.061123847961426,-3.05290150642395,4.8574428923586765e-09,1.0,3.501018524169922,-3.441732883453369,4.8574428923586765e-09,3.501018524169922,-3.441732883453369,85.8955078125,1024.0,1.0,0.00634765625,768.095703125,2048.0,389.0,0.0078125,39.330763282006956,11.120236321999982,1.3899326329992618,40.8812595759955,92.83671640999819,0.0007947131478222443,0.006358148447032364,0.22357949499191057,0.023374423848493746,,
60,1.8410282410681247,0.0875,1.7535282410681248,0.0,428214,449867,21653,438517,438518,438517.75,0.11059573292732239,0.001,0.177734375,1.0,91.0,0.0390625,1.0,20.0,0.26262537725269797,-0.03488565736139814,0.01355986420918877,0.006521491249289587,8.645915389060974,0.39040702887726103,1e-06,1.864359974861145,3.0,-3.0,0.06689453125,1.0,0.0,1.797465443611145,3.0,-3.0,0.0,0.0,0.0,1.8812459707260132,8.394253730773926,-3.023547887802124,-1.0751127099695168e-08,0.9999998211860657,3.1171555519104004,-3.124983787536621,-1.0751127099695168e-08,3.1171555519104004,-3.124983787536621,88.70458984375,1024.0,16.0,0.005859375,767.775390625,2048.0,393.0,0.00390625,35.95760026000062,11.54059541800234,1.3467546309984755,40.66346338400035,111.54556058199523,0.0007677879806452962,0.006579320573683927,0.19793138137361557,0.023182336053671915,8.084264600001916,13.84444844799873
61,,,,,421623,453168,31545,440396,440397,440396.75,0.1056395173072815,0.001,0.12890625,1.0,66.0,0.021484375,1.0,11.0,0.26743077024303635,-0.06349426780923687,0.0034157771894162327,0.009921108863605256,36.32880049943924,0.3936631692898065,1e-06,1.8049744367599487,4.0,-3.0,0.06982421875,1.0,0.0,1.7351500988006592,3.0,-3.0,0.0,0.0,0.0,1.8309611082077026,8.73328685760498,-3.023669719696045,-9.480926266292045e-09,0.9999998211860657,3.663064956665039,-5.738193988800049,-9.480926266292045e-09,3.663064956665039,-5.738193988800049,88.01513671875,1024.0,1.0,0.00732421875,772.134765625,2048.0,420.0,0.00390625,35.41306900400377,11.698067397002887,1.4079468260024441,40.48297030299727,89.12309363499662,0.000799249100954108,0.0066406413063918425,0.1964609525616697,0.022980965630989145,,
62,,,,,430283,446940,16657,439322,439323,439322.25,0.10995299369096756,0.001,0.12890625,1.0,66.0,0.03125,1.0,16.0,0.3818545737143221,0.038509204630450954,0.0021690264573031716,0.011018851760409547,25.204704999923706,0.37787112149880414,1e-06,1.9447810649871826,4.0,-3.0,0.08544921875,1.0,0.0,1.8593318462371826,3.0,-3.0,0.0,0.0,0.0,1.9627656936645508,10.313701629638672,-3.0318541526794434,-2.6756850957099232e-08,0.9999998807907104,5.52271842956543,-5.5149383544921875,-2.6756850957099232e-08,5.52271842956543,-5.5149383544921875,85.76416015625,1024.0,16.0,0.005859375,772.287109375,2048.0,399.0,0.00390625,34.309032689998276,11.591088741995918,1.3018113229991286,42.08432788299979,89.40510065600392,0.0007408066191725599,0.006596005973972362,0.19533167861310186,0.02394843869335083,,
63,,,,,417591,444606,27015,427363,427364,427363.75,0.1214786171913147,0.001,0.146484375,1.0,75.0,0.02734375,1.0,14.0,0.21570708250094736,-0.04086484829895198,0.02796980060936351,-0.017103691904724525,4.706699788570404,0.37635647903744884,1e-06,1.9216461181640625,4.0,-3.0,0.056640625,1.0,0.0,1.8650054931640625,3.0,-3.0,0.0,0.0,0.0,1.9371871948242188,9.56021785736084,-3.021024227142334,-3.3081597905493254e-08,0.9999998807907104,3.3687989711761475,-6.672460079193115,-3.3081597905493254e-08,3.3687989711761475,-6.672460079193115,75.67333984375,1024.0,17.0,0.00537109375,759.021484375,2048.0,416.0,0.005859375,37.362831405996985,10.76124061900191,1.2884015240051667,41.03365967399441,90.5502867000032,0.0007536913952137768,0.006295129511453598,0.24108318808352736,0.024003942586376597,,
64,,,,,418428,447019,28591,427167,427168,427167.75,0.12719663977622986,0.001,0.12890625,1.0,66.0,0.02734375,1.0,14.0,0.25500567633144816,0.15663867369936457,0.03218870584307046,-0.032360386866473384,104.8535532951355,0.3726821336034199,1e-06,2.0005040168762207,4.0,-3.0,0.06201171875,1.0,0.0,1.9384922981262207,3.0,-3.0,0.0,0.0,0.0,2.004746913909912,7.539660930633545,-3.026000499725342,-2.044320623895146e-08,0.9999998807907104,3.917578935623169,-6.670803546905518,-2.044320623895146e-08,3.917578935623169,-6.670803546905518,75.80615234375,1024.0,1.0,0.00390625,758.505859375,2048.0,399.0,0.005859375,33.55990927899984,10.79057444200589,1.2983133919988177,41.42808932600019,87.1819924559968,0.0007598381385291947,0.006315185569372858,0.2161654950950386,0.024245796485104616,,
65,,,,,422036,437914,15878,430581,430582,430581.5,0.131434366106987,0.001,0.111328125,1.0,57.0,0.029296875,1.0,15.0,0.1354581245686859,0.09645046412021786,0.002157070759234817,-1.4752535987229618e-05,4.065054714679718,0.3739336044501661,1e-06,1.8494364023208618,4.0,-3.0,0.08837890625,1.0,0.0,1.7610574960708618,3.0,-3.0,0.0,0.0,0.0,1.8544174432754517,7.933294296264648,-3.022307872772217,2.322288361611413e-09,0.9999998211860657,7.459011554718018,-7.457644462585449,2.322288361611413e-09,7.459011554718018,-7.457644462585449,76.9990234375,1024.0,1.0,0.00390625,763.98046875,2048.0,414.0,0.00390625,34.47794853000232,10.869753326005593,1.3083941270015202,41.59891201699793,88.36664674599888,0.0007596669428444558,0.006311089379133563,0.21863830285237437,0.024152751579548777,,
66,,,,,430365,443377,13012,436049,436050,436049.25,0.141789972782135,0.001,0.142578125,1.0,73.0,0.02734375,1.0,14.0,0.15857166584966512,-0.013112130093163457,0.001009069228593003,-8.435749381972309e-05,18.657680690288544,0.38369606951586394,1e-06,1.8446078300476074,4.0,-3.0,0.080078125,1.0,0.0,1.7645297050476074,3.0,-3.0,0.0,0.0,0.0,1.8388501405715942,3.9967470169067383,-3.027036428451538,5.520213175458366e-09,0.9999997615814209,4.50320291519165,-6.6605377197265625,5.520213175458366e-09,4.50320291519165,-6.6605377197265625,72.88330078125,1024.0,17.0,0.0009765625,778.775390625,2048.0,416.0,0.00390625,38.33554822599399,11.176376791998337,1.6098667800033581,41.08233117799682,92.3186024769966,0.0009229844908593228,0.006407749120081239,0.2568287825410779,0.023553721958010948,,
67,,,,,413619,439590,25971,425224,425225,425224.5,0.11835987120866776,0.001,0.126953125,1.0,65.0,0.05078125,1.0,26.0,0.21636692803752208,0.058872003274570615,0.006132530649275785,0.0010000861346790252,32.092462599277496,0.38496441116805136,1e-06,1.9172197580337524,4.0,-3.0,0.0830078125,1.0,0.0,1.8342119455337524,3.0,-3.0,0.0,0.0,0.0,1.932782530784607,7.548094749450684,-3.0277671813964844,-2.841083635019004e-08,1.0,6.595228672027588,-6.596594333648682,-2.841083635019004e-08,6.595228672027588,-6.596594333648682,75.5263671875,1024.0,16.0,0.005859375,754.990234375,2048.0,399.0,0.001953125,28.338772292001522,10.838833515997976,1.3487368600035552,39.91282828000112,80.55692895899847,0.0007929557563143441,0.0063724182849283,0.18321139588048413,0.023465738850890015,,
68,,,,,418846,428040,9194,423874,423875,423874.75,0.14046931266784668,0.001,0.14453125,1.0,74.0,0.029296875,1.0,15.0,0.30028355926541345,-0.019738002879811183,0.005117148015415296,-0.004018798268418777,52.29099482297897,0.3821316557725116,1e-06,1.8848518133163452,4.0,-3.0,0.06494140625,1.0,0.0,1.8199104070663452,3.0,-3.0,0.0,0.0,0.0,1.8882462978363037,10.367419242858887,-3.026519298553467,-6.770446869808211e-09,0.9999998211860657,6.43001127243042,-6.374722480773926,-6.770446869808211e-09,6.43001127243042,-6.374722480773926,70.42919921875,1024.0,16.0,0.00341796875,757.451171875,2048.0,393.0,0.00390625,39.049678804003634,11.278681208001217,1.2968044559966074,40.08961399500549,91.82314939200296,0.0007648512066339215,0.006652130852333866,0.2707289901067231,0.02364472877601549,,
69,,,,,435975,479385,43410,454877,454878,454877.75,0.1412350833415985,0.001,0.134765625,1.0,69.0,0.041015625,1.0,21.0,0.2007181528645257,-0.04181213372697433,0.0009509336610790342,-0.002335230738875301,33.525187253952026,0.38555675967537767,1e-06,1.8563346862792969,4.0,-3.0,0.09130859375,1.0,0.0,1.7650260925292969,3.0,-3.0,0.0,0.0,0.0,1.855043888092041,8.045989036560059,-3.038128137588501,1.200605037610103e-08,0.9999998807907104,4.246586799621582,-6.173372745513916,1.200605037610103e-08,4.246586799621582,-6.173372745513916,74.46826171875,1024.0,1.0,0.00341796875,813.96484375,2048.0,413.0,0.01171875,38.89386362799996,11.963615318003576,1.5977791039986187,42.78101975500613,95.34833236800478,0.0008781365454776688,0.00657518163836524,0.25502333358249546,0.02351237214559633,,
70,1.8562933936715127,0.075,1.7812933936715125,0.0,420509,430753,10244,424181,424182,424181.75,0.13646262884140015,0.001,0.103515625,1.0,53.0,0.02734375,1.0,14.0,0.13034343363584153,0.035987926996313035,0.002075180155640867,-0.0006554972216170947,43.57829964160919,0.36743958593350445,1e-06,1.9857250452041626,4.0,-3.0,0.0771484375,1.0,0.0,1.9085766077041626,3.0,-3.0,0.0,0.0,0.0,1.9871764183044434,8.35944652557373,-3.027618885040283,6.9667378532756175e-09,0.9999998807907104,5.213488578796387,-7.154233455657959,6.9667378532756175e-09,5.213488578796387,-7.154233455657959,68.44482421875,1024.0,15.0,0.001953125,760.03515625,2048.0,389.0,0.00390625,27.32221296699572,10.919137732998934,1.5714272629993502,41.69818727800157,104.72060147200682,0.0009261520934124053,0.0064354122572452335,0.19491502027462615,0.024575660832886828,9.022744025001884,14.078073669996229
71,,,,,411382,440335,28953,429122,429123,429122.75,0.1432545930147171,0.001,0.13671875,1.0,70.0,0.021484375,1.0,11.0,0.1774645417130419,-0.08000639807765506,0.0010213599993481434,0.0007632488307730714,21.08187884092331,0.3756238394089701,1e-06,1.908137321472168,4.0,-3.0,0.068359375,1.0,0.0,1.839777946472168,3.0,-3.0,0.0,0.0,0.0,1.9096662998199463,7.666507720947266,-3.0338425636291504,7.578084826320719e-09,1.0,6.4496564865112305,-3.877054452896118,7.578084826320719e-09,6.4496564865112305,-3.877054452896118,70.78857421875,1024.0,1.0,0.0029296875,767.341796875,2048.0,399.0,0.005859375,34.31231092400412,10.885852338004042,1.3082012490049237,41.219486608002626,87.8438577870038,0.0007621369695529564,0.006341922176116299,0.23667743351615192,0.024013808757519045,,
72,,,,,416425,446417,29992,429801,429802,429801.5,0.14564085006713867,0.001,0.115234375,1.0,59.0,0.025390625,1.0,13.0,0.18340440949292056,0.09677315426857344,0.01870187876297028,0.015115409640072488,19.828416645526886,0.37990134675025933,1e-06,1.85105299949646,4.0,-3.0,0.09130859375,1.0,0.0,1.75974440574646,3.0,-3.0,0.0,0.0,0.0,1.85446298122406,11.513699531555176,-3.046748638153076,1.4071219744948849e-08,0.9999999403953552,5.544717311859131,-6.836867332458496,1.4071219744948849e-08,5.544717311859131,-6.836867332458496,72.0107421875,1024.0,17.0,0.0029296875,767.4453125,2048.0,393.0,0.00390625,33.07138362599653,10.860818508997909,1.2814354689980973,40.931713523001235,86.25254453099478,0.0007453647026581441,0.006317345628736701,0.2242462172391579,0.023808498529554478,,
73,,,,,416850,429995,13145,423980,423981,423980.25,0.1364624798297882,0.001,0.142578125,1.0,73.0,0.01953125,1.0,10.0,0.2685038661584258,-0.052537749820787995,0.014037900883912309,0.018754389677789213,20.867797672748566,0.38015503867888034,1e-06,1.8461405038833618,4.0,-3.0,0.08203125,1.0,0.0,1.7641092538833618,3.0,-3.0,0.0,0.0,0.0,1.853082299232483,8.971263885498047,-3.0337765216827393,4.734068248524181e-09,0.9999997615814209,3.455589532852173,-6.808422088623047,4.734068248524181e-09,3.455589532852173,-6.808422088623047,75.54345703125,1024.0,17.0,0.00390625,752.54296875,2048.0,418.0,0.001953125,32.36187318700104,10.808080662995053,1.6557557790001738,40.296260435003205,85.22312384699762,0.0009763165731187796,0.006372985925049017,0.20917358713877332,0.023760694298262244,,
74,,,,,402541,441813,39272,422035,422035,422035.0,0.1446727067232132,0.001,0.119140625,1.0,61.0,0.025390625,1.0,13.0,0.1403814192604402,0.0428877632486923,0.001247452664317499,0.0027183737575200966,9.749376714229584,0.3839267633869226,1e-06,1.9429746866226196,4.0,-3.0,0.08642578125,1.0,0.0,1.8565489053726196,3.0,-3.0,0.0,0.0,0.0,1.9463320970535278,8.496963500976562,-3.0463743209838867,1.1757233409070977e-08,0.9999999403953552,7.272359371185303,-7.2397918701171875,1.1757233409070977e-08,7.272359371185303,-7.2397918701171875,70.974609375,1024.0,17.0,0.00244140625,753.3125,2048.0,389.0,0.0078125,32.04629563599883,10.845686258995556,1.304257408999547,39.71656629899371,84.02269379099744,0.0007726002636034611,0.006424636735694644,0.22046764932991297,0.023526820227584035,,
75,,,,,418738,444222,25484,431114,431115,431114.25,0.13762733340263367,0.001,0.11328125,1.0,58.0,0.033203125,1.0,17.0,0.10625399805472366,0.09777226021729543,0.0006314970565394365,-5.762715474182707e-05,3.9674899578094482,0.38350976010885046,1e-06,1.968264102935791,4.0,-3.0,0.07568359375,1.0,0.0,1.892580509185791,3.0,-3.0,0.0,0.0,0.0,1.9682563543319702,8.839998245239258,-3.0178465843200684,-6.083656689526151e-09,0.9999998807907104,3.8458571434020996,-7.568612575531006,-6.083656689526151e-09,3.8458571434020996,-7.568612575531006,68.58251953125,1024.0,1.0,0.00146484375,773.4375,2048.0,418.0,0.005859375,33.82374871600041,11.097488113002328,1.5223536120029166,40.63776145200245,87.20571556100185,0.0008828017236747084,0.006435352179267055,0.2408121255330842,0.02356554060321739,,
76,,,,,408052,452484,44432,435964,435965,435964.5,0.13931885361671448,0.001,0.140625,1.0,72.0,0.0234375,1.0,12.0,0.11175335797348193,-0.028967661916145256,0.0004965277704676348,5.7109796054127014e-05,5.23885053396225,0.37445243335361134,1e-06,1.8861511945724487,4.0,-3.0,0.09423828125,1.0,0.0,1.7919129133224487,3.0,-3.0,0.0,0.0,0.0,1.8805166482925415,8.580129623413086,-3.0546083450317383,-8.612634494475913e-10,0.9999997615814209,6.8398919105529785,-6.877799987792969,-8.612634494475913e-10,6.8398919105529785,-6.877799987792969,69.2060546875,1024.0,1.0,0.00048828125,782.287109375,2048.0,407.0,0.001953125,29.821979405001912,11.093959256002563,1.5895010089952848,42.06714025200199,84.67269288999523,0.0009114853439874604,0.006361733154879906,0.21040808419293827,0.02412303080411478,,
77,,,,,411486,439765,28279,428557,428557,428557.0,0.14613057672977448,0.001,0.146484375,1.0,75.0,0.01953125,1.0,10.0,0.1796651332406327,0.00938842332522784,0.0008866729601452659,-0.00011048938001424955,5.296417415142059,0.3757117894131901,1e-06,1.9157155752182007,4.0,-3.0,0.0966796875,1.0,0.0,1.8190358877182007,3.0,-3.0,0.0,0.0,0.0,1.9123444557189941,8.700700759887695,-3.035789728164673,-6.880301661738031e-09,0.9999998211860657,4.205842971801758,-7.2950825691223145,-6.880301661738031e-09,4.205842971801758,-7.2950825691223145,69.3046875,1024.0,3.0,0.0009765625,767.720703125,2048.0,399.0,0.005859375,30.637821830001485,10.924604337000346,1.5242132299972582,41.22276219299965,84.44134071499866,0.0008891543190271411,0.00637290041756426,0.2158565961419336,0.024047420875752616,,
78,,,,,412016,447072,35056,433146,433147,433146.75,0.14011606574058533,0.001,0.126953125,1.0,65.0,0.015625,1.0,8.0,0.12965537374839187,0.011997558060102165,0.0007358904352128905,0.002287090200460235,31.530567586421967,0.3814737200610724,1e-06,1.9123793840408325,4.0,-3.0,0.09814453125,1.0,0.0,1.8142348527908325,3.0,-3.0,0.0,0.0,0.0,1.909507393836975,6.668219566345215,-3.0616538524627686,-5.038848893690329e-09,0.9999998211860657,3.4687976837158203,-6.748153209686279,-5.038848893690329e-09,3.4687976837158203,-6.748153209686279,70.97412109375,1024.0,1.0,0.001953125,775.015625,2048.0,416.0,0.005859375,33.42712638199737,10.983585242000117,1.3142188080018968,41.030994399996416,86.8741336880048,0.0007585297638744241,0.0063394133985768784,0.2299688788276796,0.023681924428612482,,
79,,,,,416813,461903,45090,439437,439438,439437.5,0.13989189267158508,0.001,0.134765625,1.0,69.0,0.029296875,1.0,15.0,0.09817436759670575,-0.09272267798272273,0.0008739706303458661,9.247718256422862e-05,14.034331381320953,0.38336971721295826,1e-06,1.8143806457519531,4.0,-3.0,0.09033203125,1.0,0.0,1.7240486145019531,3.0,-3.0,0.0,0.0,0.0,1.8126434087753296,6.524033546447754,-3.0272669792175293,-9.504765863255216e-09,0.9999999403953552,7.054549217224121,-7.046004295349121,-9.504765863255216e-09,7.054549217224121,-7.046004295349121,73.6845703125,1024.0,1.0,0.00146484375,784.591796875,2048.0,389.0,0.001953125,29.628895615001966,11.281430963004823,2.1471587599953637,41.45716844999697,84.64659300299536,0.0012215381937109165,0.006418108925048968,0.1963400767033913,0.02358536108661469,,
80,1.8906115755438804,0.0875,1.8031115755438805,0.0,407375,425675,18300,418784,418785,418784.75,0.14410832524299622,0.001,0.103515625,1.0,53.0,0.015625,1.0,8.0,0.15564636197606369,0.08992197500940945,0.005391151151603221,0.0029767775007972625,18.835672795772552,0.3804848507276017,1e-06,1.8967924118041992,4.0,-3.0,0.07177734375,1.0,0.0,1.8250151872634888,3.0,-3.0,0.0,0.0,0.0,1.8984861373901367,9.688578605651855,-3.023496150970459,3.4781086899471347e-09,1.0,3.8797755241394043,-7.700378894805908,3.4781086899471347e-09,3.8797755241394043,-7.700378894805908,68.54833984375,1024.0,1.0,0.00244140625,749.390625,2048.0,393.0,0.001953125,24.82563222200406,10.625922101004107,1.6906922169946483,39.793681846000254,98.17281432500022,0.0010092847321891785,0.006343307690289646,0.17683711612901523,0.023755450649767126,7.469173270997999,13.659566964000987
81,,,,,421992,467188,45196,442584,442585,442584.75,0.13169890642166138,0.001,0.095703125,1.0,49.0,0.01953125,1.0,10.0,0.19544779546558858,0.0750592784024775,0.0012052024598233403,-0.003848951732288697,35.151612639427185,0.3872346452126606,1e-06,2.0311665534973145,4.0,-3.0,0.0810546875,1.0,0.0,1.950111985206604,3.0,-3.0,0.0,0.0,0.0,2.039437770843506,9.24647331237793,-3.0151145458221436,3.7023164534133457e-09,0.9999997019767761,4.18696928024292,-8.28648853302002,3.7023164534133457e-09,4.18696928024292,-8.28648853302002,72.44677734375,1024.0,16.0,0.00341796875,791.9765625,2048.0,399.0,0.0078125,35.213448105998395,11.322122744000808,1.3268545140017522,41.40053039600025,89.38123248199554,0.0007494917719158604,0.006395454624227794,0.2373337653988879,0.023385651220472602,,
82,,,,,411514,462466,50952,428372,428373,428372.75,0.14811968803405762,0.001,0.095703125,1.0,49.0,0.01953125,1.0,10.0,0.14825890739930087,-0.024751887431946295,0.010524683515541255,0.004426292723596346,3.6797314286231995,0.37278560587016296,1e-06,2.0206291675567627,4.0,-3.0,0.10791015625,1.0,0.0,1.9127190113067627,3.0,-3.0,0.0,0.0,0.0,2.0242133140563965,9.3450345993042,-3.026693344116211,1.0597684507729355e-08,0.9999998807907104,6.735996246337891,-5.7051591873168945,1.0597684507729355e-08,6.735996246337891,-5.7051591873168945,67.49169921875,1024.0,1.0,0.00244140625,769.173828125,2048.0,407.0,0.005859375,28.053990845000953,11.228072409998276,1.6002084860010655,41.59112081499916,82.61145980299625,0.0009338878850259881,0.006552746649966809,0.2029618142060363,0.024272739579606288,,
83,,,,,410896,428825,17929,419646,419646,419646.0,0.1368645578622818,0.001,0.107421875,1.0,55.0,0.025390625,1.0,13.0,0.17689586227892765,0.05932544028785612,0.000948386821879207,0.005357380482321007,3.842372715473175,0.38258043794653734,1e-06,2.0246076583862305,4.0,-3.0,0.095703125,1.0,0.0,1.9289045333862305,3.0,-3.0,0.0,0.0,0.0,2.0292227268218994,9.345494270324707,-3.0314793586730957,-1.1112532227741667e-08,0.9999998211860657,6.320601463317871,-7.996779441833496,-1.1112532227741667e-08,6.320601463317871,-7.996779441833496,69.728515625,1024.0,16.0,0.001953125,749.892578125,2048.0,414.0,0.005859375,32.14632394700311,11.276941196003463,1.2707986699970206,39.57760022099683,84.37913286600087,0.0007570658781431376,0.006718127419303093,0.22510800780792634,0.023577968228576485,,
84,,,,,419954,433297,13343,425290,425291,425290.75,0.11838378012180328,0.001,0.1015625,1.0,52.0,0.017578125,1.0,9.0,0.14273217510032868,-0.021328245913277248,0.0008758413834064933,0.00034572238808193233,3.8029590845108032,0.37370831795837134,1e-06,1.994438648223877,4.0,-3.0,0.07568359375,1.0,0.0,1.918755054473877,3.0,-3.0,0.0,0.0,0.0,2.010166645050049,9.359463691711426,-3.0380914211273193,-2.0163163583220012e-08,0.9999997615814209,4.072025299072266,-8.099575996398926,-2.0163163583220012e-08,4.072025299072266,-8.099575996398926,70.94677734375,1024.0,1.0,0.00439453125,759.69921875,2048.0,426.0,0.005859375,31.917086053996172,10.875056985998526,1.3172624739963794,41.08200290900277,85.31163768899569,0.0007743305456304772,0.006392718972843006,0.2196648707423738,0.024149363058685598,,
85,,,,,415908,432475,16567,424140,424140,424140.0,0.129330575466156,0.001,0.1015625,1.0,52.0,0.0234375,1.0,12.0,0.21648082480733766,0.02618464144300027,0.03475172970853425,-0.014659001263900226,7.401608228683472,0.3879587405144411,1e-06,2.0272369384765625,4.0,-3.0,0.09326171875,1.0,0.0,1.933975338935852,3.0,-3.0,0.0,0.0,0.0,2.0435659885406494,9.5199613571167,-3.023085355758667,-5.005343250985561e-09,1.0,4.073055267333984,-8.138113975524902,-5.005343250985561e-09,4.073055267333984,-8.138113975524902,71.44921875,1024.0,1.0,0.00439453125,756.94921875,2048.0,389.0,0.0078125,29.510798343995702,10.970841980997648,1.3764727970046806,39.54324490900035,81.52126403299917,0.0008113316340151133,0.006466521656173461,0.2016756761795125,0.023307896513533474,,
86,,,,,399608,453533,53925,431658,431659,431658.75,0.13831333816051483,0.001,0.08203125,1.0,42.0,0.015625,1.0,8.0,0.24956661851943604,-0.014958651412078845,0.04301778674250402,-0.016373026677423956,3.3764584064483643,0.3828994475702144,1e-06,1.9906781911849976,4.0,-3.0,0.07421875,1.0,0.0,1.9164594411849976,3.0,-3.0,0.0,0.0,0.0,1.9937801361083984,8.940634727478027,-3.0303475856781006,-9.886703900008342e-09,0.9999998807907104,5.6096577644348145,-8.374267578125,-9.886703900008342e-09,5.6096577644348145,-8.374267578125,72.34521484375,1024.0,17.0,0.00244140625,770.73828125,2048.0,416.0,0.001953125,26.971124030998908,11.265570964002109,1.3362528489960823,40.70815100400068,80.39181458600069,0.0007739058046408664,0.006524581607578966,0.1820368380162315,0.023576581619161364,,
87,,,,,427833,452057,24224,440042,440043,440042.5,0.11421730369329453,0.001,0.099609375,1.0,51.0,0.015625,1.0,8.0,0.3412484886959709,-0.05433736073559728,0.014661286021221494,-0.01597213338541694,9.519272208213806,0.3855833415247271,1e-06,1.9478294849395752,4.0,-3.0,0.0859375,1.0,0.0,1.8618919849395752,3.0,-3.0,0.0,0.0,0.0,1.9725027084350586,9.079755783081055,-3.044731378555298,-1.5724427981922418e-08,0.9999998211860657,4.781154632568359,-8.386540412902832,-1.5724427981922418e-08,4.781154632568359,-8.386540412902832,75.8115234375,1024.0,1.0,0.00732421875,783.646484375,2048.0,420.0,0.00390625,34.55805933499505,11.653676494999672,1.3533448239977588,41.33145678200526,89.0005521139974,0.0007688716567137031,0.006620767593470899,0.2225789912212586,0.02348151416170328,,
88,,,,,400088,446567,46479,429760,429761,429760.75,0.12420034408569336,0.001,0.1171875,1.0,60.0,0.01953125,1.0,10.0,0.2926965622343765,-0.0006018042532277519,0.0017171765633473366,-0.0018795646723572582,16.36781668663025,0.3836829609015803,1e-06,2.0219717025756836,4.0,-3.0,0.0869140625,1.0,0.0,1.9350577592849731,3.0,-3.0,0.0,0.0,0.0,2.0440280437469482,8.221028327941895,-3.039682388305664,-1.1394824639410217e-08,0.9999999403953552,4.182347297668457,-8.410530090332031,-1.1394824639410217e-08,4.182347297668457,-8.410530090332031,73.23193359375,1024.0,1.0,0.00732421875,766.14453125,2048.0,399.0,0.005859375,29.20705874200212,11.59616616099811,1.3101062760033528,40.46476123100001,82.70676580200234,0.0007621137318864932,0.006745710352212312,0.1947409886850967,0.02353912102896787,,
89,,,,,403132,439725,36593,425884,425885,425884.25,0.13394023478031158,0.001,0.095703125,1.0,49.0,0.013671875,1.0,7.0,0.18898935482138768,0.13119472023182815,0.0016138955584860273,-0.0009019009903568076,9.765516579151154,0.3682395083089368,1e-06,1.9759447574615479,4.0,-3.0,0.07421875,1.0,0.0,1.9017260074615479,3.0,-3.0,0.0,0.0,0.0,1.984440803527832,7.657354831695557,-3.036775827407837,-1.028155338644865e-08,0.9999998211860657,4.343760967254639,-4.3454670906066895,-1.028155338644865e-08,4.343760967254639,-4.3454670906066895,69.56689453125,1024.0,1.0,0.00390625,762.23828125,2048.0,393.0,0.001953125,25.575785166998685,10.909122554003261,1.8071491900045658,41.78644629700284,80.19167831099912,0.0010608218019359519,0.006403807228139606,0.17951320718310618,0.02452922730589523,,
90,1.8906115755438804,0.0875,1.8031115755438805,0.0,419281,429197,9916,425383,425384,425383.25,0.12834134697914124,0.001,0.095703125,1.0,49.0,0.025390625,1.0,13.0,0.12132908465407256,0.029479218466024446,0.0010884937281454249,2.2916280743499684e-06,45.251900255680084,0.3922117161016273,1e-06,1.9170136451721191,4.0,-3.0,0.09619140625,1.0,0.0,1.8208222389221191,3.0,-3.0,0.0,0.0,0.0,1.9334323406219482,8.895498275756836,-3.040879487991333,-1.1118310716540236e-08,0.9999998807907104,3.9239180088043213,-7.288074970245361,-1.1118310716540236e-08,3.9239180088043213,-7.288074970245361,75.05322265625,1024.0,16.0,0.0068359375,755.7734375,2047.0,419.0,0.0,30.27947272300662,10.906620428002498,1.4266404790032539,39.19358243500028,103.77115130199672,0.0008384442023770646,0.006409878872759151,0.19699219123803174,0.023034276993158687,7.39734940299968,14.43772324600286
91,,,,,413554,450796,37242,429648,429648,429648.0,0.11831580102443695,0.001,0.09765625,1.0,50.0,0.029296875,1.0,15.0,0.49291313885311994,0.013044350481192981,0.05061633345654367,-0.048817496045038364,104.54975879192352,0.38970663323558075,1e-06,1.8993479013442993,4.0,-3.0,0.0986328125,1.0,0.0,1.8007149696350098,3.0,-3.0,0.0,0.0,0.0,1.929571270942688,7.8325653076171875,-3.041001081466675,-2.1935159466579535e-08,0.9999999403953552,8.076740264892578,-8.048781394958496,-2.1935159466579535e-08,8.076740264892578,-8.048781394958496,77.443359375,1024.0,1.0,0.01123046875,761.712890625,2048.0,399.0,0.009765625,36.564970986000844,10.814986163000867,1.3671944579982664,39.935734476996004,88.82145380699512,0.0007955317248062754,0.0062929340780132036,0.23054255243247865,0.023237472580458888,,
92,,,,,429626,457947,28321,442975,442976,442975.5,0.11276398599147797,0.001,0.12890625,1.0,66.0,0.017578125,1.0,9.0,0.45155732257158626,-0.060029466436909776,0.02237599846141945,-0.02914787496531192,64.94366502761841,0.3776079011013676,1e-06,1.8873016834259033,4.0,-3.0,0.08349609375,1.0,0.0,1.8038055896759033,3.0,-3.0,0.0,0.0,0.0,1.9178943634033203,6.664825916290283,-3.0379960536956787,1.4616923227350753e-09,0.9999998807907104,5.295541286468506,-6.7267632484436035,1.4616923227350753e-09,5.295541286468506,-6.7267632484436035,81.5556640625,1024.0,1.0,0.0146484375,783.630859375,2048.0,416.0,0.001953125,30.705777057002706,11.172667295999418,1.4059080539955175,42.42791759400279,85.83051819200045,0.0007934457176500267,0.006305465706342347,0.18383830695222722,0.02394484435030989,,
93,,,,,426095,447826,21731,439203,439204,439203.25,0.11307685077190399,0.001,0.076171875,1.0,39.0,0.021484375,1.0,11.0,0.42628004706154266,-0.038042212215562664,0.0032028020689419162,0.0074122270534568695,71.4722009897232,0.3828503743942228,1e-06,1.9509690999984741,4.0,-3.0,0.08984375,1.0,0.0,1.8611253499984741,3.0,-3.0,0.0,0.0,0.0,1.9822466373443604,6.56205940246582,-3.0356523990631104,1.1459781568134986e-08,0.9999998211860657,4.435115337371826,-8.733270645141602,1.1459781568134986e-08,4.435115337371826,-8.733270645141602,83.21923828125,1024.0,1.0,0.01708984375,774.599609375,2048.0,389.0,0.001953125,33.28919301299902,11.607089324003027,1.4441761199996108,41.53924600299797,87.9827725560026,0.000822043165663967,0.006606900861960281,0.19532128762034948,0.023644659962669887,,
94,,,,,425148,443076,17928,433905,433906,433905.25,0.11563505977392197,0.001,0.095703125,1.0,49.0,0.033203125,1.0,17.0,0.42184419675419726,-0.05657277603944143,0.0013816080056130887,0.026049765539604173,41.26214098930359,0.37597451034785795,1e-06,2.029675245285034,4.0,-3.0,0.09814453125,1.0,0.0,1.9315308332443237,3.0,-3.0,0.0,0.0,0.0,2.0597150325775146,7.176520824432373,-3.041109800338745,-1.852136399804749e-08,0.9999998211860657,4.197371959686279,-8.253677368164062,-1.852136399804749e-08,4.197371959686279,-8.253677368164062,82.06298828125,1024.0,1.0,0.015625,765.408203125,2048.0,425.0,0.00390625,28.70422568500362,11.376838791999035,1.5844126880037948,41.71350514000369,83.49099086599745,0.0009128794178013488,0.006554909621397203,0.17079240582514874,0.024033763788294617,,
95,,,,,416897,440448,23551,431397,431398,431397.25,0.10869825631380081,0.001,0.07421875,1.0,38.0,0.025390625,1.0,13.0,0.38195456391007737,0.07129158573385713,0.013794140372393203,-0.01275211475387613,64.7695564031601,0.3683852332967505,1e-06,2.032032012939453,4.0,-3.0,0.09619140625,1.0,0.0,1.9358406066894531,3.0,-3.0,0.0,0.0,0.0,2.0728073120117188,7.439714431762695,-3.015587568283081,-1.6119244605761196e-08,0.9999999403953552,4.22054386138916,-8.256180763244629,-1.6119244605761196e-08,4.22054386138916,-8.256180763244629,81.35009765625,1024.0,12.0,0.01708984375,761.22265625,2048.0,402.0,0.005859375,38.83136422499956,10.902218915995036,1.6044954180033528,42.33950098400237,93.77846521599713,0.0009298247833078171,0.0063179696416673006,0.23307442288646535,0.024536260363274436,,
96,,,,,431222,453212,21990,440313,440314,440313.5,0.1179218590259552,0.001,0.109375,1.0,56.0,0.015625,1.0,8.0,0.43242691159248353,0.08721943457300464,0.009692283710076783,-0.017912424252184186,30.110875368118286,0.374046685706418,1e-06,2.017878770828247,4.0,-3.0,0.11572265625,1.0,0.0,1.902156114578247,3.0,-3.0,0.0,0.0,0.0,2.04413104057312,6.118610382080078,-3.0205018520355225,-1.2007425276294725e-08,0.9999995827674866,4.472850322723389,-7.77387809753418,-1.2007425276294725e-08,4.472850322723389,-7.77387809753418,84.3876953125,1024.0,1.0,0.01611328125,775.599609375,2048.0,414.0,0.009765625,28.950125499999558,11.560950275998039,1.3876366269978462,42.63366588599456,84.65297978900344,0.0007878685453647493,0.006564044865759305,0.1675102444076676,0.024206426719822673,,
97,,,,,415485,460513,45028,430528,430529,430528.25,0.13468514382839203,0.001,0.09375,1.0,48.0,0.025390625,1.0,13.0,0.40239425950908453,-0.02932916209101677,0.025170559081618256,-0.011343209756605261,16.086426436901093,0.38443119762453737,1e-06,1.9446920156478882,4.0,-3.0,0.09765625,1.0,0.0,1.8470357656478882,3.0,-3.0,0.0,0.0,0.0,1.961203932762146,6.436149597167969,-3.041447639465332,-1.693998719076717e-08,1.0,8.503756523132324,-8.463006019592285,-1.693998719076717e-08,8.503756523132324,-8.463006019592285,77.40869140625,1024.0,1.0,0.01025390625,763.466796875,2048.0,424.0,0.00390625,29.734361556002114,10.915460689997417,1.7893750200018985,40.482928161996824,83.03212736699788,0.0010390578434759498,0.006338411410864105,0.18755944538993216,0.02350770719575128,,
98,,,,,412797,439831,27034,428140,428141,428140.5,0.14975042641162872,0.001,0.080078125,1.0,41.0,0.01953125,1.0,10.0,0.0928412282872679,-0.06913740217818745,0.0009064627686581973,0.0015123041413452093,3.9348208904266357,0.3842528520204599,1e-06,1.991255283355713,4.0,-3.0,0.07666015625,1.0,0.0,1.914595127105713,3.0,-3.0,0.0,0.0,0.0,1.9882198572158813,5.574854850769043,-3.0373048782348633,2.1404579442219074e-08,0.9999998807907104,4.618110656738281,-4.607235431671143,2.1404579442219074e-08,4.618110656738281,-4.607235431671143,72.4013671875,1024.0,1.0,0.00439453125,763.810546875,2048.0,407.0,0.005859375,38.15361874399969,11.22528545899695,1.3455133530005696,40.270687780001026,91.10173958800442,0.000785672783233874,0.006554673909030417,0.257311393085958,0.023514878748915967,,
99,,,,,407177,438988,31811,426957,426958,426957.75,0.15600520372390747,0.001,0.072265625,1.0,37.0,0.025390625,1.0,13.0,0.14215731066984258,0.08234682465471062,0.0019843037152895704,-2.892757064338574e-05,4.848650693893433,0.33570721171381956,1e-06,2.113429546356201,4.0,-3.0,0.10107421875,1.0,0.0,2.012355327606201,3.0,-3.0,0.0,0.0,0.0,2.107325553894043,5.362006187438965,-3.0160183906555176,-2.6733262270539626e-09,0.9999999403953552,5.397928714752197,-9.311420440673828,-2.6733262270539626e-09,5.397928714752197,-9.311420440673828,66.88818359375,1024.0,16.0,0.00146484375,767.013671875,2048.0,399.0,0.00390625,26.014128360999166,10.781792819994735,1.3256195579961059,45.86892837599589,84.09792868400109,0.0007762006650518147,0.006313149732025437,0.1899021685342344,0.02685800197794506,,
100,1.8831115737557411,0.0875,1.7956115737557412,0.0,419736,446891,27155,434603,434603,434603.0,0.15076041221618652,0.001,0.083984375,1.0,43.0,0.025390625,1.0,13.0,0.1424970669405801,0.0768117029552481,0.0032137972448254004,0.0026178951204981005,24.62280833721161,0.38072098255934916,1e-06,1.9316362142562866,4.0,-3.0,0.0859375,1.0,0.0,1.8456987142562866,3.0,-3.0,0.0,0.0,0.0,1.9305377006530762,5.263758659362793,-3.042574882507324,1.3849200009019569e-08,1.0,5.334075450897217,-7.905735969543457,1.3849200009019569e-08,5.334075450897217,-7.905735969543457,68.861328125,1024.0,1.0,0.0029296875,779.97265625,2048.0,414.0,0.009765625,25.286919549005688,11.472794787994644,1.8194645269977627,41.289366144003,134.47430668599554,0.0010466244635896225,0.006599583290954413,0.17930424844006643,0.023751197152345357,7.5736034590008785,46.92642182700365
