infra,model_size,method,seed,checkpoint_step,v4_complete,v3_live,v3_non_live,v4_live,v4_live_format,v4_non_live,v4_non_live_format,v4_multi_turn,v4_multi_turn_format,v4_average,v4_average_format,v3_live_simple,v3_live_multiple,v3_live_parallel,v3_live_parallel_multiple,v3_non_live_simple,v3_non_live_multiple,v3_non_live_parallel,v3_non_live_parallel_multiple,source_model_id,run_id
haotian,1.5B,base,,0,True,10.584752035529238,15.145833333333334,9.32642487046632,0.3700962250185048,12.062500000000002,0.125,0.375,0.2075892857142857,7.254641623488774,0.23422850357759684,6.589147286821706,10.921177587844255,25.0,29.166666666666668,0.5833333333333334,12.0,14.0,34.0,base-1p5b,1.5b-base-s
haotian,1.5B,grpo,0,100,True,64.84085862324204,77.89583333333333,64.76683937823834,99.85196150999259,77.66666666666666,100.0,1.875,56.41778544613146,48.10283534830167,85.42324898537468,73.64341085271317,63.15289648622982,50.0,54.166666666666664,70.58333333333333,86.0,82.0,73.0,haotian-grpo-s0,1.5b-grpo-s0
haotian,1.5B,grpo,1,100,True,65.95114729829756,78.64583333333333,65.65507031828275,99.9259807549963,77.77083333333333,100.0,2.625,48.03038862857155,48.6836345505387,82.65212312785594,74.4186046511628,64.19753086419753,50.0,62.5,71.08333333333333,86.5,83.0,74.0,haotian-grpo-s1,1.5b-grpo-s1
haotian,1.5B,grpo,2,100,True,63.95262768319763,78.58333333333333,64.24870466321244,99.85196150999259,77.27083333333333,100.0,2.75,19.23968139273711,48.08984599884859,73.03054763424323,73.64341085271317,61.82336182336182,50.0,62.5,70.83333333333333,85.0,83.5,75.0,haotian-grpo-s2,1.5b-grpo-s2
haotian,1.5B,grpo,4,100,True,64.54478164322724,78.66666666666667,64.39674315321984,99.9259807549963,78.04166666666667,99.8125,3.125,55.5618829541249,48.521136606628836,85.10012123637374,73.25581395348837,62.7730294396961,50.0,58.333333333333336,72.66666666666667,86.0,83.0,73.0,haotian-grpo-s4,1.5b-grpo-s4
haotian,1.5B,grpo,5,100,True,65.58105107327906,78.60416666666667,64.91487786824575,99.85196150999259,79.45833333333333,99.75,2.375,36.96755646478557,48.91607040052636,78.85650599159271,75.5813953488372,63.4377967711301,50.0,62.5,70.91666666666667,87.0,83.0,73.5,haotian-grpo-s5,1.5b-grpo-s5
haotian,1.5B,gdpo,0,100,True,69.3560325684678,79.58333333333333,68.76387860843819,99.85196150999259,79.54166666666667,99.875,4.25,92.1792132518849,50.85184842503495,97.30205825395916,75.1937984496124,68.4710351377018,50.0,58.333333333333336,71.33333333333333,88.5,83.0,75.5,haotian-gdpo-s0,1.5b-gdpo-s0
haotian,1.5B,gdpo,1,100,True,68.24574389341228,81.20833333333333,68.5418208734271,100.0,80.79166666666666,100.0,5.0,87.59797273411303,51.444495846697926,95.86599091137101,75.5813953488372,66.95156695156695,43.75,62.5,71.33333333333333,89.5,85.5,78.5,haotian-gdpo-s1,1.5b-gdpo-s1
haotian,1.5B,gdpo,2,100,True,63.73056994818653,79.35416666666667,64.17468541820874,99.9259807549963,78.5625,100.0,5.125,88.91132322233697,49.28739513940291,96.27910132577776,66.27906976744185,63.15289648622982,56.25,66.66666666666667,69.91666666666667,88.0,81.5,78.0,haotian-gdpo-s2,1.5b-gdpo-s2
haotian,1.5B,gdpo,4,100,True,68.9119170984456,81.64583333333333,69.059955588453,99.9259807549963,80.83333333333333,100.0,3.7500000000000004,93.93026386146302,51.21442964059544,97.95208153881977,74.8062015503876,67.80626780626781,50.0,66.66666666666667,72.58333333333333,89.5,84.0,80.5,haotian-gdpo-s4,1.5b-gdpo-s4
haotian,1.5B,gdpo,5,100,True,64.32272390821613,75.89583333333333,64.69282013323465,100.0,76.79166666666667,100.0,5.625,94.38228881289487,49.036495599967104,98.12742960429829,67.82945736434108,63.81766381766382,50.0,58.333333333333336,64.58333333333333,86.5,78.0,74.5,haotian-gdpo-s5,1.5b-gdpo-s5
haotian,1.5B,dara,0,100,True,68.8378978534419,79.20833333333333,68.46780162842339,100.0,79.35416666666666,100.0,4.0,93.20658465901963,50.60732276503002,97.73552821967321,76.35658914728683,67.33143399810066,50.0,66.66666666666667,72.33333333333333,88.5,82.0,74.0,haotian-rdgdpo-symmetric-s0,1.5b-dara-s0
haotian,1.5B,dara,1,100,True,68.9119170984456,81.10416666666667,68.8378978534419,99.7039230199852,80.95833333333333,100.0,4.75,93.493421414651,51.51541039559174,97.73244814487873,75.96899224806202,67.61633428300095,50.0,62.5,70.41666666666667,89.0,84.0,81.0,haotian-rdgdpo-symmetric-s1,1.5b-dara-s1
haotian,1.5B,dara,2,100,True,69.5040710584752,80.79166666666667,69.43005181347151,99.9259807549963,81.14583333333334,99.875,5.875,89.4520327852649,52.15029504893495,96.41767118008707,75.1937984496124,68.4710351377018,50.0,66.66666666666667,72.16666666666667,88.0,84.0,79.0,haotian-rdgdpo-symmetric-s2,1.5b-dara-s2
haotian,1.5B,dara,4,100,True,69.80014803849001,81.27083333333333,69.2079940784604,99.9259807549963,80.02083333333333,100.0,5.0,94.10247718925613,51.40960913726458,98.00948598141747,76.74418604651163,68.4710351377018,50.0,66.66666666666667,71.58333333333333,90.0,85.0,78.5,haotian-rdgdpo-symmetric-s4,1.5b-dara-s4
haotian,1.5B,dara,5,100,True,66.76535899333827,78.91666666666667,66.17320503330866,100.0,79.75,100.0,4.625,93.60062722221143,50.182735011102885,97.86687574073714,70.93023255813954,66.19183285849952,50.0,58.333333333333336,70.66666666666667,87.5,81.5,76.0,haotian-rdgdpo-symmetric-s5,1.5b-dara-s5
haotian,1.5B,rvpo,0,100,True,66.39526276831977,77.54166666666667,66.69133974833457,99.9259807549963,77.54166666666666,100.0,5.625,92.84003623130542,49.952668805000414,97.58867232876725,70.54263565891473,65.8119658119658,43.75,62.5,69.66666666666667,86.0,79.5,75.0,haotian-rvpo-s0,1.5b-rvpo-s0
haotian,1.5B,rvpo,1,100,True,69.8741672834937,79.83333333333333,69.8741672834937,99.9259807549963,79.70833333333334,100.0,4.5,95.15737194411165,51.36083353894235,98.36111756636932,75.1937984496124,68.94586894586895,50.0,66.66666666666667,71.83333333333333,87.5,84.0,76.0,haotian-rvpo-s1,1.5b-rvpo-s1
haotian,1.5B,rvpo,2,100,True,69.3560325684678,79.79166666666667,69.80014803849001,99.85196150999259,79.3125,100.0,4.5,84.79983608418374,51.20421601283,94.8839325313921,76.74418604651163,68.09116809116809,50.0,58.333333333333336,71.16666666666667,88.5,83.0,76.5,haotian-rvpo-s2,1.5b-rvpo-s2
haotian,1.5B,dvao,0,100,True,66.83937823834196,80.3125,67.20947446336048,100.0,79.4375,100.0,4.0,90.42491768936671,50.21565815445349,96.80830589645556,70.93023255813954,66.28679962013295,50.0,58.333333333333336,72.75,89.5,82.0,77.0,haotian-dvao-s0,1.5b-dvao-s0
haotian,1.5B,dvao,1,100,True,67.65358993338268,80.0625,67.13545521835678,4.811250925240563,79.04166666666667,1.7083333333333333,1.625,46.82778449809331,49.26737396167448,17.782456252222403,72.48062015503876,66.85660018993352,50.0,62.5,71.75,87.0,82.5,79.0,haotian-dvao-s1,1.5b-dvao-s1
haotian,1.5B,dvao,2,100,True,68.17172464840858,77.97916666666667,68.09770540340489,99.55588452997779,77.95833333333333,99.125,4.25,78.68483978777073,50.102012912246074,92.4552414392495,72.48062015503876,67.33143399810066,56.25,66.66666666666667,71.91666666666667,86.5,82.0,71.5,haotian-dvao-s2,1.5b-dvao-s2
haotian,1.5B,gd2po_hard,0,100,True,68.6898593634345,81.02083333333333,69.2820133234641,100.0,80.47916666666667,100.0,4.125,89.4792990097087,51.295393330043595,96.49309966990289,74.8062015503876,67.61633428300095,50.0,62.5,71.58333333333333,88.0,85.0,79.5,haotian-gd2po-hard-s0,1.5b-gd2po_hard-s0
haotian,1.5B,gd2po_hard,1,100,True,67.80162842339008,80.27083333333333,68.39378238341969,99.9259807549963,79.39583333333333,100.0,5.875,86.74420718608623,51.221538572251,95.55672931369418,72.48062015503876,67.04653371320038,50.0,62.5,71.58333333333333,87.0,81.5,81.0,haotian-gd2po-hard-s1,1.5b-gd2po_hard-s1
haotian,1.5B,gd2po_hard,2,100,True,66.98741672834937,80.22916666666667,66.69133974833457,0.22205773501110287,79.875,0.0,2.75,35.440800846930436,49.77211324944486,11.887619527313847,72.86821705426357,65.62203228869896,50.0,75.0,71.41666666666667,86.5,82.5,80.5,haotian-gd2po-hard-s2,1.5b-gd2po_hard-s2
haotian,1.5B,gdpo_saw,0,100,True,69.72612879348631,80.79166666666667,69.94818652849742,99.9259807549963,79.52083333333333,100.0,3.75,95.83531957783002,51.07300662061025,98.5871001109421,76.35658914728683,68.4710351377018,50.0,66.66666666666667,71.66666666666667,89.0,82.5,80.0,haotian-gdpo-saw-s0,1.5b-gdpo_saw-s0
haotian,1.5B,gdpo_saw,1,100,True,69.8741672834937,80.22916666666667,70.61435973353072,100.0,79.20833333333334,100.0,2.875,91.98153197660766,50.89923102228801,97.32717732553589,75.1937984496124,69.1358024691358,43.75,62.5,70.91666666666667,89.0,81.5,79.5,haotian-gdpo-saw-s1,1.5b-gdpo_saw-s1
haotian,1.5B,gdpo_saw,2,100,True,68.6158401184308,81.1875,68.76387860843819,99.9259807549963,80.9375,100.0,4.375,92.74503694032758,51.358792869479394,97.55700589844129,74.8062015503876,67.52136752136752,50.0,62.5,72.25,90.5,85.0,77.0,haotian-gdpo-saw-s2,1.5b-gdpo_saw-s2
haotian,3B,base,,0,True,59.21539600296077,46.395833333333336,47.66839378238342,54.92227979274611,36.22916666666667,34.229166666666664,1.7500000000000002,9.16113785987423,28.54918681635003,32.770861439762335,48.83720930232558,63.05792972459639,25.0,25.0,55.583333333333336,82.0,19.0,29.0,base-3b,3b-base-s
haotian,3B,grpo,0,100,True,70.17024426350851,81.875,69.2079940784604,99.9259807549963,81.27083333333334,100.0,7.75,69.54360818645216,52.74294247059791,89.82319631381615,63.565891472868216,72.07977207977208,68.75,58.333333333333336,75.0,92.0,79.0,81.5,haotian-3b-grpo-s0,3b-grpo-s0
haotian,3B,grpo,1,100,True,69.6521095484826,82.16666666666667,69.2820133234641,99.85196150999259,82.6875,99.85416666666667,6.625,68.9513349911379,52.86483777448804,89.55248772259905,64.72868217054264,71.1301044634378,68.75,58.333333333333336,73.66666666666667,92.5,82.0,80.5,haotian-3b-grpo-s1,3b-grpo-s1
haotian,3B,grpo,2,100,True,68.76387860843819,81.5,69.43005181347151,99.6299037749815,81.47916666666667,99.54166666666666,5.5,66.41919675016231,52.13640616004606,88.53025573060349,62.7906976744186,70.4653371320038,68.75,58.333333333333336,74.5,92.0,80.5,79.0,haotian-3b-grpo-s2,3b-grpo-s2
haotian,3B,grpo,4,100,True,69.2820133234641,82.95833333333333,68.9859363434493,99.7039230199852,81.0625,99.79166666666667,6.125,67.85336472538401,52.057812114483106,89.1163181373453,64.72868217054264,70.75023741690408,68.75,54.166666666666664,75.83333333333333,91.0,83.0,82.0,haotian-3b-grpo-s4,3b-grpo-s4
haotian,3B,grpo,5,100,True,70.76239822353811,82.47916666666667,69.65210954848261,99.7779422649889,82.8125,100.0,6.625,60.52418444205308,53.029869849494204,86.76737556901399,67.44186046511628,71.88983855650523,68.75,58.333333333333336,74.41666666666667,93.0,83.0,79.5,haotian-3b-grpo-s5,3b-grpo-s5
haotian,3B,gdpo,0,100,True,68.39378238341969,83.5,68.39378238341969,100.0,82.60416666666667,100.0,8.0,89.68175126799409,52.99931635002878,96.56058375599802,62.4031007751938,70.18043684710351,75.0,50.0,74.5,94.0,83.0,82.5,haotian-3b-gdpo-s0,3b-gdpo-s0
haotian,3B,gdpo,1,100,True,68.9859363434493,82.8125,69.1339748334567,99.9259807549963,82.79166666666666,100.0,11.125,91.60314879189033,54.35021383337445,97.17637651562889,64.72868217054264,70.08547008547009,75.0,62.5,72.25,93.0,84.0,82.0,haotian-3b-gdpo-s1,3b-gdpo-s1
haotian,3B,gdpo,2,100,True,69.2820133234641,82.60416666666667,69.059955588453,100.0,81.85416666666667,100.0,7.375,85.79440073309577,52.763040751706555,95.26480024436526,64.72868217054264,70.75023741690408,68.75,54.166666666666664,74.91666666666667,93.5,82.5,79.5,haotian-3b-gdpo-s2,3b-gdpo-s2
haotian,3B,gdpo,4,100,True,71.13249444855663,84.14583333333333,70.98445595854922,99.9259807549963,84.0625,100.0,9.875,91.1746809013159,54.9739853195164,97.0335538854374,67.82945736434108,72.26970560303894,68.75,58.333333333333336,76.08333333333333,93.5,84.5,82.5,haotian-3b-gdpo-s4,3b-gdpo-s4
haotian,3B,gdpo,5,100,True,68.9119170984456,81.70833333333333,68.9119170984456,99.7779422649889,81.70833333333334,100.0,9.0,90.67923859478529,53.20675014392631,96.8190602865914,65.89147286821705,69.89553656220323,75.0,54.166666666666664,73.33333333333333,92.0,83.5,78.0,haotian-3b-gdpo-s5,3b-gdpo-s5
haotian,3B,dara,0,100,True,69.94818652849742,82.35416666666667,69.80014803849001,100.0,82.27083333333334,100.0,8.25,91.63797740644493,53.44032712394111,97.21265913548164,67.44186046511628,71.03513770180437,75.0,45.833333333333336,74.91666666666667,93.0,83.0,78.5,haotian-3b-rdgdpo-symmetric-s0,3b-dara-s0
haotian,3B,dara,1,100,True,69.80014803849001,82.47916666666667,71.05847520355293,99.9259807549963,83.08333333333333,100.0,8.125,94.67431577817607,54.088936178962086,98.2000988443908,66.66666666666667,70.75023741690408,68.75,62.5,74.41666666666667,92.0,83.5,80.0,haotian-3b-rdgdpo-symmetric-s1,3b-dara-s1
haotian,3B,dara,2,100,True,70.76239822353811,84.29166666666667,70.76239822353811,100.0,83.75,100.0,10.25,89.04155320464082,54.92079940784605,96.34718440154694,68.21705426356588,71.60493827160494,68.75,62.5,74.66666666666667,93.0,85.0,84.5,haotian-3b-rdgdpo-symmetric-s2,3b-dara-s2
haotian,3B,dara,4,100,True,72.09474463360473,82.41666666666667,71.35455218356773,100.0,82.20833333333333,100.0,9.875,91.12536348829808,54.479295172300354,97.04178782943269,70.54263565891473,72.93447293447294,75.0,50.0,74.16666666666667,92.5,83.0,80.0,haotian-3b-rdgdpo-symmetric-s4,3b-dara-s4
haotian,3B,dara,5,100,True,69.43005181347151,83.33333333333333,68.9859363434493,99.9259807549963,83.9375,100.0,8.5,91.9697028275742,53.8078121144831,97.29856119419017,65.11627906976744,70.65527065527066,68.75,62.5,75.33333333333333,92.0,84.0,82.0,haotian-3b-rdgdpo-symmetric-s5,3b-dara-s5
